DATE,TE,CO,NO,NO2,O3,CO2,T,RH,PM1.0,PM2.5,PM10,AQHI,NO2_contrib,O3_contrib,PM25_contrib,Top_AQHI_Contributor
2025-05-21T04:24:03,21.97,504.8670000000001,12.951,10.0485,15.431999999999999,426.0,21.0,37.8,0.0,0.08,0.26,2,0.5125438363994526,0.48518453608759604,0.002271627512951386,NO2
2025-05-21T04:25:03,21.97,504.49300000000005,12.294,9.849000000000002,15.0,426.0,21.0,37.8,0.0,0.25,0.3,2,0.5123085197406149,0.4829611415170669,0.004730338742318149,NO2
2025-05-21T04:26:03,21.95,501.0280000000001,12.96,10.027500000000002,14.676,426.0,21.0,37.8,0.0,0.09,0.11,2,0.5162969200909446,0.47966892763661945,0.004034152272435977,NO2
2025-05-21T04:27:03,21.95,498.59700000000004,11.772,9.7965,15.911999999999999,426.0,21.0,37.8,0.0,0.11,0.12,2,0.511685237289265,0.484513758094356,0.0038010046163790695,NO2
2025-05-21T04:28:03,21.93,516.549,11.997,10.227,15.072,426.0,21.0,37.8,0.0,0.04,0.04,2,0.5140500090581073,0.4826841888430564,0.00326580209883632,NO2
2025-05-21T04:29:04,21.92,515.801,13.518,9.880500000000001,14.808,426.0,21.0,37.8,0.0,0.01,0.01,2,0.5149712607710529,0.4822494551207784,0.002779284108168636,NO2
2025-05-21T04:30:04,21.92,507.62800000000004,12.114,8.8725,15.815999999999999,426.0,21.0,37.8,0.0,0.22,0.45,2,0.5091681851931757,0.487530778288068,0.0033010365187562556,NO2
2025-05-21T04:31:04,21.9,512.182,12.348,10.206000000000001,15.035999999999998,426.0,21.0,37.8,0.0,0.48,0.64,2,0.5101717304029935,0.4852207314167265,0.00460753818028005,NO2
2025-05-21T04:32:04,21.9,512.9630000000001,11.079,10.185,15.419999999999998,425.84,21.0,37.8,0.0,0.35,0.4,2,0.5104051974717397,0.48439582573067197,0.005198976797588351,NO2
2025-05-21T04:33:05,21.9,508.59600000000006,12.474,10.384500000000001,14.7,425.91,21.0,37.8,0.0,0.11,0.13,2,0.5126202928497334,0.4823877741131271,0.004991933037139458,NO2
2025-05-21T04:34:05,21.9,508.22200000000004,12.141,9.849000000000002,14.088,425.97,21.0,37.8,0.0,0.16,0.39,2,0.514051599408718,0.4809746407681446,0.004973759823137421,NO2
2025-05-21T04:35:06,21.9,506.56100000000004,12.951,8.966999999999999,17.28,425.99,21.0,37.8,0.0,0.05,0.33,2,0.5091587613117246,0.48616829018062496,0.004672948507650467,NO2
2025-05-21T04:36:06,21.9,513.6560000000001,12.096,9.7965,15.504,426.0,21.0,37.8,0.0,0.04,0.14,2,0.5088837998979706,0.48671450175858955,0.0044016983434398095,NO2
2025-05-21T04:37:06,21.9,513.172,10.232999999999999,9.933000000000002,15.084,426.0,21.0,37.8,0.0,0.14,0.18,2,0.5092800830187182,0.48634421908514036,0.004375697896141426,NO2
2025-05-21T04:38:06,21.9,515.1410000000001,11.709,9.555,16.608,426.0,21.0,37.7,0.0,0.13,0.14,2,0.5073407867106381,0.4883335503907143,0.004325662898647646,NO2
2025-05-21T04:39:06,21.9,512.556,10.8,10.1325,15.288,426.0,21.0,37.8,0.0,0.3,0.37,2,0.5077485195507219,0.4876627609635879,0.004588719485690266,NO2
2025-05-21T04:40:06,21.9,508.156,13.257000000000001,9.219,15.384,426.0,21.0,37.8,0.02,0.46,0.63,2,0.506509298690498,0.4883887811594776,0.005101920150024435,NO2
2025-05-21T04:41:06,21.9,511.76400000000007,10.332,9.2085,15.684,426.0,21.0,37.8,0.01,0.15,0.21,2,0.5053709546338573,0.489565029464604,0.005064015901538725,NO2
2025-05-21T04:42:07,21.9,510.7300000000001,11.376000000000001,9.807,15.192,426.0,21.0,37.8,0.0,0.16,0.44,2,0.5055700656299729,0.48938890425406634,0.0050410301159607455,NO2
2025-05-21T04:43:08,21.9,502.38100000000003,11.673,9.471,16.032,426.0,21.0,37.8,0.0,0.06,0.16,2,0.5047121514381272,0.49041296919160143,0.004874879370271387,NO2
2025-05-21T04:44:08,21.9,511.70900000000006,13.113000000000001,10.027500000000002,14.147999999999998,426.0,21.0,37.8,0.0,0.07,0.1,2,0.5060596799651307,0.48919502638166795,0.004745293653201386,NO2
2025-05-21T04:45:08,21.9,511.15900000000005,11.997,9.2505,14.988,426.0,21.0,37.8,0.0,0.1,0.11,2,0.5057410173373905,0.48958980758343923,0.004669175079170274,NO2
2025-05-21T04:46:08,21.9,504.0640000000001,13.824,9.355500000000001,15.312,426.0,21.0,37.8,0.0,0.32,0.32,2,0.5051984392547728,0.4899303643072826,0.00487119643794456,NO2
2025-05-21T04:47:08,21.9,509.52000000000004,13.932,10.3215,13.188,426.0,21.0,37.8,0.0,0.13,0.13,2,0.5072921628483078,0.48787524930959564,0.0048325878420966105,NO2
2025-05-21T04:48:09,21.9,512.864,13.536,9.6075,13.812,426.0,21.0,37.8,0.0,0.05,0.05,2,0.5081291634405244,0.4871629025439718,0.00470793401550376,NO2
2025-05-21T04:49:04,21.9,503.624,12.762,9.8175,13.656,426.0,21.0,37.8,0.0,0.11,0.4,2,0.5091774348529146,0.48616454323533836,0.004658021911747092,NO2
2025-05-21T04:50:04,21.89,510.11400000000003,12.825000000000001,9.502500000000001,14.939999999999998,426.0,21.0,37.8,0.0,0.03,0.14,2,0.5091118720534924,0.4863664825470092,0.004521645399498428,NO2
2025-05-21T04:51:04,21.89,507.76000000000005,13.599,9.03,15.36,426.0,21.0,37.7,0.0,0.44,0.48,2,0.5081524377298088,0.48702689452075143,0.0048206677494398,NO2
2025-05-21T04:52:04,21.89,508.3760000000001,12.249,10.300500000000001,14.783999999999999,426.0,21.0,37.8,0.0,0.28,0.29,2,0.5087965194582332,0.4862719985871682,0.004931481954598653,NO2
2025-05-21T04:53:09,21.89,510.6530000000001,12.888,10.279499999999999,14.58,426.0,20.9,37.8,0.0,0.21,0.21,2,0.5095251857564715,0.4855062291989768,0.004968585044551656,NO2
2025-05-21T04:54:05,21.89,509.68500000000006,11.826,9.6495,15.347999999999999,426.0,20.9,37.8,0.07,0.66,0.66,2,0.509061798690958,0.48551414169781737,0.005424059611224652,NO2
2025-05-21T04:55:05,21.89,511.2030000000001,13.347,9.355500000000001,16.152,426.0,20.9,37.7,0.12,0.74,0.74,2,0.5079424973527308,0.48613668367566315,0.005920818971606099,NO2
2025-05-21T04:56:05,21.9,514.558,13.113000000000001,9.3135,15.732,426.0,20.9,37.8,0.04,0.63,0.63,2,0.5071170606194049,0.48658930861635774,0.006293630764237416,NO2
2025-05-21T04:57:05,21.9,525.283,12.132000000000001,9.555,14.604,426.0,20.9,37.8,0.01,0.46,0.46,2,0.50713961223674,0.48635558055713857,0.006504807206121425,NO2
2025-05-21T04:58:05,21.89,521.84,14.022,10.311,13.572000000000001,426.0,20.9,37.7,0.0,0.44,0.44,2,0.5082094486469902,0.48510409144711913,0.006686459905890645,NO2
2025-05-21T04:59:06,21.89,518.958,12.501000000000001,9.911999999999999,15.096,426.0,20.9,37.8,0.0,0.43,0.66,2,0.5082444982336138,0.4849107446708121,0.006844757095574092,NO2
2025-05-21T05:00:06,21.89,498.28900000000004,12.519,9.765,14.28,426.0,20.9,37.7,0.0,0.45,0.55,2,0.50852915720541,0.4844544410521967,0.007016401742393212,NO2
2025-05-21T05:01:07,21.89,519.068,12.753,10.353,14.388,426.0,20.9,37.8,0.0,0.21,0.25,2,0.5092437409703291,0.48376561315575806,0.006990645873912862,NO2
2025-05-21T05:02:07,21.89,520.047,11.879999999999999,10.059000000000001,13.68,426.0,20.9,37.7,0.0,0.07,0.09,2,0.5100799336373726,0.4830505959916735,0.006869470370953899,NO2
2025-05-21T05:03:07,21.89,512.479,10.197000000000001,8.2635,17.232,426.29,20.9,37.8,0.0,0.41,0.41,2,0.5081333624766949,0.4848706119998737,0.006996025523431345,NO2
2025-05-21T05:04:07,21.89,503.58000000000004,9.126000000000001,9.597000000000001,15.156,426.75,20.9,37.8,0.0,0.22,0.22,2,0.5080195959164285,0.4849982055077418,0.006982198575829687,NO2
2025-05-21T05:05:07,21.89,501.78700000000003,10.413,9.324000000000002,16.404,426.35,20.9,37.7,0.0,0.11,0.11,2,0.5072949154819819,0.4858159304647885,0.006889154053229543,NO2
2025-05-21T05:06:07,21.89,501.43500000000006,10.476,8.8305,15.803999999999998,426.12,20.9,37.8,0.0,0.14,0.14,2,0.5065257690754296,0.48664641853981705,0.006827812384753447,NO2
2025-05-21T05:07:07,21.89,504.70200000000006,10.782,8.977500000000001,14.723999999999998,426.09,20.9,37.7,0.0,0.18,0.18,2,0.5062656104753543,0.48693473423885614,0.006799655285789553,NO2
2025-05-21T05:08:07,21.89,500.665,11.853,9.5235,15.192,426.03,20.9,37.8,0.0,0.11,0.11,2,0.5061837370450151,0.4870951473639933,0.006721115590991621,NO2
2025-05-21T05:09:09,21.89,500.148,13.914000000000001,9.2505,16.056,426.45,20.9,37.8,0.0,0.31,0.31,2,0.5055799629208755,0.48765034322836753,0.00676969385075701,NO2
2025-05-21T05:10:09,21.89,512.3800000000001,12.438,9.355500000000001,14.808,426.81,20.9,37.7,0.0,0.1,0.1,2,0.5055600290912161,0.48774796925531017,0.006692001653473729,NO2
2025-05-21T05:11:09,21.89,506.968,13.446,10.573500000000001,14.556000000000001,426.93,20.9,37.8,0.0,0.03,0.03,2,0.5063069278907258,0.4871254843839435,0.006567587725330695,NO2
2025-05-21T05:12:09,21.89,510.774,12.456,9.807,15.011999999999999,426.94,20.9,37.7,0.0,0.33,0.33,2,0.5063748597554796,0.4869963678655368,0.006628772378983633,NO2
2025-05-21T05:13:09,21.89,500.28000000000003,11.079,9.691500000000001,14.927999999999999,426.44,20.9,37.8,0.0,0.1,0.1,2,0.5064755510304257,0.4869687984779318,0.006555650491642422,NO2
2025-05-21T05:14:10,21.88,501.32500000000005,11.088000000000001,10.6995,13.703999999999999,426.15,20.9,37.7,0.0,0.08,0.08,2,0.5074834882971518,0.4860441765347405,0.0064723351681075835,NO2
2025-05-21T05:15:10,21.89,499.97200000000004,11.645999999999999,9.964500000000001,14.424,426.05,20.9,37.7,0.0,0.1,0.1,2,0.5078541592794914,0.4857405989012155,0.006405241819293147,NO2
2025-05-21T05:16:10,21.89,500.26900000000006,11.367,10.2585,15.12,426.02,20.9,37.7,0.0,0.03,0.03,2,0.508157830946719,0.4855442497534751,0.006297919299805914,NO2
2025-05-21T05:17:10,21.88,496.91400000000004,10.908,9.66,14.76,426.01,20.9,37.7,0.0,0.01,0.01,2,0.5082791053181869,0.48553200260509427,0.006188892076718832,NO2
2025-05-21T05:18:10,21.88,502.04,12.366,10.636500000000002,12.264000000000001,426.0,20.9,37.7,0.0,0.0,0.0,2,0.5096046845988556,0.4843135599341245,0.006081755467019968,NO2
2025-05-21T05:19:10,21.88,500.863,12.924,9.1875,14.052000000000001,425.54,20.9,37.8,0.0,0.23,0.23,2,0.509629265801836,0.4842714317347283,0.006099302463435691,NO2
2025-05-21T05:20:10,21.89,506.67100000000005,11.466000000000001,10.038,14.243999999999998,425.19,20.9,37.7,0.0,0.09,0.3,2,0.5100188751073985,0.48394154732250955,0.0060395775700919745,NO2
2025-05-21T05:21:10,21.88,502.70000000000005,11.610000000000001,9.975,14.112,425.07,20.9,37.7,0.0,0.03,0.16,2,0.5104202962941603,0.48362704283585534,0.00595266086998441,NO2
2025-05-21T05:22:10,21.88,507.738,11.259,9.933000000000002,14.472,425.32,20.9,37.7,0.0,0.01,0.05,2,0.5106939761849995,0.4834481715851351,0.005857852229865456,NO2
2025-05-21T05:23:11,21.88,517.957,10.998000000000001,9.491999999999999,14.712,425.11,20.9,37.7,0.0,0.05,0.17,2,0.510693019870236,0.4835199704685612,0.005787009661202834,NO2
2025-05-21T05:24:12,21.88,516.3290000000001,11.997,9.166500000000001,15.995999999999999,425.04,20.9,37.7,0.0,0.26,0.3,2,0.5101543504892067,0.48402956188906326,0.005816087621730101,NO2
2025-05-21T05:25:07,21.87,528.9350000000001,12.816,9.166500000000001,15.419999999999998,425.02,20.9,37.8,0.0,0.09,0.15,2,0.5098276834716787,0.48440595541331377,0.005766361115007553,NO2
2025-05-21T05:26:07,21.87,521.488,12.51,9.513000000000002,15.216,425.43,20.9,37.8,0.0,0.35,0.56,2,0.5096454620406642,0.4845175503908758,0.005836987568460009,NO2
2025-05-21T05:27:07,21.88,522.379,11.673,10.479000000000001,13.38,425.8,20.9,37.8,0.0,0.36,0.43,2,0.5103312495779075,0.48375800413152664,0.005910746290565806,NO2
2025-05-21T05:28:07,21.87,525.283,11.538,9.9435,13.956000000000001,425.93,20.9,37.7,0.0,0.12,0.14,2,0.5106918072200547,0.4834323222567136,0.005875870523231691,NO2
2025-05-21T05:29:07,21.87,524.667,12.096,9.219,14.172,425.98,20.9,37.7,0.0,0.04,0.05,2,0.5107222977578892,0.48346815913687197,0.00580954310523878,NO2
2025-05-21T05:30:08,21.87,529.705,11.565,9.586500000000001,14.604,425.38,20.9,37.7,0.0,0.01,0.02,2,0.5107931362834677,0.4834776703432505,0.005729193373281823,NO2
2025-05-21T05:31:08,21.87,528.5500000000001,12.564000000000002,9.555,14.591999999999999,425.13,20.9,37.7,0.0,0.0,0.29,2,0.5108551089515609,0.483497847115181,0.005647043933258106,NO2
2025-05-21T05:32:08,21.87,520.6850000000001,12.276000000000002,9.7335,15.047999999999998,425.48,20.9,37.7,0.0,0.05,0.19,2,0.5108614427043392,0.48355220588153947,0.005586351414121346,NO2
2025-05-21T05:33:08,21.87,522.1370000000001,11.961,9.765,15.12,425.24,20.9,37.8,0.0,0.02,0.06,2,0.5108685288758591,0.48361686707815665,0.0055146040459842826,NO2
2025-05-21T05:34:08,21.86,509.47600000000006,13.203,8.977500000000001,16.608,425.55,20.9,37.7,0.0,0.3,0.57,2,0.5101819783642209,0.4842588976292062,0.005559124006572894,NO2
2025-05-21T05:35:09,21.85,514.558,11.925,10.08,14.315999999999999,425.84,20.9,37.8,0.0,0.45,0.64,2,0.5104075210962832,0.4839282102976519,0.005664268606064939,NO2
2025-05-21T05:36:09,21.84,510.10300000000007,12.231,9.324000000000002,15.299999999999999,425.94,20.9,37.8,0.0,0.27,0.33,2,0.5101723996396701,0.48413219434290683,0.0056954060174231,NO2
2025-05-21T05:37:09,21.83,516.153,12.357000000000001,9.5235,14.664,425.98,20.9,37.7,0.0,0.37,0.5,2,0.5101357149348467,0.4840984702741959,0.005765814790957418,NO2
2025-05-21T05:38:09,21.82,512.9960000000001,12.482999999999999,10.542,14.46,425.99,20.9,37.8,0.0,0.21,0.25,2,0.5105279509879624,0.48370338692840276,0.005768662083634859,NO2
2025-05-21T05:39:09,21.8,516.142,11.295000000000002,9.5655,15.347999999999999,426.0,20.9,37.8,0.0,0.19,0.21,2,0.5103878899142614,0.4838466115069419,0.005765498578796675,NO2
2025-05-21T05:40:09,21.8,503.72300000000007,13.437,10.290000000000001,13.331999999999999,426.0,20.9,37.7,0.0,0.06,0.07,2,0.5109543730278617,0.4833302828865938,0.005715344085544413,NO2
2025-05-21T05:41:09,21.8,507.2100000000001,13.077,9.429,14.604,426.0,20.9,37.8,0.0,0.23,0.23,2,0.5109180229144725,0.4833518031085929,0.005730173976934599,NO2
2025-05-21T05:42:10,21.8,517.1320000000001,12.978,9.6285,14.819999999999999,426.0,20.9,37.8,0.0,0.11,0.11,2,0.5109250555043505,0.48337579736332054,0.0056991471323289775,NO2
2025-05-21T05:43:10,21.8,518.188,13.482000000000001,10.185,14.399999999999999,426.0,20.9,37.8,0.0,0.29,0.29,2,0.5111651328414748,0.4831016053950909,0.005733261763434289,NO2
2025-05-21T05:44:10,21.8,520.575,11.817,9.954,14.435999999999998,426.0,20.9,37.8,0.0,0.18,0.18,2,0.511338590856191,0.48293362287917246,0.005727786264636486,NO2
2025-05-21T05:45:10,21.8,518.9910000000001,12.492,9.870000000000001,13.968,426.0,20.9,37.8,0.0,0.33,0.47,2,0.5115490123590439,0.48267391788782077,0.005777069753135336,NO2
2025-05-21T05:46:10,21.8,528.869,12.294,9.996,13.643999999999998,426.0,20.9,37.8,0.0,0.19,0.24,2,0.5118839198150079,0.48233973469925756,0.00577634548573456,NO2
2025-05-21T05:47:10,21.8,518.881,11.079,9.964500000000001,15.323999999999998,425.92,20.9,37.8,0.0,0.29,0.31,2,0.511850195972657,0.482343156308923,0.005806647718420036,NO2
2025-05-21T05:48:10,21.8,519.134,12.582,8.925,15.276,425.93,20.9,37.8,0.0,0.19,0.2,2,0.511528962495069,0.4826652001640652,0.005805837340865848,NO2
2025-05-21T05:49:10,21.8,522.665,12.375,8.715000000000002,15.839999999999998,425.93,20.9,37.8,0.0,0.06,0.06,2,0.5110653861754724,0.48317408980830256,0.005760524016225067,NO2
2025-05-21T05:50:10,21.8,522.236,13.203,9.093,16.5,425.98,20.9,37.8,0.0,0.02,0.02,2,0.5106052907035179,0.48369459883172466,0.005700110464757379,NO2
2025-05-21T05:51:10,21.8,530.915,12.474,9.575999999999999,15.839999999999998,425.99,20.9,37.8,0.0,0.06,0.23,2,0.5104155553636088,0.4839303767532747,0.005654067883116484,NO2
2025-05-21T05:52:10,21.8,534.9190000000001,11.655,10.017,13.860000000000001,425.77,20.9,37.7,0.0,0.17,0.22,2,0.5107094647344728,0.4836428597575949,0.005647675507932256,NO2
2025-05-21T05:53:10,21.8,524.1170000000001,10.728,10.0695,12.6,425.89,20.9,37.8,0.0,0.1,0.12,2,0.5112567547582096,0.48312209335885736,0.00562115188293304,NO2
2025-05-21T05:54:10,21.8,522.379,11.997,10.636500000000002,11.196,425.31,20.9,37.7,0.0,0.09,0.09,2,0.5122127485917163,0.48219430959532017,0.005592941812963538,NO2
2025-05-21T05:55:11,21.8,522.643,11.835,9.975,13.824,425.11,20.9,37.8,0.0,0.49,0.49,2,0.5124208013539138,0.4818901108274854,0.005689087818600829,NO2
2025-05-21T05:56:12,21.8,520.344,12.348,10.038,14.652000000000001,425.04,20.9,37.8,0.07,0.33,0.33,2,0.5125189692249426,0.4817499049377937,0.005731125837263701,NO2
2025-05-21T05:57:12,21.8,514.4480000000001,12.870000000000001,9.1245,15.203999999999999,425.01,20.9,37.8,0.02,0.54,0.54,2,0.5122326493337863,0.4819280663797253,0.005839284286488421,NO2
2025-05-21T05:58:12,21.8,510.19100000000003,11.277,8.988000000000001,15.36,425.46,20.9,37.8,0.01,0.37,0.37,2,0.5119146549404707,0.48219222088582103,0.005893124173708207,NO2
2025-05-21T05:59:12,21.8,511.34600000000006,13.734,8.043000000000001,16.956,425.69,20.9,37.7,0.0,0.13,0.13,2,0.5111087900463444,0.4830184144047612,0.0058727955488945185,NO2
2025-05-21T06:00:13,21.8,528.033,11.673,9.597000000000001,15.552,425.89,20.9,37.8,0.0,0.04,0.04,2,0.5109892026494147,0.48318718909588926,0.005823608254696036,NO2
2025-05-21T06:01:12,21.8,532.1800000000001,11.232000000000001,9.786000000000001,16.056,425.96,20.9,37.8,0.0,0.01,0.19,2,0.5108409195252548,0.4833941294008307,0.005764951073914553,NO2
2025-05-21T06:02:12,21.8,534.424,12.411,9.7335,15.527999999999999,425.99,20.9,37.8,0.0,0.17,0.23,2,0.5107465926231316,0.48349760329260155,0.00575580408426681,NO2
2025-05-21T06:03:12,21.8,523.446,12.681000000000001,9.6075,14.892,426.0,20.9,37.8,0.0,0.19,0.21,2,0.510724452472664,0.4835212967941229,0.0057542507332131315,NO2
2025-05-21T06:04:12,21.79,517.847,10.269,9.555,14.304,426.0,20.9,37.8,0.0,0.24,0.43,2,0.510778818385881,0.4834527635505921,0.005768418063526947,NO2
2025-05-21T06:05:13,21.8,527.989,10.520999999999999,9.544500000000001,14.292,426.06,20.9,37.8,0.0,0.16,0.25,2,0.5108431969383354,0.4833973178065339,0.005759485255130765,NO2
2025-05-21T06:06:14,21.8,530.585,13.05,10.3425,15.623999999999999,426.43,20.9,37.8,0.0,0.05,0.08,2,0.5109074287960998,0.4833777742551571,0.005714796948743062,NO2
2025-05-21T06:07:14,21.79,524.018,12.114,9.198,14.952,426.8,20.9,37.8,0.0,0.14,0.15,2,0.5107802969911461,0.4835189483535172,0.005700754655336707,NO2
2025-05-21T06:08:14,21.8,514.415,11.844000000000001,9.681000000000001,15.011999999999999,426.64,20.8,37.8,0.0,0.27,0.27,2,0.5107465564780347,0.48353184663571047,0.0057215968862548644,NO2
2025-05-21T06:09:14,21.79,519.0790000000001,13.833,9.429,15.876,426.22,20.9,37.8,0.0,0.09,0.09,2,0.5105416549246976,0.48376662733560055,0.005691717739701802,NO2
2025-05-21T06:10:14,21.79,512.5450000000001,12.807,9.0195,15.443999999999999,426.08,20.8,37.8,0.0,0.11,0.32,2,0.5103058730878726,0.4840243770783065,0.005669749833820958,NO2
2025-05-21T06:11:15,21.79,524.524,11.835,8.946,15.984,426.03,20.9,37.9,0.0,0.24,0.31,2,0.5099555573889497,0.48436186485960286,0.00568257775144749,NO2
2025-05-21T06:12:15,21.8,521.5100000000001,11.655,9.828,14.952,426.01,20.9,37.8,0.0,0.08,0.1,2,0.5100008578117545,0.4843474685204528,0.00565167366779272,NO2
2025-05-21T06:13:15,21.79,520.806,13.113000000000001,9.765,14.772,426.0,20.8,37.8,0.0,0.17,0.45,2,0.5100454542860766,0.48430887313395427,0.005645672579969153,NO2
2025-05-21T06:14:15,21.8,526.735,12.33,8.841000000000001,15.66,426.15,20.8,37.8,0.0,0.12,0.21,2,0.5097471002004479,0.4846252500281072,0.005627649771444981,NO2
2025-05-21T06:15:15,21.79,532.0920000000001,11.610000000000001,9.6285,15.143999999999998,425.98,20.8,37.8,0.0,0.13,0.16,2,0.5097116827186001,0.4846770148506733,0.0056113024307265546,NO2
2025-05-21T06:16:15,21.79,511.40100000000007,13.707,10.143,13.728,425.7,20.9,37.8,0.0,0.48,0.49,2,0.5099570027349992,0.4843564366945734,0.005686560570427339,NO2
2025-05-21T06:17:15,21.79,529.375,13.221,8.599499999999999,16.535999999999998,425.75,20.8,37.8,0.0,0.17,0.66,2,0.5094779371550825,0.48484139325584086,0.0056806695890766565,NO2
2025-05-21T06:18:15,21.79,526.856,12.339,8.5155,16.092,425.88,20.8,37.9,0.0,0.43,0.6,2,0.5090185118003968,0.4852396974212656,0.005741790778337602,NO2
2025-05-21T06:19:16,21.79,516.373,12.681000000000001,9.240000000000002,15.899999999999999,425.96,20.8,37.9,0.0,0.25,0.31,2,0.50877993491184,0.48546506691099284,0.005754998177167094,NO2
2025-05-21T06:20:16,21.79,513.5790000000001,12.645000000000001,9.3135,16.116,425.6,20.8,37.8,0.0,0.16,0.18,2,0.5085426770706927,0.4857123241871509,0.0057449987421564624,NO2
2025-05-21T06:21:15,21.79,510.24600000000004,12.051,10.2585,14.52,425.24,20.8,37.8,0.0,0.07,0.33,2,0.5087533995061615,0.4855335767275795,0.005713023766259039,NO2
2025-05-21T06:22:15,21.79,511.26900000000006,12.177,10.374,14.687999999999999,425.09,20.8,37.8,0.0,0.04,0.18,2,0.508966080911628,0.48536023090518854,0.005673688183183441,NO2
2025-05-21T06:23:15,21.79,517.2750000000001,13.905,9.261000000000001,15.047999999999998,425.23,20.8,37.8,0.0,0.01,0.12,2,0.5088882036500468,0.48548185098938473,0.005629945360568453,NO2
2025-05-21T06:24:15,21.78,509.15700000000004,13.734,8.6415,15.756,425.73,20.8,37.8,0.0,0.09,0.13,2,0.5085715291240959,0.4858218216779804,0.005606649197923755,NO2
2025-05-21T06:25:15,21.78,518.518,11.475,9.586500000000001,15.947999999999999,425.75,20.8,37.8,0.0,0.04,0.06,2,0.50844144934537,0.48598935883308236,0.005569191821547735,NO2
2025-05-21T06:26:15,21.79,525.613,12.096,8.295,17.124,425.75,20.8,37.9,0.0,0.11,0.11,2,0.5078734040538191,0.48657628438253975,0.005550311563641138,NO2
2025-05-21T06:27:17,21.78,533.4670000000001,11.817,9.4815,14.568,425.91,20.8,37.8,0.0,0.04,0.04,2,0.5079134578974306,0.48657036368251794,0.005516178420051451,NO2
2025-05-21T06:28:17,21.78,525.118,12.789000000000001,8.8725,16.308,425.97,20.8,37.8,0.0,0.01,0.01,2,0.5075989706052824,0.4869265320606116,0.005474497334106044,NO2
2025-05-21T06:29:17,21.78,522.2690000000001,12.681000000000001,9.880500000000001,14.495999999999999,425.99,20.8,37.8,0.0,0.0,0.3,2,0.5077372302970007,0.4868313616239472,0.005431408079052093,NO2
2025-05-21T06:30:12,21.78,527.5930000000001,11.241,9.8175,13.38,426.0,20.8,37.9,0.0,0.36,0.47,2,0.5079637621953643,0.48656279287239507,0.005473444932240643,NO2
2025-05-21T06:31:12,21.78,523.4680000000001,10.512,9.2505,14.004,426.0,20.8,37.9,0.0,0.13,0.17,2,0.5080174479794746,0.48651976735826546,0.00546278466226001,NO2
2025-05-21T06:32:12,21.78,508.93700000000007,10.998000000000001,9.691500000000001,14.639999999999999,426.0,20.8,37.9,0.0,0.04,0.3,2,0.5080880609163526,0.4864819028759111,0.00543003620773631,NO2
2025-05-21T06:33:12,21.78,530.409,11.025,9.166500000000001,15.096,426.0,20.8,37.8,0.0,0.04,0.12,2,0.5079941699534616,0.48660750762740607,0.005398322419132328,NO2
2025-05-21T06:34:12,21.78,531.19,12.555,9.723,14.568,426.0,20.8,37.8,0.0,0.01,0.04,2,0.5080827039363588,0.4865574086637288,0.005359887399912347,NO2
2025-05-21T06:35:13,21.78,526.801,12.276000000000002,9.03,16.343999999999998,426.0,20.8,37.8,0.0,0.0,0.21,2,0.5078109912540845,0.4868700530260219,0.0053189557198937195,NO2
2025-05-21T06:36:13,21.78,514.6460000000001,13.464,9.219,15.911999999999999,426.0,20.8,37.9,0.0,0.0,0.07,2,0.5076342998402105,0.48708689327363025,0.0052788068861592844,NO2
2025-05-21T06:37:13,21.78,513.986,11.664000000000001,9.807,14.484,425.66,20.8,37.9,0.0,0.0,0.02,2,0.507751359908754,0.4870087753441663,0.005239864747079659,NO2
2025-05-21T06:38:13,21.78,523.6550000000001,10.818,10.164,13.931999999999999,425.68,20.8,37.9,0.0,0.1,0.1,2,0.5079924244117917,0.48678446622331095,0.005223109364897368,NO2
2025-05-21T06:39:13,21.77,526.163,10.908,9.5235,16.368,425.42,20.8,37.8,0.0,0.08,0.08,2,0.5078122825345993,0.4869871618165228,0.0052005556488778915,NO2
2025-05-21T06:40:13,21.77,534.6440000000001,12.699,9.870000000000001,14.652000000000001,425.15,20.8,37.9,0.07,0.59,0.59,2,0.5078528882160036,0.4868585770380381,0.005288534745958347,NO2
2025-05-21T06:41:13,21.77,527.109,13.14,10.206000000000001,14.7,425.21,20.8,37.9,0.02,0.22,0.22,2,0.5079905714858398,0.4867132716609958,0.005296156853164336,NO2
2025-05-21T06:42:11,21.77,526.2950000000001,11.484,9.870000000000001,15.0,425.53,20.8,37.8,0.01,0.18,0.18,2,0.5080317722191798,0.4866726604648897,0.005295567315930521,NO2
2025-05-21T06:43:11,21.77,525.2280000000001,11.115,9.345,15.419999999999998,425.84,20.8,37.8,0.0,0.06,0.06,2,0.5079377326771409,0.4867917832631105,0.005270484059748543,NO2
2025-05-21T06:44:12,21.77,529.133,10.610999999999999,9.093,16.02,425.94,20.8,37.9,0.0,0.09,0.09,2,0.5077247437239107,0.48702351861256993,0.005251737663519348,NO2
2025-05-21T06:45:12,21.77,528.4730000000001,10.773000000000001,9.775500000000001,14.208,425.91,20.8,37.9,0.0,0.04,0.04,2,0.5078567610992257,0.486919421647547,0.005223817253227347,NO2
2025-05-21T06:46:12,21.75,524.6560000000001,11.862,9.786000000000001,15.12,425.97,20.8,37.8,0.0,0.27,0.27,2,0.5078591559593789,0.4868986835157047,0.005242160524916439,NO2
2025-05-21T06:47:13,21.75,519.167,11.781,9.544500000000001,14.975999999999999,425.99,20.8,37.8,0.0,0.09,0.09,2,0.507853025936583,0.4869226037734439,0.005224370289973146,NO2
2025-05-21T06:48:13,21.73,514.8000000000001,13.923,9.765,14.027999999999999,426.0,20.8,37.9,0.0,0.09,0.09,2,0.5079950112900549,0.48679747312165084,0.005207515588294263,NO2
2025-05-21T06:49:13,21.73,537.845,13.05,11.067,13.56,426.0,20.8,37.9,0.0,0.5,0.5,2,0.5083786334940952,0.4863503597382767,0.00527100676762807,NO2
2025-05-21T06:50:13,21.71,533.8960000000001,11.286,10.542,13.127999999999998,426.0,20.8,37.8,0.0,0.18,0.18,2,0.5087452425957795,0.48598321999336813,0.0052715374108524,NO2
2025-05-21T06:51:13,21.7,527.736,10.863000000000001,10.5315,12.047999999999998,426.0,20.8,37.8,0.0,0.59,0.59,2,0.5091849688241553,0.4854607539336225,0.005354277242222238,NO2
2025-05-21T06:52:16,21.7,526.174,11.061,9.975,13.692,426.0,20.8,37.8,0.0,0.27,0.27,2,0.5093705292778974,0.4852571552294972,0.005372315492605387,NO2
2025-05-21T06:53:14,21.7,533.115,11.232000000000001,9.7545,14.604,425.85,20.8,37.9,0.0,0.16,0.52,2,0.5094252893657671,0.48520667023260255,0.0053680404016302995,NO2
2025-05-21T06:54:14,21.7,528.341,11.637,10.794,13.56,425.95,20.8,37.9,0.0,0.15,0.27,2,0.50977421148536,0.48486464720376393,0.005361141310876062,NO2
2025-05-21T06:55:14,21.7,529.243,11.862,10.4055,14.004,426.48,20.8,37.9,0.01,0.13,0.17,2,0.5100054731731491,0.4846438223486166,0.005350704478234242,NO2
2025-05-21T06:56:14,21.7,531.6850000000001,12.762,10.2375,14.939999999999998,426.82,20.8,37.9,0.0,0.13,0.14,2,0.5101033217901743,0.4845570288340136,0.005339649375812187,NO2
2025-05-21T06:57:14,21.7,519.783,13.068,9.156,17.592,426.94,20.8,37.8,0.0,0.37,0.42,2,0.509707765729808,0.4849190008723816,0.005373233397810345,NO2
2025-05-21T06:58:16,21.7,539.0110000000001,13.653,8.61,16.584,426.98,20.8,37.9,0.0,0.34,0.38,2,0.5093370964876395,0.485260043110936,0.0054028604014245175,NO2
2025-05-21T06:59:16,21.7,543.763,13.536,8.904000000000002,15.623999999999999,426.7,20.8,37.8,0.0,0.63,0.64,2,0.5090946006194664,0.4854184699150072,0.005486929465526404,NO2
2025-05-21T07:00:16,21.7,533.676,12.492,9.6495,14.435999999999998,426.25,20.8,37.9,0.0,0.53,0.99,2,0.5091137994553586,0.4853348874732273,0.005551313071414079,NO2
2025-05-21T07:01:16,21.7,532.8290000000001,12.564000000000002,10.227,15.0,426.09,20.8,37.8,0.0,0.44,0.62,2,0.5091769481718522,0.48522652879255557,0.005596523035592248,NO2
2025-05-21T07:02:16,21.7,529.5070000000001,12.051,9.418500000000002,15.552,426.03,20.8,37.9,0.0,0.15,0.21,2,0.5090767829994699,0.4853344215284465,0.0055887954720835594,NO2
2025-05-21T07:03:16,21.7,517.869,11.376000000000001,10.143,14.975999999999999,426.01,20.8,37.9,0.0,0.05,0.25,2,0.5091646348744994,0.4852731197342173,0.005562245391283395,NO2
2025-05-21T07:04:17,21.7,517.2750000000001,13.851,9.355500000000001,14.735999999999999,426.0,20.8,37.9,0.0,0.15,0.32,2,0.5091398015817153,0.48530433567000175,0.005555862748282857,NO2
2025-05-21T07:05:17,21.7,516.7030000000001,11.826,9.009,14.58,426.0,20.8,37.9,0.0,0.05,0.1,2,0.5090849017491387,0.4853827596595114,0.005532338591349936,NO2
2025-05-21T07:06:17,21.7,529.6940000000001,10.764000000000001,9.7335,14.664,426.0,20.8,37.9,0.0,0.29,0.31,2,0.5091156184551301,0.48533369398628134,0.005550687558588581,NO2
2025-05-21T07:07:17,21.7,534.8530000000001,12.024,9.586500000000001,13.716,426.0,20.8,37.9,0.04,0.33,0.4,2,0.5092150696957876,0.4852076799577366,0.005577250346475853,NO2
2025-05-21T07:08:16,21.7,534.743,12.042000000000002,9.145500000000002,14.904,426.0,20.8,37.9,0.01,0.26,0.28,2,0.5091305440272207,0.4852788658991654,0.005590590073613852,NO2
2025-05-21T07:09:16,21.7,536.195,12.519,9.870000000000001,15.107999999999999,426.0,20.8,37.9,0.0,0.3,0.31,2,0.5091364689304738,0.48525424149899066,0.005609289570535506,NO2
2025-05-21T07:10:16,21.7,528.0110000000001,12.123000000000001,8.966999999999999,15.792,426.0,20.8,37.9,0.0,0.38,0.38,2,0.508926531919254,0.4854308598207192,0.005642608260026886,NO2
2025-05-21T07:11:16,21.7,533.423,11.501999999999999,9.240000000000002,15.372,426.0,20.8,37.9,0.0,0.13,0.13,2,0.508825113798923,0.48554283418274796,0.005632052018328993,NO2
2025-05-21T07:12:16,21.7,533.1370000000001,12.564000000000002,9.870000000000001,14.052000000000001,426.0,20.8,37.9,0.03,0.39,0.39,2,0.5089286048781444,0.4854045220753636,0.005666873046492022,NO2
2025-05-21T07:13:17,21.7,505.5710000000001,11.547,9.261000000000001,15.672,426.0,20.8,37.9,0.01,0.13,0.13,2,0.5088022588810966,0.48554180565816496,0.005655935460738403,NO2
2025-05-21T07:14:17,21.7,531.8170000000001,11.988000000000001,9.807,15.084,426.0,20.8,37.9,0.0,0.04,0.04,2,0.5088254359059229,0.4855451286192894,0.005629435474787668,NO2
2025-05-21T07:15:17,21.7,531.729,11.367,9.5655,15.6,426.0,20.8,37.9,0.0,0.01,0.01,2,0.5087646020492095,0.4856373768419184,0.0055980211088721196,NO2
2025-05-21T07:16:17,21.7,521.312,12.258,9.66,15.468,426.0,20.8,37.9,0.0,0.0,0.0,2,0.5087322221282837,0.48570251391012115,0.005565263961595092,NO2
2025-05-21T07:17:17,21.7,522.412,11.385,9.366,14.088,426.0,20.8,37.9,0.0,0.19,0.19,2,0.5087716375568974,0.48566165262388583,0.00556670981921678,NO2
2025-05-21T07:18:19,21.7,507.0010000000001,11.484,9.4605,13.908,426.0,20.8,37.9,0.0,0.08,0.17,2,0.5088511593417803,0.48559903690555684,0.0055498037526629605,NO2
2025-05-21T07:19:19,21.7,526.856,10.431000000000001,9.4395,14.543999999999999,426.0,20.8,37.9,0.11,0.31,0.39,2,0.508847114691973,0.4855822377927682,0.005570647515258787,NO2
2025-05-21T07:20:19,21.7,517.7810000000001,11.79,9.302999999999999,14.892,426.0,20.8,37.9,0.04,0.1,0.13,2,0.5088081075861529,0.4856354319764718,0.0055564604373752715,NO2
2025-05-21T07:21:19,21.7,518.936,9.801,8.232,16.139999999999997,426.0,20.8,37.9,0.01,0.21,0.22,2,0.5084870982992704,0.4859519116501583,0.005560990050571271,NO2
2025-05-21T07:22:19,21.7,530.8820000000001,10.539000000000001,10.017,14.172,426.0,20.8,38.0,0.0,0.07,0.21,2,0.5086237314719241,0.4858346014261463,0.005541667101929684,NO2
2025-05-21T07:23:19,21.7,539.308,10.989,9.2925,15.011999999999999,426.0,20.8,38.0,0.0,0.02,0.11,2,0.5085806227410669,0.48590460423357573,0.005514773025357362,NO2
2025-05-21T07:24:19,21.7,520.773,10.692,10.038,14.376,426.0,20.8,37.9,0.0,0.15,0.18,2,0.5086707882832606,0.485801993553066,0.00552721816367338,NO2
2025-05-21T07:25:20,21.69,527.318,10.746,10.017,13.991999999999999,426.46,20.8,37.9,0.0,0.09,0.1,2,0.5088015028492697,0.4856965352467358,0.005501961903994531,NO2
2025-05-21T07:26:20,21.7,522.313,11.862,8.8515,16.464,426.81,20.8,37.9,0.0,0.14,0.14,2,0.5084619727245262,0.48602782179673426,0.0055102054787395235,NO2
2025-05-21T07:27:20,21.7,521.1800000000001,12.555,8.316,16.02,426.93,20.8,38.0,0.0,0.05,0.06,2,0.5082424910949338,0.48625475936203566,0.005502749543030575,NO2
2025-05-21T07:28:20,21.69,510.01500000000004,10.638,9.6075,15.264,426.82,20.8,38.0,0.0,0.26,0.26,2,0.5081166843058655,0.4863439904292278,0.005539325264906647,NO2
2025-05-21T07:29:19,21.7,510.67500000000007,9.9,9.6705,15.299999999999999,426.56,20.8,38.0,0.0,0.09,0.09,2,0.5080341768140975,0.4864136464907578,0.0055521766951447315,NO2
2025-05-21T07:30:19,21.69,523.754,11.844000000000001,10.143,14.856,426.2,20.8,38.0,0.0,0.03,0.03,2,0.5083227470935944,0.48615706504884615,0.00552018785755946,NO2
2025-05-21T07:31:19,21.69,530.7280000000001,12.276000000000002,9.7545,13.308,426.07,20.8,38.0,0.0,0.26,0.26,2,0.5084351977818207,0.4860779179594439,0.005486884258735464,NO2
2025-05-21T07:32:19,21.69,521.7850000000001,12.123000000000001,9.702,13.943999999999999,426.02,20.8,38.0,0.0,0.3,0.3,2,0.5085057506431865,0.4860132446900863,0.005481004666727257,NO2
2025-05-21T07:33:19,21.69,520.8720000000001,11.331,9.775500000000001,15.504,426.01,20.8,38.0,0.0,0.13,0.13,2,0.5083414626311888,0.4861740956275169,0.00548444174129423,NO2
2025-05-21T07:34:20,21.69,520.509,12.906,9.2505,15.864,426.0,20.8,38.0,0.0,0.34,0.34,2,0.5080756038687114,0.486411479819985,0.005512916311303604,NO2
2025-05-21T07:35:20,21.69,518.265,11.907,9.964500000000001,15.239999999999998,426.0,20.8,38.0,0.0,0.44,0.54,2,0.5083763270371898,0.48604690173952275,0.00557677122328741,NO2
2025-05-21T07:36:20,21.69,514.2610000000001,12.591000000000001,9.891,14.219999999999999,426.0,20.8,38.0,0.0,0.22,0.26,2,0.5084937379664571,0.48589906458995896,0.0056071974435838905,NO2
2025-05-21T07:37:20,21.69,509.88300000000004,12.222,10.521,13.296,426.0,20.8,38.0,0.0,0.14,0.15,2,0.5087443254083425,0.4856476269056727,0.005608047685984822,NO2
2025-05-21T07:38:20,21.69,514.514,12.096,10.3635,13.98,426.0,20.8,38.0,0.0,0.5,0.5,2,0.5090738770369843,0.48525652855737744,0.0056695944056383285,NO2
2025-05-21T07:39:22,21.69,512.27,12.006,10.153500000000001,13.895999999999999,426.0,20.8,38.0,0.0,0.41,0.42,2,0.5091966578383856,0.4851144456876873,0.005688896473927004,NO2
2025-05-21T07:40:22,21.7,527.6920000000001,11.97,10.195500000000001,14.964,426.0,20.8,38.0,0.0,0.47,0.47,2,0.5093761501275036,0.4849345311510476,0.005689318721448846,NO2
2025-05-21T07:41:22,21.69,524.2710000000001,12.222,9.723,15.732,426.0,20.8,38.0,0.0,0.15,0.15,2,0.509446182896162,0.48486541170078346,0.0056884054030545495,NO2
2025-05-21T07:42:22,21.69,519.409,13.077,9.2085,16.26,426.0,20.8,38.0,0.0,0.41,0.41,2,0.5092397965217225,0.4850312311272616,0.005728972351015882,NO2
2025-05-21T07:43:22,21.69,517.506,11.637,9.418500000000002,15.647999999999998,426.62,20.8,38.0,0.0,0.6,0.6,2,0.5092227626192873,0.48495993904629425,0.005817298334418357,NO2
2025-05-21T07:44:23,21.69,512.688,12.222,9.691500000000001,15.252,426.7,20.8,38.0,0.0,0.2,0.2,2,0.5090610823081828,0.48510106880033027,0.005837848891486921,NO2
2025-05-21T07:45:23,21.69,523.3030000000001,11.610000000000001,10.122000000000002,15.12,426.9,20.8,38.0,0.0,0.26,0.26,2,0.5091617267478624,0.48497605295924867,0.00586222029288887,NO2
2025-05-21T07:46:23,21.69,525.041,11.484,9.639,15.347999999999999,426.96,20.8,38.0,0.0,0.38,0.38,2,0.5091944334012978,0.48493412149581666,0.005871445102885638,NO2
2025-05-21T07:47:23,21.69,528.44,13.077,10.395000000000001,14.052000000000001,426.99,20.8,38.0,0.0,0.12,0.12,2,0.5091259647709372,0.48500526433205976,0.005868770897003047,NO2
2025-05-21T07:48:23,21.69,516.7690000000001,11.520000000000001,10.332,14.219999999999999,427.0,20.8,38.0,0.17,0.32,0.32,2,0.5091705854081034,0.4849184648414268,0.005910949750469714,NO2
2025-05-21T07:49:22,21.69,515.8670000000001,11.232000000000001,10.4475,13.344,426.94,20.8,38.0,0.06,0.39,0.57,2,0.5092672608092397,0.48477707007443704,0.005955669116323274,NO2
2025-05-21T07:50:22,21.69,517.22,12.393,10.563,14.088,426.98,20.8,38.0,0.02,0.22,0.29,2,0.5094835643814529,0.4845308505534068,0.0059855850651402785,NO2
2025-05-21T07:51:22,21.69,520.5640000000001,12.231,9.681000000000001,15.66,426.99,20.8,38.0,0.01,0.3,0.33,2,0.5095615288655505,0.48447708965666375,0.005961381477785784,NO2
2025-05-21T07:52:22,21.69,521.719,11.907,9.691500000000001,13.884,427.0,20.8,38.1,0.0,0.21,0.21,2,0.5095626280881607,0.4844853155842695,0.005952056327569787,NO2
2025-05-21T07:53:23,21.69,528.077,11.277,9.870000000000001,15.084,427.0,20.8,38.1,0.0,0.17,0.17,2,0.509460139490494,0.48459412771705807,0.005945732792447959,NO2
2025-05-21T07:54:23,21.68,527.615,12.582,10.636500000000002,15.0,427.0,20.7,38.1,0.0,0.21,0.21,2,0.5096724330036452,0.48445626778130585,0.005871299215048951,NO2
2025-05-21T07:55:18,21.69,528.682,11.286,10.353,14.939999999999998,427.0,20.8,38.1,0.0,0.34,0.34,2,0.5099620022554473,0.48423209646095666,0.005805901283596076,NO2
2025-05-21T07:56:18,21.68,535.018,12.339,10.395000000000001,15.0,427.0,20.8,38.1,0.0,0.19,0.19,2,0.5102225549382079,0.4840440793988784,0.0057333656629136795,NO2
2025-05-21T07:57:18,21.69,522.236,13.185,10.4265,15.395999999999999,427.0,20.8,38.1,0.0,0.32,0.32,2,0.5102865812314903,0.48400507811749904,0.005708340651010602,NO2
2025-05-21T07:58:18,21.69,519.068,13.599,9.491999999999999,16.68,427.0,20.8,38.1,0.0,0.22,0.22,2,0.5098990874147948,0.4844301228531658,0.005670789732039421,NO2
2025-05-21T07:59:18,21.69,528.0550000000001,12.069,10.300500000000001,13.572000000000001,427.0,20.8,38.1,0.0,0.54,0.54,2,0.5100870007729881,0.48422343251905187,0.005689566707960099,NO2
2025-05-21T08:00:21,21.69,525.503,11.952,9.9855,14.639999999999999,427.0,20.7,38.1,0.0,0.46,0.46,2,0.5100846546144897,0.48422489647956396,0.005690448905946315,NO2
2025-05-21T08:01:21,21.69,522.5110000000001,11.682,10.1325,14.484,427.0,20.8,38.1,0.0,0.51,0.64,2,0.5100189862515936,0.48424159981730613,0.005739413931100349,NO2
2025-05-21T08:02:21,21.68,514.1510000000001,11.061,10.206000000000001,13.872,427.06,20.8,38.1,0.0,0.42,0.63,2,0.509993287968873,0.4842109462618154,0.005795765769311597,NO2
2025-05-21T08:03:21,21.68,524.0840000000001,12.447000000000001,9.544500000000001,15.192,427.02,20.8,38.1,0.0,0.39,0.53,2,0.5103684578462299,0.4838390625378665,0.005792479615903599,NO2
2025-05-21T08:04:21,21.69,522.72,10.647,10.227,12.996,427.54,20.8,38.1,0.0,0.38,0.42,2,0.5106459624906636,0.4835343932154272,0.00581964429390917,NO2
2025-05-21T08:05:22,21.69,524.216,13.725,10.006499999999999,13.223999999999998,427.84,20.8,38.1,0.02,0.61,0.69,2,0.5109973426122201,0.4830996493009818,0.005903008086798059,NO2
2025-05-21T08:06:22,21.69,516.912,11.592,10.4475,14.339999999999998,427.94,20.8,38.1,0.01,0.27,0.29,2,0.5113550560575352,0.4827220794547542,0.005922864487710675,NO2
2025-05-21T08:07:22,21.69,534.3580000000001,10.881,10.636500000000002,14.772,428.21,20.8,38.2,0.0,0.28,0.29,2,0.5115808306466063,0.48248302693085426,0.00593614242253942,NO2
2025-05-21T08:08:22,21.69,525.118,10.656,10.899000000000001,14.856,429.87,20.8,38.2,0.0,0.16,0.16,2,0.5118054625769138,0.48225232787270667,0.0059422095503794395,NO2
2025-05-21T08:09:22,21.68,519.2,10.431000000000001,10.206000000000001,14.208,430.85,20.8,38.2,0.0,0.12,0.12,2,0.5121300499478962,0.4819582315065829,0.005911718545520799,NO2
2025-05-21T08:10:22,21.68,495.04400000000004,11.079,9.502500000000001,14.076,430.95,20.8,38.2,0.0,0.19,0.19,2,0.5122116042195647,0.48186155186924057,0.005926843911194691,NO2
2025-05-21T08:11:22,21.68,521.4110000000001,11.799,10.5,12.276,430.98,20.8,38.2,0.0,0.06,0.06,2,0.5124103827981692,0.4816553263364201,0.005934290865410699,NO2
2025-05-21T08:12:22,21.69,530.7280000000001,11.997,10.185,13.452,431.49,20.8,38.2,0.0,0.02,0.02,2,0.5126356124559969,0.4814793857921042,0.005885001751898953,NO2
2025-05-21T08:13:23,21.69,553.3770000000001,10.647,10.573500000000001,14.196,432.37,20.8,38.2,0.0,0.05,0.05,2,0.5128344191390105,0.48128943938148555,0.005876141479503992,NO2
2025-05-21T08:14:23,21.69,549.89,12.852,10.122000000000002,15.096,433.07,20.8,38.3,0.0,0.02,0.02,2,0.5126271280903641,0.4815069510280329,0.005865920881602885,NO2
2025-05-21T08:15:24,21.69,549.923,13.374,10.5945,13.788,434.66,20.8,38.2,0.0,0.12,0.34,2,0.5127749720175467,0.481356273137994,0.005868754844459202,NO2
2025-05-21T08:16:24,21.69,536.415,14.22,10.206000000000001,14.208,435.88,20.8,38.2,0.0,0.13,0.21,2,0.5128439099057412,0.4812700456398456,0.005886044454413095,NO2
2025-05-21T08:17:24,21.69,567.49,12.078,10.636500000000002,12.312,436.61,20.8,38.2,0.0,0.23,0.26,2,0.513193339828151,0.4808839886403823,0.0059226715314667335,NO2
2025-05-21T08:18:24,21.69,566.863,12.348,10.08,13.931999999999999,436.86,20.8,38.2,0.0,0.3,0.31,2,0.512933177696081,0.48109629467281406,0.005970527631104885,NO2
2025-05-21T08:19:24,21.69,571.351,11.610000000000001,10.3635,13.356,436.95,20.8,38.2,0.0,0.29,0.3,2,0.5131614833407467,0.4808595690090439,0.005978947650209334,NO2
2025-05-21T08:20:24,21.69,539.638,11.277,10.773,13.847999999999999,436.98,20.8,38.3,0.0,0.24,0.3,2,0.5132910694932725,0.48070651881550164,0.006002411691225863,NO2
2025-05-21T08:21:24,21.69,548.768,11.07,10.6575,13.764000000000001,436.99,20.8,38.2,0.07,0.28,0.3,2,0.513400252809553,0.48055762379944567,0.006042123391001338,NO2
2025-05-21T08:22:24,21.69,544.841,11.439000000000002,10.993500000000001,13.368,437.0,20.8,38.2,0.02,0.09,0.1,2,0.5136481075802485,0.4802974747356504,0.006054417684101181,NO2
2025-05-21T08:23:25,21.69,539.836,11.349,10.4265,15.347999999999999,436.82,20.8,38.2,0.01,0.18,0.19,2,0.5137116761650774,0.48021520010823004,0.006073123726692525,NO2
2025-05-21T08:24:25,21.7,532.356,12.546,10.752,13.788,436.94,20.8,38.2,0.0,0.35,0.35,2,0.5141363591127863,0.47977633510933815,0.006087305777875496,NO2
2025-05-21T08:25:25,21.7,532.642,12.609,11.161500000000002,14.399999999999999,436.98,20.8,38.2,0.0,0.38,0.39,2,0.5144919223136566,0.47937624635079995,0.006131831335543491,NO2
2025-05-21T08:26:25,21.7,550.495,12.699,11.8755,13.524,437.4,20.8,38.2,0.14,0.57,0.57,2,0.5149680505934969,0.47886687985204407,0.006165069554459031,NO2
2025-05-21T08:27:25,21.7,553.0360000000001,12.924,11.245500000000002,13.92,437.79,20.8,38.2,0.05,0.4,0.4,2,0.5150235621886802,0.4788068852773665,0.006169552533953329,NO2
2025-05-21T08:28:25,21.7,553.971,12.609,11.277000000000001,12.947999999999999,437.93,20.8,38.2,0.01,0.48,0.48,2,0.5152771875918327,0.47849630655207476,0.00622650585609249,NO2
2025-05-21T08:29:25,21.7,559.229,11.916,11.382,12.864,437.92,20.8,38.2,0.0,0.33,0.33,2,0.5156824620478847,0.47804661691851585,0.006270921033599483,NO2
2025-05-21T08:30:25,21.7,579.1610000000001,11.169,11.0565,13.92,438.18,20.8,38.2,0.0,0.26,0.42,2,0.5159341319409754,0.4777564652252053,0.006309402833819327,NO2
2025-05-21T08:31:26,21.7,578.6880000000001,11.133,11.193000000000001,12.708,438.71,20.9,38.2,0.11,0.57,0.63,2,0.5162945542757382,0.4773048139494589,0.006400631774802853,NO2
2025-05-21T08:32:27,21.7,572.7040000000001,11.817,10.857000000000001,14.184,438.32,20.8,38.1,0.04,0.3,0.54,2,0.516513541069544,0.477046549078789,0.006439909851667094,NO2
2025-05-21T08:33:27,21.7,562.3860000000001,10.917000000000002,10.3425,15.815999999999999,437.57,20.8,38.1,0.03,0.56,0.64,2,0.5164851290117299,0.47698966021310063,0.006525210775169429,NO2
2025-05-21T08:34:27,21.7,547.2610000000001,11.484,11.172,14.664,437.2,20.9,38.2,0.01,0.56,0.59,2,0.5169555541807687,0.47647917313683724,0.006565272682394062,NO2
2025-05-21T08:35:27,21.7,557.744,12.744,11.403,12.408,437.23,20.9,38.1,0.1,0.36,0.37,2,0.5173284805168057,0.4761210568531122,0.006550462630082127,NO2
2025-05-21T08:36:26,21.71,548.471,11.25,12.2535,12.647999999999998,437.27,20.9,38.1,0.04,0.31,0.43,2,0.517986945549086,0.47545862414047685,0.006554430310437162,NO2
2025-05-21T08:37:26,21.73,541.981,11.385,11.3505,13.799999999999999,437.22,20.9,38.1,0.01,0.1,0.14,2,0.5183482874526186,0.4751433154431964,0.006508397104184975,NO2
2025-05-21T08:38:26,21.75,522.302,13.311,10.489500000000001,15.347999999999999,436.78,20.9,38.0,0.0,0.15,0.33,2,0.5182628968585767,0.4752393250793787,0.0064977780620445414,NO2
2025-05-21T08:39:26,21.77,509.586,11.934,12.0645,13.296,436.34,20.9,38.0,0.0,0.11,0.22,2,0.5188137821928096,0.474703685872818,0.006482531934372374,NO2
2025-05-21T08:40:26,21.77,510.76300000000003,10.647,12.232500000000002,12.516,436.79,20.9,38.0,0.0,0.15,0.27,2,0.5191559964759587,0.47434969863331866,0.00649430489072273,NO2
2025-05-21T08:41:23,21.77,500.02700000000004,11.178,11.256000000000002,15.384,436.99,20.9,37.9,0.0,0.1,0.41,2,0.5193508600180425,0.47418015276016484,0.006468987221792689,NO2
2025-05-21T08:42:23,21.77,490.17100000000005,10.656,9.4815,18.72,436.38,20.9,37.8,0.0,0.58,0.68,2,0.5189260840722292,0.4745335545317361,0.0065403613960346345,NO2
2025-05-21T08:43:23,21.78,493.41600000000005,12.465,10.709999999999999,16.692,435.65,20.9,37.8,0.0,0.38,0.41,2,0.518778303304648,0.4746705604139317,0.0065511362814202655,NO2
2025-05-21T08:44:23,21.78,498.2780000000001,13.545000000000002,10.709999999999999,17.003999999999998,435.15,20.9,37.7,0.19,0.52,0.53,2,0.5186164322933028,0.4747822608195871,0.00660130688711018,NO2
2025-05-21T08:45:23,21.78,481.16200000000003,12.114,11.3085,15.876,434.32,20.9,37.7,0.1,0.42,0.65,2,0.518633042110229,0.4747562306680871,0.00661072722168387,NO2
2025-05-21T08:46:24,21.78,477.345,12.096,11.1405,16.896,433.17,20.9,37.7,0.03,0.42,0.7,2,0.5184715805399113,0.4748868579544209,0.006641561505667744,NO2
2025-05-21T08:47:24,21.78,481.5690000000001,10.854000000000001,11.76,15.564,432.41,20.9,37.7,0.01,0.24,0.52,2,0.5187051555943757,0.474665056763919,0.0066297876417052886,NO2
2025-05-21T08:48:24,21.78,475.46400000000006,11.34,10.3425,17.927999999999997,432.06,20.9,37.6,0.0,0.31,0.4,2,0.518647051935184,0.4747098230094384,0.006643125055377538,NO2
2025-05-21T08:49:24,21.78,470.84400000000005,11.151000000000002,11.9595,15.515999999999998,431.54,20.9,37.6,0.0,0.31,0.34,2,0.519110103088353,0.4742126424846016,0.006677254427045309,NO2
2025-05-21T08:50:24,21.78,463.11100000000005,12.258,11.182500000000001,18.252,431.19,20.9,37.6,0.0,0.2,0.21,2,0.5192241221495765,0.47407598948873036,0.0066998883616931695,NO2
2025-05-21T08:51:24,21.78,470.052,12.555,11.676,17.016,431.07,20.9,37.6,0.0,0.55,0.56,2,0.5193669607153611,0.47386037443219087,0.006772664852448006,NO2
2025-05-21T08:52:23,21.78,473.231,10.701,12.369,14.831999999999999,431.02,20.9,37.6,0.0,0.57,0.57,2,0.5195710708281468,0.47359822905286153,0.006830700118991624,NO2
2025-05-21T08:53:24,21.78,470.899,11.43,12.0645,14.712,431.01,20.9,37.7,0.0,0.55,0.55,2,0.5196153166464517,0.47348877396551503,0.006895909388033325,NO2
2025-05-21T08:54:24,21.78,466.774,12.042000000000002,11.487,16.284,431.0,20.9,37.6,0.0,0.76,0.76,2,0.5192066923046231,0.4737986911749499,0.006994616520426997,NO2
2025-05-21T08:55:24,21.78,464.343,10.26,11.4555,17.46,431.0,20.9,37.7,0.0,0.37,0.37,2,0.5190863339738119,0.4739456464944022,0.006968019531785938,NO2
2025-05-21T08:56:24,21.78,460.66900000000004,11.628,11.844,16.104,430.79,20.9,37.7,0.0,0.14,0.14,2,0.5192187798600771,0.47384882021077956,0.006932399929143341,NO2
2025-05-21T08:57:24,21.79,460.141,12.285,11.591999999999999,16.272,430.8,20.9,37.7,0.01,0.4,0.4,2,0.519474002657084,0.4736220710490183,0.006903926293897745,NO2
2025-05-21T08:58:24,21.78,453.365,12.231,11.770500000000002,15.323999999999998,430.85,20.9,37.7,0.0,0.35,0.35,2,0.5198642737091203,0.47324046412798293,0.006895262162896876,NO2
2025-05-21T08:59:24,21.78,448.45900000000006,13.23,11.0565,17.16,430.53,20.9,37.7,0.08,0.5,0.64,2,0.5202313136460693,0.4728210185355786,0.0069476678183520825,NO2
2025-05-21T09:00:24,21.78,464.266,11.79,11.161500000000002,15.792,430.27,20.9,37.7,0.03,0.2,0.28,2,0.5204118850563971,0.47261852821763745,0.0069695867259653675,NO2
2025-05-21T09:01:24,21.78,459.23900000000003,11.349,12.054,15.491999999999999,430.09,20.9,37.7,0.01,0.18,0.21,2,0.5207625821378105,0.472244770682334,0.006992647179855509,NO2
2025-05-21T09:02:26,21.79,463.80400000000003,12.717,11.613000000000001,15.719999999999999,430.03,20.9,37.7,0.0,0.24,0.24,2,0.5209979528043014,0.4720023413293053,0.006999705866393316,NO2
2025-05-21T09:03:26,21.78,457.72100000000006,11.916,11.634,16.488,429.94,20.9,37.8,0.0,0.28,0.29,2,0.5211221444441483,0.47186997420365073,0.007007881352201033,NO2
2025-05-21T09:04:26,21.79,454.67400000000004,11.645999999999999,11.434500000000002,16.619999999999997,429.79,20.9,37.8,0.0,0.78,0.78,2,0.5211223126010667,0.4717911908884464,0.007086496510486869,NO2
2025-05-21T09:05:26,21.78,452.87,12.267000000000001,11.9175,15.768,429.28,20.9,37.7,0.0,0.48,0.48,2,0.5212857021307559,0.4715839958164251,0.007130302052819007,NO2
2025-05-21T09:06:26,21.78,455.74100000000004,11.304,11.991,15.564,429.1,20.9,37.8,0.0,0.29,0.48,2,0.5214974108355548,0.47133774557167046,0.007164843592774747,NO2
2025-05-21T09:07:28,21.78,452.199,11.979000000000001,11.781,18.06,429.03,20.9,37.8,0.0,0.1,0.19,2,0.5215686736248311,0.4712819988461323,0.007149327529036558,NO2
2025-05-21T09:08:28,21.79,467.48900000000003,10.971,12.264,17.568,428.85,20.9,37.8,0.0,0.35,0.38,2,0.5216805264882075,0.4711660597609672,0.007153413750825283,NO2
2025-05-21T09:09:28,21.78,465.23400000000004,11.169,11.245500000000002,17.664,428.3,20.9,37.8,0.02,0.3,0.31,2,0.5217472077695505,0.47107234524399816,0.007180446986451271,NO2
2025-05-21T09:10:28,21.79,461.21900000000005,12.492,11.5815,16.764,428.11,20.9,37.7,0.0,0.49,0.49,2,0.5219443317364457,0.47082249526869263,0.007233172994861693,NO2
2025-05-21T09:11:28,21.79,455.79600000000005,12.186,11.8545,16.116,428.04,20.9,37.8,0.0,0.51,0.51,2,0.5223061951076974,0.4704244600884952,0.007269344803807444,NO2
2025-05-21T09:12:27,21.79,456.9510000000001,12.626999999999999,12.012,16.512,428.01,20.9,37.8,0.0,0.67,0.78,2,0.5224116934305423,0.4702330564915464,0.007355250077911337,NO2
2025-05-21T09:13:27,21.79,463.122,10.827,12.285,15.588,428.0,20.9,37.8,0.15,0.71,0.9,2,0.5226348418705995,0.46993173645313085,0.00743342167626964,NO2
2025-05-21T09:14:27,21.79,453.904,12.447000000000001,12.054,16.331999999999997,428.0,20.9,37.8,0.07,0.3,0.37,2,0.5229943360225879,0.4695517693523977,0.007453894625014382,NO2
2025-05-21T09:15:28,21.79,453.915,11.691,10.9725,17.184,428.0,20.9,37.8,0.02,0.27,0.29,2,0.522978247463638,0.4695514971747099,0.007470255361652092,NO2
2025-05-21T09:16:28,21.78,455.9940000000001,12.213000000000001,12.725999999999999,14.76,428.0,20.9,37.8,0.01,0.12,0.13,2,0.523263058981651,0.4693296790255826,0.007407261992766387,NO2
2025-05-21T09:17:28,21.78,463.41900000000004,11.169,12.558000000000002,15.972,428.0,20.9,37.8,0.04,0.35,0.35,2,0.5238345460302066,0.4687377130227583,0.0074277409470350315,NO2
2025-05-21T09:18:28,21.79,458.79900000000004,11.106,13.0305,14.243999999999998,427.71,20.9,37.8,0.04,0.33,0.33,2,0.5246202276507088,0.4679747053992479,0.007405066950043244,NO2
2025-05-21T09:19:28,21.79,453.14500000000004,11.313,12.5475,16.968,427.25,20.9,37.8,0.01,0.18,0.18,2,0.5249730409565584,0.4676410854606051,0.007385873582836478,NO2
2025-05-21T09:20:28,21.79,464.057,11.772,11.8545,18.012,427.09,20.9,37.8,0.01,0.59,0.64,2,0.5251054959956231,0.46744955007176986,0.007444953932607076,NO2
2025-05-21T09:21:28,21.79,482.9440000000001,12.231,11.591999999999999,18.227999999999998,427.03,20.9,37.8,0.0,0.7,0.72,2,0.5248940560173846,0.46757080771106774,0.007535136271547706,NO2
2025-05-21T09:22:28,21.79,515.097,12.933,12.579,15.696,427.36,20.9,37.9,0.03,0.3,0.47,2,0.525076218749907,0.46735433151001593,0.007569449740077109,NO2
2025-05-21T09:23:29,21.78,500.85200000000003,12.141,12.736500000000001,16.668,427.78,20.9,37.8,0.05,0.4,0.62,2,0.5253615103503713,0.46701818060687456,0.007620309042754228,NO2
2025-05-21T09:24:29,21.79,495.55000000000007,12.456,13.3035,14.568,427.76,20.9,37.9,0.02,0.4,0.48,2,0.5260665934734793,0.4662735738112453,0.007659832715275374,NO2
2025-05-21T09:25:29,21.79,508.7170000000001,12.816,11.6865,16.235999999999997,427.46,20.9,37.8,0.05,0.8,0.82,2,0.5262578163416625,0.4659697990784364,0.00777238457990112,NO2
2025-05-21T09:26:29,21.79,519.277,13.347,12.159,15.54,427.16,20.9,37.9,0.02,0.53,0.53,2,0.5268816101285494,0.46528746440883134,0.007830925462619246,NO2
2025-05-21T09:27:29,21.79,511.63200000000006,11.691,12.0015,15.299999999999999,427.06,20.9,37.8,0.0,0.51,0.6,2,0.5271109651774114,0.4649921416320062,0.007896893190582394,NO2
2025-05-21T09:28:30,21.79,509.982,10.746,12.925500000000001,15.419999999999998,427.02,20.9,37.9,0.0,0.19,0.47,2,0.5277142041501298,0.46436892871421437,0.007916867135655776,NO2
2025-05-21T09:29:30,21.8,529.034,11.574,11.8755,16.788,427.41,20.9,37.9,0.0,0.33,0.46,2,0.5277424340150181,0.4642974565320506,0.00796010945293128,NO2
2025-05-21T09:30:31,21.79,553.344,12.087,12.2745,16.608,427.79,20.9,37.9,0.0,0.19,0.42,2,0.5277874327361011,0.4642884862933239,0.00792408097057498,NO2
2025-05-21T09:31:31,21.79,526.702,11.151000000000002,10.899000000000001,17.556,427.93,20.9,37.9,0.0,0.14,0.21,2,0.5276815467612274,0.46440132834575515,0.007917124893017541,NO2
2025-05-21T09:32:26,21.79,528.2750000000001,11.583,12.022499999999999,17.172,427.97,20.9,37.9,0.0,0.28,0.3,2,0.5277395792068175,0.4643150758873292,0.007945344905853332,NO2
2025-05-21T09:33:26,21.79,589.908,12.474,12.6945,16.128,427.99,20.9,37.9,0.16,0.34,0.35,2,0.5280860263754042,0.46393188717134504,0.007982086453250766,NO2
2025-05-21T09:34:26,21.79,588.676,13.905,12.043500000000002,17.676,428.0,20.9,37.9,0.05,0.49,0.5,2,0.5280703948190238,0.4638834837822058,0.008046121398770326,NO2
2025-05-21T09:35:26,21.8,565.158,11.367,12.159,16.188,428.0,20.9,37.9,0.02,0.49,0.49,2,0.5284553226638424,0.46343044246558723,0.008114234870570326,NO2
2025-05-21T09:36:26,21.79,578.105,10.854000000000001,13.387500000000001,14.292,427.59,20.9,37.9,0.23,0.5,0.5,2,0.5291073035244134,0.4627092599113143,0.008183436564272412,NO2
2025-05-21T09:37:27,21.79,581.1850000000001,12.168,12.1485,15.527999999999999,427.21,20.9,37.9,0.12,0.45,0.67,2,0.5292823408826274,0.46247235336077197,0.008245305756600626,NO2
2025-05-21T09:38:27,21.8,599.544,13.932,11.844,17.148,427.07,21.0,37.9,0.04,0.48,0.56,2,0.529180051375058,0.46252510806293795,0.008294840562004116,NO2
2025-05-21T09:39:27,21.8,627.4290000000001,13.716000000000001,12.7995,16.272,427.03,20.9,37.9,0.01,0.36,0.38,2,0.5295933177492823,0.4620766100103977,0.008330072240320037,NO2
2025-05-21T09:40:27,21.8,656.1170000000001,11.313,12.537,16.86,427.01,20.9,37.9,0.0,0.32,0.32,2,0.5297631742153958,0.4619570939514081,0.008279731833196108,NO2
2025-05-21T09:41:27,21.8,640.695,11.645999999999999,13.398,15.024,427.0,20.9,37.8,0.0,0.31,0.31,2,0.5301416843212114,0.4615726752145623,0.00828564046422628,NO2
2025-05-21T09:42:28,21.8,678.4250000000001,12.267000000000001,13.041,15.66,427.0,21.0,37.9,0.08,0.42,0.73,2,0.530474258255128,0.4612118646113146,0.008313877133557506,NO2
2025-05-21T09:43:28,21.8,691.0640000000001,10.683,12.3585,16.715999999999998,427.0,21.0,37.9,0.03,0.92,1.03,2,0.5306781064391791,0.4608863964613535,0.008435497099467369,NO2
2025-05-21T09:44:29,21.8,653.422,11.501999999999999,12.138000000000002,16.296,427.0,21.0,37.8,0.21,0.79,0.83,2,0.5309904313050161,0.4604755554313706,0.008534013263613333,NO2
2025-05-21T09:45:29,21.8,636.0640000000001,12.204,12.4635,16.788,427.16,21.0,37.9,0.07,0.68,0.69,2,0.5310534334074536,0.46032582725035764,0.008620739342188733,NO2
2025-05-21T09:46:29,21.8,663.047,11.43,12.516,14.616,427.25,21.0,37.8,0.06,0.76,0.76,2,0.5314112921875879,0.4598996756982379,0.008689032114174208,NO2
2025-05-21T09:47:29,21.8,667.2490000000001,11.979000000000001,12.600000000000001,16.596,427.49,21.0,37.8,0.09,0.79,0.97,2,0.5316024153674714,0.45961260630328826,0.008784978329240292,NO2
2025-05-21T09:48:29,21.8,661.0340000000001,11.43,13.576500000000001,16.008,427.82,21.0,37.8,0.03,0.82,0.88,2,0.5318554236715036,0.4592617485535459,0.008882827774950447,NO2
2025-05-21T09:49:30,21.8,647.3280000000001,12.860999999999999,12.999,14.772,427.94,21.0,37.8,0.01,0.8,1.07,2,0.531970331919008,0.45910820707128874,0.008921461009703186,NO2
2025-05-21T09:50:31,21.8,691.1850000000001,12.672,12.012,16.476,427.98,21.0,37.8,0.02,0.83,0.93,2,0.531805964124282,0.45918347440783214,0.009010561467885814,NO2
2025-05-21T09:51:31,21.8,683.7710000000001,11.979000000000001,12.4845,16.572,427.54,21.0,37.8,0.13,0.68,0.71,2,0.5316436324346311,0.4593439710608174,0.00901239650455147,NO2
2025-05-21T09:52:31,21.81,676.9290000000001,11.645999999999999,13.083000000000002,16.523999999999997,427.19,21.0,37.8,0.04,0.54,0.55,2,0.5317662841062645,0.4591927794593017,0.009040936434433771,NO2
2025-05-21T09:53:31,21.84,684.519,9.513,12.81,16.104,427.71,21.0,37.8,0.01,0.36,0.36,2,0.5320065436509825,0.4589323818934264,0.009061074455591078,NO2
2025-05-21T09:54:31,21.86,695.948,10.854000000000001,13.272000000000002,13.692,427.41,21.0,37.8,0.0,0.26,0.27,2,0.5323020885411612,0.4586266973531594,0.009071214105679373,NO2
2025-05-21T09:55:31,21.87,707.8060000000002,12.501000000000001,13.314,13.584,427.37,21.0,37.8,0.0,0.56,0.73,2,0.5326756268744053,0.45819540727856145,0.009128965847033274,NO2
2025-05-21T09:56:31,21.87,726.4950000000001,12.123000000000001,12.453,16.272,427.35,21.0,37.8,0.23,0.89,1.05,2,0.5327774855625276,0.45798755751455394,0.009234956922918468,NO2
2025-05-21T09:57:31,21.88,703.219,11.700000000000001,12.0855,17.28,427.21,21.0,37.8,0.34,0.73,0.79,2,0.5331486618338563,0.4575695258323692,0.009281812333774444,NO2
2025-05-21T09:58:31,21.88,715.198,14.139000000000001,12.6945,16.427999999999997,427.07,21.0,37.7,0.23,0.76,0.78,2,0.5336468757802568,0.4570187576615278,0.009334366558215398,NO2
2025-05-21T09:59:33,21.88,745.822,12.447000000000001,12.600000000000001,15.623999999999999,427.53,21.0,37.8,0.11,0.65,0.66,2,0.5341130361403545,0.4565589816144905,0.009327982245154989,NO2
2025-05-21T10:00:33,21.89,727.0670000000001,12.051,12.5265,17.124,427.75,21.0,37.8,0.08,0.72,0.72,2,0.5342215137931693,0.45643370353914675,0.009344782667683956,NO2
2025-05-21T10:01:33,21.89,691.9110000000001,12.051,12.169500000000001,17.364,427.3,21.0,37.8,0.03,0.78,0.78,2,0.5342287255282627,0.4563845720875353,0.009386702384202025,NO2
2025-05-21T10:02:29,21.89,716.474,10.881,13.1565,15.984,427.11,21.0,37.8,0.64,1.24,1.6,2,0.5345739389714044,0.4558877768993289,0.009538284129266699,NO2
2025-05-21T10:03:29,21.89,714.7360000000001,12.375,11.980500000000001,17.784,427.04,21.0,37.7,0.2,0.53,0.74,2,0.534516914541877,0.4558828483720721,0.00960023708605092,NO2
2025-05-21T10:04:29,21.88,666.919,12.087,11.340000000000002,18.684,427.01,21.0,37.8,0.07,0.59,0.76,2,0.5343804487310769,0.4559656229353451,0.009653928333578024,NO2
2025-05-21T10:05:30,21.89,624.393,11.43,12.4845,18.456,427.01,21.1,37.7,0.16,0.6,0.79,2,0.5344290137889689,0.4558510313526995,0.009719954858331598,NO2
2025-05-21T10:06:30,21.89,593.8240000000001,10.863000000000001,12.264,17.747999999999998,427.41,21.0,37.7,0.09,0.41,0.47,2,0.5344634245533636,0.45581049521612477,0.009726080230511578,NO2
2025-05-21T10:07:30,21.89,572.748,11.016,12.033000000000001,17.88,427.63,21.0,37.7,0.03,0.23,0.25,2,0.5344092459486819,0.4558925060376414,0.009698248013676731,NO2
2025-05-21T10:08:30,21.89,563.629,12.105,13.3665,14.915999999999999,427.22,21.1,37.6,0.01,0.26,0.27,2,0.5349356917147364,0.4553770674346836,0.009687240850580045,NO2
2025-05-21T10:09:33,21.89,548.647,11.745000000000001,12.568500000000002,15.78,427.08,21.0,37.7,0.0,0.61,0.61,2,0.535188273376874,0.4550869735407592,0.009724753082366786,NO2
2025-05-21T10:10:33,21.89,533.3570000000001,11.79,12.621,16.356,427.4,21.1,37.6,0.25,0.65,0.82,2,0.5355720427275709,0.45467395956312506,0.009753997709304052,NO2
2025-05-21T10:11:33,21.89,529.793,10.404,13.0305,15.515999999999998,427.79,21.1,37.6,0.48,0.83,0.91,2,0.5359748463475449,0.45417855697540577,0.009846596677049336,NO2
2025-05-21T10:12:33,21.89,522.2030000000001,10.197000000000001,12.3585,16.764,427.93,21.1,37.6,0.33,0.97,1.22,2,0.5359982929110129,0.4540810489829145,0.009920658106072629,NO2
2025-05-21T10:13:33,21.89,526.097,11.394,13.0935,15.972,427.97,21.1,37.6,0.16,0.8,0.92,2,0.5363935094862063,0.45359839932006296,0.010008091193730764,NO2
2025-05-21T10:14:33,21.89,522.9620000000001,10.845,12.736500000000001,16.488,428.64,21.1,37.6,0.21,0.55,0.59,2,0.5365916587904863,0.4533358109189494,0.01007253029056427,NO2
2025-05-21T10:15:33,21.9,517.8580000000001,11.457,11.802000000000001,16.704,428.84,21.1,37.6,0.16,0.69,0.7,2,0.5367168001627238,0.4531191699969716,0.01016402984030459,NO2
2025-05-21T10:16:33,21.89,515.3720000000001,10.386,11.098500000000001,17.724,428.71,21.1,37.6,0.4,0.72,0.73,2,0.5366388104094167,0.45309974134629727,0.010261448244285999,NO2
2025-05-21T10:17:33,21.89,508.89300000000003,10.575000000000001,11.571,17.064,428.25,21.1,37.5,0.52,1.17,1.17,2,0.5365716306320115,0.45303511386482787,0.01039325550316062,NO2
2025-05-21T10:18:34,21.89,504.724,11.925,12.159,16.128,427.57,21.1,37.5,0.24,0.62,0.62,2,0.536666399324798,0.45287296997921794,0.010460630695984095,NO2
2025-05-21T10:19:34,21.9,504.87800000000004,9.107999999999999,11.7495,16.919999999999998,427.28,21.1,37.5,0.08,0.73,0.73,2,0.5367089905116355,0.4527797876721326,0.01051122181623194,NO2
2025-05-21T10:20:34,21.9,508.25500000000005,10.368,11.361,17.628,427.75,21.1,37.5,0.29,0.82,0.82,2,0.5366653967782195,0.45272924950373555,0.010605353718045043,NO2
2025-05-21T10:21:34,21.9,507.11100000000005,11.583,12.400500000000001,16.907999999999998,427.91,21.0,37.5,0.41,0.94,0.94,2,0.5370520223551252,0.45224979427266243,0.010698183372212408,NO2
2025-05-21T10:22:35,21.9,497.75000000000006,11.817,12.537,17.352,427.97,21.1,37.5,0.37,0.83,1.14,2,0.5370227645695712,0.4521816590947853,0.010795576335643538,NO2
2025-05-21T10:23:35,21.9,490.182,11.772,13.3035,15.12,427.99,21.1,37.5,0.16,0.8,1.11,2,0.5374423960771895,0.45166084377696336,0.0108967601458472,NO2
2025-05-21T10:24:35,21.9,494.6260000000001,11.151000000000002,11.844,17.112,428.23,21.1,37.5,0.06,0.68,0.78,2,0.5373823895510925,0.451654315804402,0.010963294644505421,NO2
2025-05-21T10:25:30,21.9,482.22900000000004,10.935,12.705,16.043999999999997,428.7,21.1,37.5,0.44,0.9,0.93,2,0.5374676746255656,0.4514635706449256,0.011068754729508816,NO2
2025-05-21T10:26:30,21.9,484.67100000000005,12.222,12.652500000000002,16.26,428.9,21.1,37.5,0.21,0.75,1.07,2,0.537900368931148,0.4509536704905457,0.011145960578306358,NO2
2025-05-21T10:27:30,21.9,477.774,13.122,11.781,18.0,429.58,21.1,37.5,0.3,0.94,1.06,2,0.5380792337063066,0.4506604448238018,0.011260321469891562,NO2
2025-05-21T10:28:31,21.9,477.6530000000001,12.708,11.707500000000001,18.084,429.85,21.1,37.5,0.31,0.73,0.77,2,0.538051926095409,0.45063153442337284,0.011316539481218229,NO2
2025-05-21T10:29:31,21.9,476.86100000000005,11.331,11.172,18.372,429.95,21.1,37.5,0.66,1.27,1.28,2,0.5378747939900157,0.45064930983791324,0.011475896172071,NO2
2025-05-21T10:30:32,21.9,471.88900000000007,12.348,11.004000000000001,18.48,429.98,21.1,37.4,0.45,1.15,1.16,2,0.537577256577295,0.450795514910021,0.011627228512683913,NO2
2025-05-21T10:31:32,21.9,487.34400000000005,11.952,11.2875,17.772,430.57,21.1,37.4,0.26,0.88,0.89,2,0.5373278959254373,0.45096910324785844,0.011703000826704276,NO2
2025-05-21T10:32:32,21.9,491.821,13.113000000000001,11.6445,16.727999999999998,430.85,21.1,37.4,0.08,0.81,0.81,2,0.5372824561913648,0.4509527663533978,0.011764777455237362,NO2
2025-05-21T10:33:32,21.9,478.00500000000005,14.463000000000001,11.0145,17.58,430.95,21.1,37.4,0.37,1.16,1.16,2,0.5371728193332761,0.4509229087947723,0.011904271871951588,NO2
2025-05-21T10:34:32,21.9,482.482,13.014000000000001,11.8335,16.368,430.92,21.1,37.3,0.44,0.93,1.34,2,0.5373955603402956,0.4506249048610416,0.01197953479866279,NO2
2025-05-21T10:35:38,21.91,471.647,12.141,10.5945,17.184,430.97,21.1,37.4,0.22,0.83,1.22,2,0.5372735573306612,0.4506969577291035,0.01202948494023529,NO2
2025-05-21T10:36:33,21.92,482.218,12.438,11.487,17.208,430.99,21.1,37.3,0.13,0.73,0.93,2,0.5371689460514992,0.45073962893855035,0.01209142500995045,NO2
2025-05-21T10:37:33,21.92,478.64300000000003,12.618,12.1485,16.392,431.0,21.1,37.4,0.43,0.91,0.98,2,0.5370389076871825,0.45077113188372914,0.0121899604290883,NO2
2025-05-21T10:38:33,21.92,487.74,12.834,12.2535,16.32,431.0,21.1,37.4,0.44,0.77,1.01,2,0.537044416742143,0.4507377702259833,0.012217813031873678,NO2
2025-05-21T10:39:33,21.94,483.91200000000003,12.528,12.2955,16.992,430.86,21.1,37.4,0.33,0.63,0.94,2,0.5370191538339244,0.45074461905298,0.012236227113095601,NO2
2025-05-21T10:40:33,21.94,481.14,11.718,13.104000000000001,15.443999999999999,430.91,21.1,37.4,0.15,0.49,0.58,2,0.5373260361067742,0.45044507585344734,0.012228888039778455,NO2
2025-05-21T10:41:33,21.96,482.07500000000005,11.844000000000001,12.211500000000001,17.34,431.37,21.1,37.4,0.08,0.52,0.56,2,0.5374581861034146,0.45027147212176055,0.012270341774824946,NO2
2025-05-21T10:42:33,21.97,477.9940000000001,12.006,11.707500000000001,17.424,432.13,21.1,37.4,0.08,0.54,0.62,2,0.5376479366302774,0.45007352237286474,0.012278540996857884,NO2
2025-05-21T10:43:33,21.97,471.47100000000006,12.618,11.6235,17.676,433.34,21.1,37.4,0.19,0.64,0.92,2,0.5377350568481202,0.44999171764860907,0.012273225503270745,NO2
2025-05-21T10:44:33,21.97,476.3550000000001,12.825000000000001,11.886000000000001,17.208,434.18,21.1,37.4,0.16,0.61,0.8,2,0.5377984314636916,0.4498811310265971,0.012320437509711325,NO2
2025-05-21T10:45:33,21.97,461.461,12.078,11.991,17.364,434.71,21.1,37.4,0.1,0.44,0.5,2,0.5378158640240107,0.4498486078921412,0.012335528083848054,NO2
2025-05-21T10:46:33,21.97,477.53200000000004,11.745000000000001,11.949000000000002,16.308,434.9,21.1,37.4,0.07,0.35,0.37,2,0.5380118527450128,0.449666098925118,0.01232204832986923,NO2
2025-05-21T10:47:34,21.97,483.58200000000005,13.068,12.285,15.6,435.05,21.1,37.4,0.23,0.67,0.9,2,0.5380626219283859,0.44954675405946914,0.012390624012144903,NO2
2025-05-21T10:48:34,21.97,474.14400000000006,13.607999999999999,11.591999999999999,17.604,435.66,21.1,37.4,0.73,0.96,1.32,2,0.5378745713776042,0.4496552596812228,0.012470168941173025,NO2
2025-05-21T10:49:34,21.98,471.76800000000003,12.105,11.2665,18.384,435.39,21.1,37.5,0.68,0.96,1.29,2,0.5374985719699207,0.44996359084318843,0.012537837186890933,NO2
2025-05-21T10:50:34,21.97,474.045,11.223,11.655,19.176,435.79,21.1,37.4,0.77,1.34,1.47,2,0.5371097392164721,0.45020854455317244,0.01268171623035549,NO2
2025-05-21T10:51:35,21.98,472.94500000000005,11.475,11.907,17.28,435.93,21.1,37.4,0.75,1.11,1.15,2,0.5371750080688465,0.45003999684800716,0.012784995083146245,NO2
2025-05-21T10:52:35,21.97,476.25600000000003,11.484,12.201,17.76,435.97,21.1,37.4,0.65,0.91,0.92,2,0.537090753544681,0.4500421261115001,0.012867120343818891,NO2
2025-05-21T10:53:35,21.97,465.531,13.491,12.316500000000001,17.291999999999998,435.99,21.1,37.4,0.57,0.92,0.93,2,0.5371367907817449,0.4499035636560593,0.012959645562195763,NO2
2025-05-21T10:54:35,21.97,488.07000000000005,12.15,10.647,19.452,436.5,21.1,37.4,0.5,1.08,1.09,2,0.5366947033721181,0.450233003433679,0.013072293194202892,NO2
2025-05-21T10:55:35,21.98,476.949,12.249,11.927999999999999,17.316,436.82,21.1,37.4,0.59,1.31,1.31,2,0.5366068140274297,0.450195416957931,0.01319776901463924,NO2
2025-05-21T10:56:35,21.98,478.533,12.753,11.4555,18.0,436.94,21.1,37.3,0.69,1.19,1.43,2,0.5364031342216052,0.4502692155023214,0.013327650276073348,NO2
2025-05-21T10:57:35,21.98,477.09200000000004,12.843,12.589500000000001,16.596,436.98,21.1,37.3,0.52,1.11,1.27,2,0.5364981702463757,0.45007381157769777,0.013428018175926544,NO2
2025-05-21T10:58:35,21.98,482.52600000000007,13.671,11.770500000000002,17.148,437.61,21.1,37.3,0.48,1.05,1.1,2,0.5366654013307236,0.4497996495524367,0.013534949116839763,NO2
2025-05-21T10:59:35,21.98,482.031,12.456,12.075000000000001,17.796,438.27,21.1,37.3,0.45,0.71,0.73,2,0.5365063699298743,0.44995010562423743,0.01354352444588825,NO2
2025-05-21T11:00:36,21.98,480.72200000000004,11.052,12.18,17.916,438.74,21.1,37.3,0.75,1.09,1.09,2,0.5364422301714928,0.44994114136134056,0.013616628467166624,NO2
2025-05-21T11:01:36,21.99,458.238,12.078,11.9175,17.904,439.19,21.1,37.3,0.7,1.04,1.04,2,0.5363253889651837,0.4499978233183946,0.013676787716421692,NO2
2025-05-21T11:02:36,21.98,473.418,11.349,12.725999999999999,17.34,439.71,21.1,37.2,0.52,0.9,0.9,2,0.5362951721345254,0.44997761531077046,0.013727212554704177,NO2
2025-05-21T11:03:36,21.98,481.613,10.728,11.9385,17.831999999999997,439.9,21.1,37.3,0.69,0.86,1.27,2,0.5363203340678678,0.4499013172582227,0.01377834867390955,NO2
2025-05-21T11:04:36,21.99,477.55400000000003,9.837,13.167,15.947999999999999,440.05,21.1,37.2,0.76,1.06,1.21,2,0.5363677051870039,0.4497764438741264,0.013855850938869686,NO2
2025-05-21T11:05:36,21.99,474.8260000000001,11.664000000000001,12.264,17.195999999999998,440.12,21.1,37.2,0.84,1.14,1.19,2,0.5362608391282764,0.4498265485279375,0.01391261234378612,NO2
2025-05-21T11:06:38,21.98,468.358,13.077,12.516,17.592,440.34,21.1,37.3,0.95,1.36,1.38,2,0.5361501300041769,0.44980109994158407,0.01404877005423912,NO2
2025-05-21T11:07:37,21.99,478.20300000000003,12.033,12.043500000000002,17.016,440.77,21.1,37.3,0.94,1.31,1.32,2,0.5360506678339378,0.4497684044084786,0.014180927757583492,NO2
2025-05-21T11:08:37,21.99,480.64500000000004,11.151000000000002,11.4765,17.868,440.92,21.1,37.2,0.81,1.42,1.6,2,0.5357729717234765,0.4498811892044778,0.014345839072045757,NO2
2025-05-21T11:09:37,21.98,482.2510000000001,10.188,11.2875,18.947999999999997,440.97,21.1,37.2,0.78,1.25,1.3,2,0.5354208234285946,0.45009230935778854,0.014486867213616748,NO2
2025-05-21T11:10:37,21.98,473.48400000000004,12.186,11.791500000000001,18.096,440.99,21.1,37.1,0.4,1.02,1.04,2,0.5352930120086612,0.4501234537383429,0.01458353425299593,NO2
2025-05-21T11:11:37,21.98,472.6260000000001,13.086,12.39,17.604,441.39,21.1,37.1,0.36,1.01,1.01,2,0.5350015677648899,0.4503035222200825,0.014694910015027506,NO2
2025-05-21T11:12:38,21.98,478.599,12.870000000000001,12.285,18.972,441.29,21.1,37.1,0.56,1.04,1.29,2,0.5347144177772574,0.45047124822375145,0.0148143339989912,NO2
2025-05-21T11:13:38,21.98,478.302,11.961,13.314,15.527999999999999,441.1,21.1,37.1,0.58,0.97,1.05,2,0.5348560251559301,0.4502170013836462,0.014926973460423733,NO2
2025-05-21T11:14:38,21.99,478.98400000000004,12.285,11.991,18.924,441.04,21.1,37.1,0.49,1.04,1.26,2,0.5346823957537403,0.45026706430922486,0.015050539937034852,NO2
2025-05-21T11:15:38,21.99,476.52000000000004,11.484,12.033000000000001,18.012,441.01,21.1,37.1,0.61,1.09,1.2,2,0.534430110583666,0.45040219218602423,0.015167697230309855,NO2
2025-05-21T11:16:38,21.98,478.90700000000004,11.835,11.487,19.164,441.0,21.1,37.0,0.57,1.19,1.23,2,0.5340932316387634,0.45061103766617583,0.015295730695060737,NO2
2025-05-21T11:17:38,21.99,474.57300000000004,13.077,11.980500000000001,17.483999999999998,441.0,21.1,37.1,0.65,1.06,1.07,2,0.5337637562366571,0.4508448463235468,0.01539139743979607,NO2
2025-05-21T11:18:38,21.98,465.564,11.439000000000002,11.980500000000001,18.564,441.49,21.1,37.1,0.68,0.86,0.87,2,0.5335639440987219,0.45098678737477627,0.015449268526501869,NO2
2025-05-21T11:19:38,21.99,479.53400000000005,11.124,11.5815,18.624,441.74,21.1,37.0,0.56,1.09,1.2,2,0.5332156485436392,0.4512436590000667,0.01554069245629411,NO2
2025-05-21T11:20:39,21.98,485.57300000000004,11.115,12.4425,17.868,441.72,21.1,37.0,0.72,1.38,1.6,2,0.5329975612965657,0.45132322651017487,0.01567921219325941,NO2
2025-05-21T11:21:39,21.99,485.749,11.844000000000001,11.613000000000001,19.032,441.9,21.1,37.0,0.82,1.22,1.3,2,0.5326100414235825,0.45159984144931586,0.015790117127101606,NO2
2025-05-21T11:22:39,21.99,484.84700000000004,13.698,12.285,17.796,441.96,21.1,37.0,0.44,0.71,0.74,2,0.5323541491251593,0.45178764057556614,0.015858210299274474,NO2
2025-05-21T11:23:39,21.98,483.1530000000001,13.149,12.621,17.628,441.99,21.1,37.0,0.55,0.78,0.78,2,0.5323795193707894,0.45169537014600286,0.015925110483207754,NO2
2025-05-21T11:24:39,21.99,481.03000000000003,12.870000000000001,13.041,17.58,442.54,21.1,37.1,0.45,0.8,0.8,2,0.5323039978152868,0.4517284180469273,0.015967584137785804,NO2
2025-05-21T11:25:39,21.99,473.6600000000001,13.347,12.999,16.8,443.78,21.1,37.0,0.45,0.77,1.39,2,0.5322936261794092,0.45169932157864695,0.016007052241943827,NO2
2025-05-21T11:26:39,21.98,466.411,13.833,12.411000000000001,17.868,445.22,21.1,37.0,0.32,0.72,0.93,2,0.5319926676259858,0.45199278306097634,0.01601454931303779,NO2
2025-05-21T11:27:35,21.98,481.008,13.239,11.0775,20.279999999999998,446.08,21.1,37.0,0.51,0.96,1.07,2,0.5314180066586044,0.4525069271584963,0.01607506618289931,NO2
2025-05-21T11:28:35,21.99,469.2710000000001,13.572000000000001,11.8335,17.387999999999998,446.18,21.1,37.0,0.5,1.18,1.27,2,0.5310730746839881,0.4527708262569274,0.016156099059084564,NO2
2025-05-21T11:29:36,21.99,469.90900000000005,11.196,12.789,17.136,446.06,21.1,37.1,0.54,1.14,1.28,2,0.5308327242692551,0.452918515290652,0.0162487604400929,NO2
2025-05-21T11:30:36,21.99,460.031,11.196,13.0515,16.584,446.02,21.1,37.0,0.51,1.16,1.26,2,0.530783722695118,0.452861375053752,0.016354902251130024,NO2
2025-05-21T11:31:36,21.99,463.50700000000006,11.583,13.2195,16.104,445.78,21.1,37.0,0.59,1.14,1.18,2,0.5307034693445383,0.45288184935067743,0.01641468130478436,NO2
2025-05-21T11:32:37,21.99,465.982,11.772,12.432,17.387999999999998,445.27,21.1,37.0,0.78,1.45,1.66,2,0.5305448566360957,0.45290091199747734,0.016554231366426937,NO2
2025-05-21T11:33:37,21.99,471.43800000000005,12.087,11.991,18.84,445.1,21.1,37.0,0.82,1.71,1.78,2,0.5304094721944255,0.4528968798124251,0.016693647993149468,NO2
2025-05-21T11:34:37,21.99,448.7010000000001,12.429,12.579,17.724,444.74,21.1,36.9,0.91,1.4,1.45,2,0.5302659708627273,0.45294171990706633,0.0167923092302064,NO2
2025-05-21T11:35:37,21.99,473.231,12.645000000000001,12.925500000000001,17.136,444.07,21.1,36.9,0.88,1.42,1.48,2,0.5299868545299781,0.45309775642580147,0.01691538904422047,NO2
2025-05-21T11:36:37,21.99,486.31000000000006,13.437,12.4215,17.676,444.41,21.1,36.9,0.62,0.88,1.16,2,0.5295637090055059,0.45345849807735883,0.0169777929171353,NO2
2025-05-21T11:37:37,21.99,487.80600000000004,12.177,13.7655,15.623999999999999,444.21,21.1,36.8,0.55,1.06,1.21,2,0.5296273157973973,0.4532818568653771,0.017090827337225674,NO2
2025-05-21T11:38:39,21.99,483.56000000000006,11.709,12.81,15.084,444.07,21.1,36.8,0.35,1.05,1.1,2,0.5298506234100729,0.4529479137004922,0.017201462889434842,NO2
2025-05-21T11:39:39,21.99,476.90500000000003,13.203,13.0935,15.732,444.03,21.1,36.8,0.51,1.44,1.46,2,0.5296794969768108,0.45295300724262344,0.01736749578056574,NO2
2025-05-21T11:40:39,21.99,472.175,12.933,12.873000000000001,17.796,444.51,21.1,36.9,0.31,1.14,1.15,2,0.5292622286513868,0.453255428592287,0.01748234275632614,NO2
2025-05-21T11:41:40,21.99,467.379,13.014000000000001,12.096,18.384,444.83,21.1,36.9,0.6,1.04,1.05,2,0.5290532550144293,0.4533512653270661,0.01759547965850462,NO2
2025-05-21T11:42:40,21.99,471.482,11.357999999999999,13.104000000000001,17.088,444.94,21.1,36.8,0.41,1.18,1.19,2,0.5295554457409681,0.4527808370648351,0.017663717194196796,NO2
2025-05-21T11:43:39,21.99,465.31100000000004,11.718,12.820500000000001,19.416,444.98,21.1,36.9,0.26,0.81,0.81,2,0.5295503002393537,0.45274537677734106,0.01770432298330522,NO2
2025-05-21T11:44:39,21.99,470.745,12.258,12.852,18.983999999999998,444.99,21.1,36.9,0.4,0.69,0.76,2,0.5296262603429985,0.4526614138678005,0.017712325789200973,NO2
2025-05-21T11:45:39,21.99,469.865,10.917000000000002,13.387500000000001,16.104,445.16,21.1,36.9,0.71,1.08,1.37,2,0.5297988029874876,0.45241124414840306,0.017789952864109344,NO2
2025-05-21T11:46:39,21.99,480.81000000000006,12.897,14.0805,15.815999999999999,445.7,21.1,36.9,0.78,1.12,1.35,2,0.5301701694703215,0.4519573108785213,0.017872519651157204,NO2
2025-05-21T11:47:39,21.99,478.83000000000004,11.457,14.059500000000002,15.06,446.54,21.1,36.9,0.57,1.5,1.58,2,0.5303825439672007,0.45158737469446636,0.018030081338332882,NO2
2025-05-21T11:48:40,21.99,475.365,12.06,13.177500000000002,16.176,447.66,21.1,36.9,0.48,1.17,1.2,2,0.5307829600846469,0.45108128846671647,0.018135751448636647,NO2
2025-05-21T11:49:40,21.99,484.63800000000003,12.636,12.631499999999999,16.907999999999998,451.41,21.1,37.0,0.6,1.16,1.17,2,0.5306886170127775,0.451070385838397,0.018240997148825527,NO2
2025-05-21T11:50:41,21.99,482.76800000000003,13.725,12.9045,17.028,455.0,21.1,37.0,0.49,1.14,1.26,2,0.5309144579463572,0.45072506137394375,0.018360480679699143,NO2
2025-05-21T11:51:41,21.99,469.557,13.428,13.062,15.911999999999999,458.05,21.1,37.1,0.44,1.03,1.07,2,0.5311252221779554,0.45045426296053337,0.018420514861511156,NO2
2025-05-21T11:52:41,21.99,488.62,12.626999999999999,13.009500000000001,15.947999999999999,463.4,21.1,37.2,0.59,0.98,1.0,2,0.5310804051031968,0.4504510622556717,0.018468532641131526,NO2
2025-05-21T11:53:42,21.99,482.32800000000003,12.717,12.841500000000002,16.008,467.53,21.1,37.1,0.74,1.35,1.58,2,0.5310091301732214,0.45042418525478234,0.018566684571996336,NO2
2025-05-21T11:54:42,21.99,492.613,12.384,12.820500000000001,16.128,470.51,21.1,37.1,0.56,1.4,1.47,2,0.5311272949369117,0.45022746712905004,0.018645237934038293,NO2
2025-05-21T11:55:42,21.99,497.77200000000005,13.032,12.2955,17.52,472.42,21.1,37.2,0.41,0.77,0.79,2,0.5311893879942188,0.45011677700929764,0.0186938349964836,NO2
2025-05-21T11:56:42,21.99,495.17600000000004,14.301,11.487,19.008,472.92,21.1,37.1,0.58,1.17,1.5,2,0.5308461114254215,0.45033126879347735,0.018822619781101144,NO2
2025-05-21T11:57:42,21.99,485.133,11.709,12.222000000000001,17.796,472.74,21.1,37.1,0.56,1.18,1.38,2,0.5307418114894481,0.4503403417706352,0.018917846739916686,NO2
2025-05-21T11:58:42,21.99,469.183,12.96,11.3085,18.996,472.33,21.1,37.1,0.74,1.4,1.46,2,0.5303251853820649,0.45062748454515733,0.019047330072777816,NO2
2025-05-21T11:59:42,21.99,460.53700000000003,14.247,11.151,19.548,470.89,21.1,37.0,0.62,1.24,1.26,2,0.5300952606665799,0.45076761615808053,0.019137123175339554,NO2
2025-05-21T12:00:42,21.99,473.17600000000004,13.815,12.411000000000001,18.264,467.79,21.1,37.1,0.41,0.83,0.83,2,0.529997726262486,0.4507954437660619,0.01920682997145211,NO2
2025-05-21T12:01:42,21.99,463.62800000000004,13.923,12.957,16.956,466.63,21.1,37.1,0.31,0.96,1.16,2,0.5299297345204828,0.45076970927744553,0.01930055620207179,NO2
2025-05-21T12:02:42,21.99,459.92100000000005,13.068,12.2955,19.38,465.79,21.1,37.0,0.42,1.14,1.49,2,0.5296558016325574,0.4509396136708443,0.019404584696598306,NO2
2025-05-21T12:03:42,21.99,448.99800000000005,13.185,13.009500000000001,17.076,464.13,21.1,37.1,1.15,2.39,2.79,2,0.529616507463735,0.45071135597802064,0.019672136558244378,NO2
2025-05-21T12:04:42,21.99,459.899,13.878,12.9045,17.112,463.4,21.2,37.0,1.82,4.02,4.39,2,0.5295158273459611,0.45039759905070414,0.02008657360333469,NO2
2025-05-21T12:05:43,21.99,462.297,14.129999999999999,13.020000000000001,18.336,463.14,21.2,37.1,3.82,8.44,9.49,2,0.5288792352096622,0.45001052926918755,0.021110235521150218,NO2
2025-05-21T12:06:43,21.99,467.75300000000004,14.877,11.9595,19.104,463.53,21.2,37.0,3.84,8.35,9.51,2,0.5280337373850406,0.44982000439022657,0.02214625822473285,NO2
2025-05-21T12:07:43,22.0,484.759,14.472,12.18,18.384,463.19,21.2,36.9,2.83,6.58,7.52,2,0.5276000499498675,0.44941691283866025,0.022983037211472202,NO2
2025-05-21T12:08:43,22.03,506.297,15.012,12.159,16.968,463.07,21.2,36.9,2.1,5.83,6.51,2,0.527251791843087,0.44905326136554863,0.023694946791364364,NO2
2025-05-21T12:09:39,22.05,529.408,15.201,11.949000000000002,16.284,463.11,21.2,36.9,2.17,5.41,6.16,2,0.5270817883664615,0.4485619247099779,0.02435628692356065,NO2
2025-05-21T12:10:39,22.06,551.32,14.895000000000001,12.043500000000002,15.623999999999999,463.69,21.2,36.9,1.52,4.05,4.53,2,0.5269741503164179,0.4482085016245996,0.024817348058982513,NO2
2025-05-21T12:11:39,22.07,567.017,14.921999999999999,11.067,17.28,463.89,21.3,36.9,1.12,3.75,4.25,2,0.5265689887023864,0.44819526135782095,0.025235749939792558,NO2
2025-05-21T12:12:39,22.08,587.917,14.913,10.563,19.439999999999998,463.73,21.2,36.9,1.11,2.88,3.1,2,0.5260244216991171,0.44845708244743043,0.025518495853452446,NO2
2025-05-21T12:13:40,22.08,610.1590000000001,15.975,11.1195,18.348,463.26,21.2,36.8,1.36,2.95,3.11,2,0.525523287394889,0.448672928665436,0.025803783939675033,NO2
2025-05-21T12:14:40,22.09,638.264,15.705,11.1405,18.936,463.01,21.3,36.8,0.92,2.6,3.24,2,0.5250590224935479,0.4488453961023836,0.026095581404068497,NO2
2025-05-21T12:15:40,22.09,659.5600000000001,16.623,11.151,19.128,462.55,21.3,36.7,1.23,2.79,3.82,2,0.5247546449041235,0.448834282379387,0.026411072716489507,NO2
2025-05-21T12:16:40,22.09,673.365,16.389000000000003,11.2875,19.679999999999996,462.76,21.3,36.7,1.11,2.56,3.21,2,0.5240438393948821,0.44924165455343684,0.026714506051681103,NO2
2025-05-21T12:17:40,22.09,696.729,18.009,11.004000000000001,19.212,462.27,21.3,36.7,1.15,2.38,2.6,2,0.5234781853314867,0.4495495136082249,0.02697230106028838,NO2
2025-05-21T12:18:40,22.09,721.589,17.235,11.3925,18.323999999999998,461.48,21.3,36.7,1.18,2.68,2.89,2,0.5228169412508409,0.44991492549424295,0.027268133254916116,NO2
2025-05-21T12:19:41,22.09,734.14,15.515999999999998,11.76,16.992,461.17,21.3,36.7,1.07,2.41,2.49,2,0.5225719264810209,0.44986898677328196,0.027559086745697115,NO2
2025-05-21T12:20:42,22.09,756.932,15.471000000000002,11.413499999999999,18.035999999999998,461.52,21.3,36.6,1.09,2.5,2.88,2,0.5223884053677561,0.44980491520092813,0.02780667943131579,NO2
2025-05-21T12:21:42,22.09,776.6990000000001,15.363000000000001,11.318999999999999,19.212,461.83,21.3,36.6,1.09,2.78,3.38,2,0.5221388876853423,0.4497902122317906,0.028070900082866997,NO2
2025-05-21T12:22:42,22.12,792.363,17.487000000000002,12.18,17.483999999999998,462.1,21.3,36.6,0.75,2.19,2.57,2,0.5218268094020679,0.4498650560548783,0.028308134543053788,NO2
2025-05-21T12:23:42,22.15,803.9570000000001,18.198,12.327,18.444,462.68,21.4,36.6,0.52,1.66,1.79,2,0.5215579665769795,0.4499773141840019,0.02846471923901862,NO2
2025-05-21T12:24:42,22.16,792.0770000000001,17.666999999999998,11.298,19.2,462.89,21.4,36.6,0.34,1.41,1.46,2,0.5209068555308571,0.45050500840660496,0.028588136062537885,NO2
2025-05-21T12:25:43,22.17,833.932,16.119,11.865000000000002,18.599999999999998,462.86,21.3,36.5,0.78,1.92,1.94,2,0.5206702718919677,0.4506095780132805,0.028720150094751824,NO2
2025-05-21T12:26:43,22.18,848.089,16.236,12.159,18.54,462.41,21.4,36.5,1.28,2.1,2.1,2,0.5203344281655479,0.45075755967890163,0.02890801215555055,NO2
2025-05-21T12:27:43,22.18,852.7310000000001,15.957,11.896500000000001,19.848,461.6,21.4,36.5,1.19,1.97,2.23,2,0.5198769702505006,0.45104727999439004,0.029075749755109303,NO2
2025-05-21T12:28:43,22.19,858.88,17.82,12.201,18.588,461.0,21.4,36.5,1.02,1.84,2.05,2,0.5194413680003778,0.4512810192602621,0.029277612739360085,NO2
2025-05-21T12:29:45,22.19,871.1670000000001,16.038,11.046,19.968,461.0,21.4,36.6,1.14,2.01,2.08,2,0.5189912807403758,0.4515249448356962,0.02948377442392793,NO2
2025-05-21T12:30:45,22.19,877.2500000000001,16.002000000000002,12.096,17.604,461.54,21.4,36.6,1.33,2.51,2.91,2,0.5187375909641312,0.4514863391988125,0.0297760698370563,NO2
2025-05-21T12:31:45,22.19,872.4430000000001,15.273,12.2535,17.796,462.93,21.4,36.6,1.42,2.47,3.12,2,0.5187153725974107,0.4512228280094479,0.03006179939314133,NO2
2025-05-21T12:32:45,22.19,876.469,16.119,11.907,18.24,463.62,21.4,36.6,0.97,2.11,2.34,2,0.5184970927517852,0.4512123843853098,0.030290522862905022,NO2
2025-05-21T12:33:45,22.19,871.4420000000001,15.849,11.844,18.096,465.18,21.4,36.6,1.02,1.94,2.07,2,0.5181428388874476,0.4513659848894405,0.030491176223111826,NO2
2025-05-21T12:34:45,22.19,876.0400000000001,16.209000000000003,11.9175,17.82,466.36,21.4,36.6,0.6,1.57,1.82,2,0.5180443094414523,0.4513271024810074,0.03062858807754031,NO2
2025-05-21T12:35:45,22.2,879.769,17.469,12.789,16.272,467.28,21.4,36.6,0.91,1.62,1.87,2,0.5180331435582946,0.4511997799450956,0.03076707649660983,NO2
2025-05-21T12:36:45,22.23,871.8600000000001,16.857,11.907,16.224,468.25,21.4,36.6,1.33,2.37,2.45,2,0.517591838302739,0.4514016893849853,0.031006472312275598,NO2
2025-05-21T12:37:46,22.25,871.508,15.768,12.096,17.543999999999997,469.15,21.4,36.7,1.15,2.06,2.2,2,0.5173249454710737,0.4514731569023861,0.031201897626540222,NO2
2025-05-21T12:38:46,22.26,879.461,16.721999999999998,12.054,17.508,468.94,21.5,36.7,1.02,2.12,2.33,2,0.5172108204503285,0.45138262955137787,0.03140654999829355,NO2
2025-05-21T12:39:46,22.27,876.0290000000001,17.577,12.043500000000002,18.023999999999997,468.98,21.4,36.7,1.22,2.24,2.31,2,0.5168656483811311,0.4514920718910853,0.03164227972778355,NO2
2025-05-21T12:40:46,22.28,876.3480000000001,18.666,11.844,16.896,468.99,21.4,36.7,0.7,1.45,1.63,2,0.5167074714682559,0.4515021394029111,0.03179038912883292,NO2
2025-05-21T12:41:46,22.28,872.2450000000001,18.342,11.907,18.348,469.0,21.4,36.7,0.39,1.29,1.35,2,0.5162213390296145,0.4518683942013315,0.03191026676905402,NO2
2025-05-21T12:42:46,22.29,868.9670000000001,18.711,11.7285,18.215999999999998,469.46,21.5,36.7,0.25,1.03,1.05,2,0.5158384010857078,0.4521761069562322,0.031985491958059976,NO2
2025-05-21T12:43:46,22.29,870.562,17.073,12.81,16.523999999999997,470.31,21.5,36.7,0.64,1.52,1.87,2,0.515863957354387,0.4520771566435021,0.03205888600211089,NO2
2025-05-21T12:44:46,22.29,862.004,16.893,11.907,19.224,470.76,21.4,36.7,0.71,1.46,1.92,2,0.5155729379946613,0.45229534589435094,0.03213171611098772,NO2
2025-05-21T12:45:44,22.29,860.1120000000001,17.352,12.306000000000001,18.96,470.91,21.5,36.7,0.75,1.46,1.75,2,0.5153397686851078,0.4524388715852108,0.032221359729681404,NO2
2025-05-21T12:46:44,22.29,852.3130000000001,16.56,12.138000000000002,17.412,470.51,21.5,36.7,0.87,1.5,1.59,2,0.5150375851007148,0.4526577796645563,0.03230463523472888,NO2
2025-05-21T12:47:44,22.29,844.3380000000001,15.371999999999998,12.264,18.06,469.23,21.5,36.7,0.9,1.46,1.65,2,0.5148446829642875,0.45277037303977336,0.03238494399593909,NO2
2025-05-21T12:48:44,22.29,838.662,15.903000000000002,12.474000000000002,17.34,468.54,21.5,36.7,1.19,1.71,1.78,2,0.5145592528187544,0.4529412634012948,0.03249948377995082,NO2
2025-05-21T12:49:44,22.29,819.533,17.649,11.256000000000002,18.624,467.6,21.4,36.7,0.94,1.69,1.71,2,0.5140124655164938,0.453380525850326,0.0326070086331802,NO2
2025-05-21T12:50:43,22.29,828.63,16.929,12.075000000000001,18.816,466.06,21.5,36.7,0.86,1.52,1.53,2,0.5137989573838391,0.45351853728828756,0.03268250532787336,NO2
2025-05-21T12:51:44,22.29,840.4110000000001,15.777000000000001,11.098500000000001,20.268,464.6,21.4,36.7,0.94,1.84,2.47,2,0.5132872176436554,0.4538908476812305,0.03282193467511415,NO2
2025-05-21T12:52:44,22.29,830.907,15.93,11.5395,19.032,462.99,21.4,36.7,0.93,1.81,2.17,2,0.512838744656228,0.454179227339734,0.03298202800403802,NO2
2025-05-21T12:53:44,22.29,826.0450000000001,17.154,10.857000000000001,19.2,461.29,21.5,36.7,1.04,2.0,2.13,2,0.5122750408776864,0.45453590189102844,0.03318905723128519,NO2
2025-05-21T12:54:44,22.29,818.9720000000001,16.686,11.560500000000001,18.372,460.23,21.4,36.7,1.11,1.89,1.94,2,0.5116225401507273,0.45499227742284837,0.03338518242642434,NO2
2025-05-21T12:55:44,22.29,804.551,17.964000000000002,10.983,19.595999999999997,459.43,21.5,36.7,0.8,1.62,1.64,2,0.510838782693713,0.4556534040124398,0.03350781329384723,NO2
2025-05-21T12:56:44,22.29,804.793,18.495,10.794,19.476,458.92,21.5,36.6,0.72,1.85,1.9,2,0.5103471663893293,0.4560267217639282,0.033626111846742454,NO2
2025-05-21T12:57:44,22.29,795.4100000000001,16.002000000000002,10.9305,20.16,458.32,21.5,36.6,0.74,1.9,2.05,2,0.5099237860082089,0.4563078603792061,0.033768353612584984,NO2
2025-05-21T12:58:44,22.3,779.2840000000001,17.595000000000002,11.697000000000001,19.355999999999998,457.62,21.5,36.7,0.58,2.02,2.11,2,0.5095093036872816,0.45657036518808863,0.033920331124629735,NO2
2025-05-21T12:59:45,22.31,776.9520000000001,16.425,12.1905,18.048,457.86,21.5,36.8,0.47,1.47,1.6,2,0.509229151386284,0.45675613524077663,0.03401471337293939,NO2
2025-05-21T13:00:47,22.32,780.1090000000002,14.966999999999999,11.245500000000002,18.528,459.22,21.5,36.8,0.79,1.78,2.14,2,0.5089078969852919,0.45694091837370154,0.03415118464100654,NO2
2025-05-21T13:01:45,22.35,768.5810000000001,14.229000000000001,11.6235,17.831999999999997,459.72,21.5,36.8,1.17,2.42,2.58,2,0.5087019782681245,0.45693883113242273,0.0343591905994528,NO2
2025-05-21T13:02:45,22.36,749.7600000000001,16.083000000000002,11.529000000000002,19.139999999999997,460.01,21.5,36.8,1.07,2.23,2.61,2,0.5082166531327607,0.45730244195916286,0.03448090490807645,NO2
2025-05-21T13:03:45,22.36,743.3140000000001,18.531,11.927999999999999,18.023999999999997,459.26,21.5,36.8,1.02,2.1,2.46,2,0.5080892673723197,0.4572336009512102,0.03467713167647007,NO2
2025-05-21T13:04:45,22.37,743.4240000000001,17.631,11.6865,19.08,457.28,21.5,36.8,0.97,1.94,2.69,2,0.5080110722475852,0.4571472936133839,0.03484163413903084,NO2
2025-05-21T13:05:45,22.37,754.787,15.803999999999998,11.098500000000001,21.468,455.64,21.5,36.8,0.97,1.95,2.19,2,0.5075409730680198,0.4574519966435208,0.03500703028845934,NO2
2025-05-21T13:06:45,22.37,740.3880000000001,16.740000000000002,10.9305,20.76,454.35,21.5,36.7,0.85,1.86,1.93,2,0.5070706257009241,0.4577449474239958,0.03518442687508009,NO2
2025-05-21T13:07:45,22.37,746.405,15.993,11.844,17.976,453.39,21.5,36.7,0.72,1.77,1.79,2,0.5069403780224929,0.45768123599494037,0.03537838598256672,NO2
2025-05-21T13:08:46,22.37,751.894,14.76,11.004000000000001,19.668,452.59,21.5,36.7,0.87,1.89,1.9,2,0.5062123627753152,0.45820988061186035,0.035577756612824404,NO2
2025-05-21T13:09:46,22.38,746.35,15.561,11.413499999999999,19.572,451.86,21.5,36.7,0.96,2.06,2.06,2,0.5057065587401741,0.45854412892314794,0.0357493123366779,NO2
2025-05-21T13:10:46,22.38,747.461,16.245,12.033000000000001,18.612,451.3,21.5,36.7,1.25,2.28,2.28,2,0.5053670566642805,0.4586865441757984,0.03594639915992112,NO2
2025-05-21T13:11:46,22.39,734.855,16.389000000000003,11.791500000000001,19.092,450.95,21.5,36.7,1.08,1.97,1.98,2,0.5048883503943842,0.4590309077407099,0.036080741864905896,NO2
2025-05-21T13:12:46,22.39,731.533,15.075000000000001,11.791500000000001,18.672,450.98,21.5,36.7,0.74,1.42,1.42,2,0.5046543347452448,0.4592138478141048,0.03613181744065041,NO2
2025-05-21T13:13:46,22.38,727.4630000000001,15.515999999999998,12.054,18.72,450.76,21.5,36.7,0.79,1.36,1.51,2,0.504297364547337,0.4595064070059771,0.036196228446685914,NO2
2025-05-21T13:14:46,22.38,688.7320000000001,15.633000000000001,11.1405,21.552,450.27,21.5,36.7,0.86,1.36,1.58,2,0.5036915369963325,0.46002402987676094,0.036284433126906546,NO2
2025-05-21T13:15:47,22.38,694.694,17.19,12.8625,17.916,450.09,21.5,36.7,0.95,1.51,1.58,2,0.5036732100132135,0.45995539889446013,0.03637139109232635,NO2
2025-05-21T13:16:48,22.39,716.716,15.984000000000002,11.9175,18.48,450.03,21.5,36.7,0.96,1.55,1.57,2,0.5036592983080014,0.4598767475987892,0.036463954093209384,NO2
2025-05-21T13:17:48,22.39,724.383,15.192,11.8335,19.392,450.1,21.5,36.7,0.99,1.79,1.8,2,0.5034806656889396,0.45999257286956174,0.03652676144149867,NO2
2025-05-21T13:18:48,22.39,695.0790000000001,15.434999999999999,11.004000000000001,20.184,450.03,21.5,36.7,0.86,1.58,1.58,2,0.5029906566854534,0.46037447677990473,0.0366348665346419,NO2
2025-05-21T13:19:49,22.39,693.561,14.103,11.067,19.056,450.01,21.5,36.7,0.77,1.53,1.53,2,0.5027050298873437,0.4605659201724734,0.03672904994018288,NO2
2025-05-21T13:20:49,22.39,677.325,13.68,11.0145,19.776,450.0,21.5,36.7,0.87,1.78,1.78,2,0.5024472995857703,0.46071255558893537,0.03684014482529435,NO2
2025-05-21T13:21:45,22.39,697.9060000000001,15.345,11.088000000000001,20.279999999999998,450.16,21.5,36.8,0.96,1.89,2.02,2,0.5019899275159511,0.4610583273291574,0.036951745154891504,NO2
2025-05-21T13:22:45,22.39,707.7950000000001,14.741999999999999,10.689,20.34,450.7,21.5,36.8,0.78,1.4,1.8,2,0.5015228573736684,0.4614544449644924,0.03702269766183921,NO2
2025-05-21T13:23:45,22.39,697.84,14.814000000000002,11.172,19.487999999999996,450.9,21.5,36.8,0.87,1.25,1.38,2,0.5009313162609168,0.4619948637490056,0.037073819990077576,NO2
2025-05-21T13:24:45,22.39,692.725,14.895000000000001,11.214,20.028000000000002,450.96,21.5,36.8,0.74,1.52,1.56,2,0.5005939886467632,0.46223787407985295,0.037168137273383826,NO2
2025-05-21T13:25:45,22.39,681.1310000000001,13.23,11.1405,19.74,450.99,21.5,36.8,0.84,1.52,1.53,2,0.5001062810802647,0.46265472395387586,0.0372389949658595,NO2
2025-05-21T13:26:51,22.39,672.287,13.536,11.193000000000001,18.72,451.0,21.5,36.8,0.67,1.62,1.89,2,0.4997035748396022,0.4629498499574246,0.03734657520297319,NO2
2025-05-21T13:27:46,22.39,677.094,13.347,10.647,20.052,451.0,21.5,36.8,0.84,1.81,1.9,2,0.4993681714508993,0.46317834690021925,0.037453481648881445,NO2
2025-05-21T13:28:46,22.39,656.1170000000001,15.696000000000002,11.4975,19.932,451.0,21.5,36.8,0.7,1.44,1.59,2,0.4991655648880592,0.4633009190858867,0.03753351602605405,NO2
2025-05-21T13:29:46,22.39,663.7070000000001,15.489,10.605,19.836000000000002,451.0,21.5,36.7,0.78,1.67,1.83,2,0.4989688632198892,0.4634509061051938,0.03758023067491704,NO2
2025-05-21T13:30:46,22.39,667.623,14.238000000000001,10.647,20.279999999999998,451.0,21.5,36.8,0.59,1.5,1.55,2,0.49877589517852805,0.46360702760611083,0.03761707721536109,NO2
2025-05-21T13:31:46,22.39,665.7310000000001,14.022,10.0905,21.479999999999997,450.35,21.5,36.8,0.63,1.33,1.35,2,0.49834216808568815,0.46399446201629785,0.03766336989801402,NO2
2025-05-21T13:32:47,22.39,660.891,15.156,10.9305,21.24,450.12,21.5,36.8,0.84,1.32,1.33,2,0.49790390057705514,0.4643876101178039,0.03770848930514097,NO2
2025-05-21T13:33:47,22.39,634.557,14.643,11.949000000000002,19.38,450.04,21.5,36.8,0.74,1.07,1.18,2,0.4978903826913641,0.46443019311215056,0.037679424196485366,NO2
2025-05-21T13:34:47,22.39,622.919,15.578999999999999,11.046,21.144000000000002,450.02,21.5,36.8,0.49,1.66,1.7,2,0.4974113335636851,0.4648377194433984,0.0377509469929165,NO2
2025-05-21T13:35:47,22.39,642.004,13.950000000000001,11.340000000000002,21.0,450.01,21.5,36.9,0.77,1.87,1.88,2,0.4971603164842352,0.46498721962448125,0.0378524638912836,NO2
2025-05-21T13:36:47,22.39,660.0770000000001,15.336,10.9305,21.179999999999996,450.0,21.5,36.9,0.32,1.39,1.4,2,0.49677091854468536,0.4653116283039225,0.03791745315139217,NO2
2025-05-21T13:37:48,22.39,650.0450000000001,14.589,11.7285,20.195999999999998,450.0,21.5,36.9,0.47,1.33,1.54,2,0.49642508361030047,0.46562248505558634,0.03795243133411315,NO2
2025-05-21T13:38:48,22.39,676.2470000000001,16.092,11.3505,20.220000000000002,450.0,21.5,36.9,0.51,1.15,1.32,2,0.4960189124754616,0.4659949206794519,0.03798616684508652,NO2
2025-05-21T13:39:48,22.39,646.613,14.688,9.870000000000001,21.444,450.0,21.5,36.9,0.23,0.79,0.84,2,0.4954099787654626,0.466586892581463,0.03800312865307437,NO2
2025-05-21T13:40:48,22.39,642.873,15.003000000000002,11.277000000000001,20.508,450.0,21.5,36.9,0.29,0.92,1.05,2,0.4948108414356252,0.4671443371810626,0.038044821383312236,NO2
2025-05-21T13:41:48,22.4,624.4590000000001,15.885,12.211500000000001,21.252,450.0,21.5,36.8,0.76,1.56,1.6,2,0.49446867029929903,0.4673794550161513,0.03815187468454968,NO2
2025-05-21T13:42:49,22.42,607.8270000000001,14.427000000000001,11.655,21.048,450.0,21.5,36.9,0.92,1.76,1.77,2,0.49412971643886383,0.4675872833119713,0.0382830002491649,NO2
2025-05-21T13:43:49,22.44,598.9060000000001,13.347,11.182500000000001,20.844,450.0,21.5,36.8,0.45,1.26,1.26,2,0.493815762868732,0.4678382397574703,0.03834599737379763,NO2
2025-05-21T13:44:49,22.46,603.251,14.805,10.563,21.023999999999997,450.41,21.5,36.8,0.67,1.26,1.26,2,0.4933513210893551,0.4682317575542742,0.0384169213563707,NO2
2025-05-21T13:45:49,22.46,588.9840000000002,13.824,10.773,19.787999999999997,450.79,21.5,36.9,0.59,1.06,1.34,2,0.49299912249046496,0.4685100728946688,0.03849080461486628,NO2
2025-05-21T13:46:49,22.47,598.015,13.941,11.4555,19.679999999999996,451.09,21.5,37.0,0.28,0.96,1.06,2,0.49266609128046057,0.46878213509595273,0.03855177362358673,NO2
2025-05-21T13:47:50,22.47,588.7750000000001,13.392000000000001,10.7835,21.06,454.59,21.5,37.1,0.36,0.93,1.28,2,0.49209087680476776,0.4693419632951814,0.03856715990005084,NO2
2025-05-21T13:48:50,22.47,622.82,13.689000000000002,10.836,20.987999999999996,465.84,21.5,37.1,0.68,0.98,1.13,2,0.49176400209339305,0.46967821757243233,0.03855778033417466,NO2
2025-05-21T13:49:50,22.47,639.6060000000001,15.129,10.993500000000001,19.548,471.76,21.5,37.0,0.68,1.14,1.36,2,0.4916392089137195,0.4697848380955336,0.03857595299074689,NO2
2025-05-21T13:50:50,22.47,654.544,14.148000000000001,11.403,18.744,470.83,21.5,37.0,0.6,1.48,1.57,2,0.49163104853473905,0.4697711705281627,0.03859778093709828,NO2
2025-05-21T13:51:50,22.48,638.7700000000001,13.770000000000001,10.1325,20.844,469.01,21.5,36.8,0.48,1.3,1.55,2,0.4911615463053331,0.4702210758961074,0.03861737779855952,NO2
2025-05-21T13:52:50,22.48,618.2,14.822999999999999,9.849000000000002,21.323999999999998,464.33,21.5,36.9,0.62,1.12,1.29,2,0.49062299826056993,0.47073242239871893,0.038644579340711124,NO2
2025-05-21T13:53:50,22.48,625.6030000000001,14.949,9.8175,22.344,460.58,21.5,36.9,0.59,1.21,1.31,2,0.489958387828765,0.47136687327362525,0.03867473889760978,NO2
2025-05-21T13:54:50,22.49,614.7460000000001,14.499,11.55,20.052,457.8,21.5,36.9,0.52,1.04,1.07,2,0.490025364872772,0.47131616952424643,0.03865846560298155,NO2
2025-05-21T13:55:51,22.49,617.254,14.787,11.382,20.412000000000003,457.32,21.5,36.9,0.33,1.05,1.06,2,0.4897617106189047,0.4716239059590094,0.038614383422085875,NO2
2025-05-21T13:56:51,22.49,619.5090000000001,13.833,10.3635,21.971999999999998,462.53,21.5,36.9,0.28,0.72,0.72,2,0.4893860970956034,0.472069312174057,0.038544590730339584,NO2
2025-05-21T13:57:51,22.49,636.57,12.519,11.424000000000001,20.58,464.55,21.6,36.9,0.19,0.47,0.47,2,0.489011793075487,0.47253366217412834,0.03845454475038468,NO2
2025-05-21T13:58:51,22.49,617.3530000000001,14.103,11.991,18.503999999999998,463.42,21.6,36.8,0.61,0.83,0.83,2,0.48895728909475006,0.4726245388393567,0.03841817206589326,NO2
2025-05-21T13:59:51,22.49,603.0530000000001,14.4,11.844,19.979999999999997,460.08,21.6,37.0,0.54,1.15,1.15,2,0.48875094197672214,0.47278675507152257,0.0384623029517553,NO2
2025-05-21T14:00:51,22.49,585.376,14.490000000000002,10.804499999999999,21.468,458.09,21.6,36.9,0.77,1.38,1.38,2,0.4883242941862937,0.47318503040363374,0.03849067541007257,NO2
2025-05-21T14:01:51,22.49,586.465,15.146999999999998,10.489500000000001,21.744,457.54,21.6,36.9,0.61,1.21,1.21,2,0.4878791630372561,0.4736176311594128,0.038503205803331074,NO2
2025-05-21T14:02:51,22.49,586.9159999999999,14.175,10.878,20.712,457.84,21.6,37.0,0.68,1.22,1.22,2,0.4874077150814296,0.47405187191197135,0.03854041300659901,NO2
2025-05-21T14:03:52,22.49,591.811,13.392000000000001,11.046,21.684,458.38,21.6,37.3,0.52,1.05,1.05,2,0.48702413004332873,0.47442531009094985,0.0385505598657214,NO2
2025-05-21T14:04:52,22.49,578.8860000000001,13.806000000000001,11.9385,21.528000000000002,486.67,21.6,37.2,0.63,1.11,1.11,2,0.48649053435109657,0.47497239222262105,0.03853707342628236,NO2
2025-05-21T14:05:52,22.49,634.183,13.905,10.626,21.671999999999997,497.59,21.6,36.9,0.23,0.88,0.88,2,0.4860043322000227,0.47550038734993866,0.03849528045003865,NO2
2025-05-21T14:06:52,22.49,619.333,11.601,12.725999999999999,20.052,486.32,21.6,37.4,0.25,1.16,1.48,2,0.4858720519085006,0.4756724466620269,0.03845550142947251,NO2
2025-05-21T14:07:52,22.49,618.673,13.014000000000001,11.571,21.66,529.31,21.6,38.4,0.52,1.15,1.29,2,0.48550640637298137,0.4760788058766728,0.03841478775034583,NO2
