DATE,CO,NO,NO2,O3,CO2,PM2.5,AQHI,NO2_contrib,O3_contrib,PM2_5_contrib,Top_AQHI_Contributor
2026-04-06 00:45:00,2.0086485714285716,5.298571428571429,28.37142857142857,26.41142857142857,847.6371428571429,3.1014285714285714,,,,,
2026-04-06 01:00:00,1.9667413333333335,5.26,28.239333333333335,26.396666666666665,849.188,2.668,,,,,
2026-04-06 01:15:00,1.812568,4.562,27.807333333333332,26.188,848.006,2.3946666666666667,,,,,
2026-04-06 01:30:00,1.6695513333333334,4.1033333333333335,27.508,26.066,846.482,2.2866666666666666,,,,,
2026-04-06 01:45:00,1.61005,4.468666666666667,27.389333333333333,26.043333333333333,847.614,2.1533333333333333,,,,,
2026-04-06 02:00:00,1.631094,5.202,27.503999999999998,26.114,854.5666666666667,2.2093333333333334,,,,,
2026-04-06 02:15:00,1.8097313333333334,3.6553333333333335,27.862,26.216,852.51,2.3913333333333333,,,,,
2026-04-06 02:30:00,2.0872400000000004,4.527333333333333,27.876666666666665,26.163333333333334,849.9333333333333,2.5573333333333332,,,,,
2026-04-06 02:45:00,2.2517258333333334,4.598,27.805333333333333,26.030666666666665,840.7633333333333,3.7573333333333334,,,,,
2026-04-06 03:00:00,2.1059678571428573,3.909333333333333,27.822666666666667,26.05,848.5286666666667,4.648,,,,,
2026-04-06 03:15:00,1.9588073333333333,3.886,27.858666666666664,26.15866666666667,862.9573333333333,4.089333333333333,,,,,
2026-04-06 03:30:00,1.809068,3.7893333333333334,27.644666666666666,26.010666666666665,861.176,5.648666666666666,4,0.6098606836390648,0.35184233816283333,0.03829697819810193,NO2
2026-04-06 03:45:00,1.6972239999999998,4.4206666666666665,27.712,26.098666666666666,856.7353333333333,3.742,4,0.6092045102292999,0.3518147515309376,0.03898073823976244,NO2
2026-04-06 04:00:00,1.5411466666666667,5.3,27.532,26.262,852.3986666666667,2.592,4,0.6088317205829479,0.352204506182717,0.038963773234335114,NO2
2026-04-06 04:15:00,1.557816,5.374,27.368666666666666,26.153333333333332,858.9513333333333,2.5113333333333334,4,0.6084651714801834,0.3524240774949372,0.039110751024879396,NO2
2026-04-06 04:30:00,1.7101393333333332,4.171333333333333,27.424,26.076,871.6293333333333,2.324666666666667,4,0.608373790120623,0.35247276255277044,0.03915344732660654,NO2
2026-04-06 04:45:00,1.7721573333333334,3.8146666666666667,27.424666666666667,26.017333333333333,866.9013333333334,2.3546666666666667,4,0.6082931435298229,0.3523586168222615,0.03934823964791559,NO2
2026-04-06 05:00:00,1.7296526666666667,4.025333333333333,27.792666666666666,26.235333333333333,870.5533333333333,2.562,4,0.6082018608601364,0.3521330859596562,0.03966505318020735,NO2
2026-04-06 05:15:00,1.6964233333333334,4.164666666666667,27.749333333333333,26.093999999999998,864.7646666666667,2.283333333333333,4,0.6082705698847333,0.35215574877479905,0.03957368134046767,NO2
2026-04-06 05:30:00,1.6213440000000001,4.707333333333334,27.620666666666665,26.132666666666665,867.2139999999999,2.184,4,0.6083359842878657,0.3524339417478942,0.03923007396423999,NO2
2026-04-06 05:45:00,1.6019193333333333,9.515333333333333,28.190666666666665,26.419333333333334,866.7886666666667,2.7533333333333334,4,0.6089678128791455,0.35282594021161,0.03820624690924452,NO2
2026-04-06 06:00:00,1.4900146666666667,12.304,27.488666666666667,26.058666666666667,850.6893333333334,2.986,4,0.6097478990699324,0.35364766480862164,0.03660443612144588,NO2
2026-04-06 06:15:00,1.461046,11.798,27.04,25.695999999999998,840.2986666666667,3.6573333333333333,4,0.6097417421853624,0.3540028434218962,0.03625541439274144,NO2
2026-04-06 06:30:00,1.37828,8.08,27.320666666666668,26.069333333333333,860.88,4.052666666666667,4,0.6104586117467842,0.35483741570269406,0.03470397255052175,NO2
2026-04-06 06:45:00,1.3313493333333333,7.007333333333333,28.092666666666666,26.945999999999998,839.4073333333333,5.752666666666666,4,0.6088979155929439,0.35448115684554454,0.03662092756151151,NO2
2026-04-06 07:00:00,1.588128,15.246666666666666,28.690666666666665,27.469333333333335,800.6726666666667,4.8533333333333335,4,0.6075130050988758,0.35379044365820855,0.03869655124291559,NO2
2026-04-06 07:15:00,1.7650540000000001,17.232666666666667,28.019333333333332,26.274,788.0973333333333,4.273333333333333,4,0.6068219305537171,0.35282472332491244,0.04035334612137037,NO2
2026-04-06 07:30:00,1.7731513333333333,20.691333333333333,27.695333333333334,25.96666666666667,775.1446666666667,3.8926666666666665,4,0.6061350340197262,0.35201190937631927,0.04185305660395449,NO2
2026-04-06 07:45:00,1.7081853333333334,21.009333333333334,28.073333333333334,26.211333333333332,770.9613333333333,4.013333333333334,4,0.6054631997813568,0.351147492211685,0.04338930800695824,NO2
2026-04-06 08:00:00,1.6238893333333333,20.963333333333335,28.066,26.292,775.5873333333334,4.096,4,0.6046920600558786,0.3504731762649423,0.044834763679179115,NO2
2026-04-06 08:15:00,1.6193393333333332,19.023333333333333,28.187333333333335,26.228666666666665,783.3033333333334,3.8506666666666667,4,0.6039706407337614,0.3497412946411028,0.04628806462513574,NO2
2026-04-06 08:30:00,1.631346,18.611333333333334,28.49266666666667,26.087333333333333,778.9366666666667,4.004666666666667,4,0.6035349626219729,0.3485187879342114,0.04794624944381566,NO2
2026-04-06 08:45:00,1.709642,20.754,28.982,26.443333333333335,773.0426666666667,4.407333333333334,4,0.6030974775577487,0.3474628768856986,0.04943964555655268,NO2
2026-04-06 09:00:00,1.89994,24.896,31.111333333333334,27.696,814.8753333333333,7.368,4,0.6020042093905453,0.3448815690362521,0.05311422157320257,NO2
2026-04-06 09:15:00,1.8654106666666666,20.636666666666667,30.884666666666668,27.67,845.5986666666666,6.466666666666667,4,0.6017926126542965,0.3429903102627271,0.05521707708297641,NO2
2026-04-06 09:30:00,1.8535086666666667,14.326,30.12,27.132,850.3753333333333,5.556666666666667,4,0.6021973370921768,0.34155361343152046,0.056249049476302715,NO2
2026-04-06 09:45:00,1.903778,14.155333333333333,29.920666666666666,27.389333333333333,918.9093333333333,5.681333333333334,4,0.6032284492064821,0.3407940716795439,0.05597747911397394,NO2
2026-04-06 10:00:00,2.026073333333333,14.610666666666667,29.730666666666668,27.327333333333332,1007.5666666666667,7.739999999999999,4,0.602378401448061,0.339136448289108,0.05848515026283104,NO2
2026-04-06 10:15:00,2.067076666666667,10.893333333333333,29.008,26.641333333333332,1004.6733333333333,7.264666666666667,4,0.6011156458821754,0.33784742361546655,0.061036930502358124,NO2
2026-04-06 10:30:00,2.1929273333333335,4.1066666666666665,28.786,26.886666666666667,1012.5033333333333,7.39,4,0.5992998995673224,0.33673703755931567,0.06396306287336191,NO2
2026-04-06 10:45:00,3.3891166666666668,5.235333333333333,28.499333333333333,26.332,1030.3606666666667,7.949333333333334,4,0.5973004659207825,0.33532849007674037,0.06737104400247713,NO2
2026-04-06 11:00:00,3.806188,3.866,28.666666666666668,26.37666666666667,1011.3473333333334,9.322666666666667,4,0.5947439409183722,0.3334050447927023,0.07185101428892551,NO2
2026-04-06 11:15:00,3.9627742857142856,5.03,29.672,27.963333333333335,1087.742,8.952,4,0.591887506356889,0.33218546353716655,0.07592703010594441,NO2
2026-04-06 11:30:00,,5.6946666666666665,28.987333333333332,26.775333333333332,1104.772,7.707333333333334,4,0.5897891295140266,0.3312468904205475,0.07896398006542589,NO2
2026-04-06 11:45:00,3.576196,6.334,28.574666666666666,26.472666666666665,1072.4526666666666,7.074666666666666,4,0.5880424867416506,0.3306809812027232,0.08127653205562614,NO2
2026-04-06 12:00:00,3.485584,7.096,28.96066666666667,27.033333333333335,1117.0253333333333,7.680666666666666,4,0.5867772133217602,0.33133004361820073,0.08189274306003896,NO2
2026-04-06 12:15:00,3.496500666666667,4.382666666666666,28.887333333333334,26.498666666666665,1136.3773333333334,8.607333333333333,4,0.5849255118137777,0.33098481667004637,0.08408967151617595,NO2
2026-04-06 12:30:00,3.756388,4.570666666666667,29.412,26.928666666666665,1160.8926666666666,9.202666666666667,4,0.582579248356124,0.3301246801697041,0.087296071474172,NO2
2026-04-06 12:45:00,4.400208461538462,5.413333333333333,29.573333333333334,26.989333333333335,1175.2106666666666,8.418,4,0.581102098592002,0.3292081272511684,0.08968977415682958,NO2
2026-04-06 13:00:00,,5.038,29.137333333333334,25.98,1166.134,11.103333333333333,4,0.579684310788991,0.3275862480658556,0.09272944114515343,NO2
2026-04-06 13:15:00,,4.123333333333333,29.129333333333335,25.679333333333332,1124.6453333333334,11.306666666666667,4,0.5781853151801113,0.3256376247818843,0.09617706003800437,NO2
2026-04-06 13:30:00,3.672369090909091,4.947333333333333,28.955333333333332,25.802666666666667,1090.0446666666667,10.094,4,0.5775099663759697,0.32398776476683444,0.09850226885719587,NO2
2026-04-06 13:45:00,3.2517646666666664,8.080666666666668,28.832666666666665,25.701333333333334,1061.218,9.57,4,0.5772592740557115,0.32288916289781555,0.09985156304647293,NO2
2026-04-06 14:00:00,2.8746633333333333,6.052666666666666,28.700666666666667,25.599333333333334,996.0600000000001,9.406666666666666,4,0.5776977269796075,0.32230758881629235,0.0999946842041001,NO2
2026-04-06 14:15:00,2.594765333333333,5.072,29.411333333333335,26.607333333333333,1002.128,8.294666666666666,4,0.5786652400328249,0.3217018904818026,0.0996328694853725,NO2
2026-04-06 14:30:00,2.493266,4.649333333333334,29.070666666666668,26.659333333333333,997.6246666666667,8.76,4,0.5782327252884387,0.32126484059141824,0.10050243412014305,NO2
2026-04-06 14:45:00,2.7112233333333333,3.544,28.914,26.564,990.6306666666667,8.087333333333333,4,0.5778810338552969,0.32084666320024235,0.10127230294446082,NO2
2026-04-06 15:00:00,3.4078646666666668,4.140666666666666,28.944666666666667,26.499333333333333,1017.0566666666666,8.839333333333334,4,0.5775704817096693,0.3201434466252891,0.10228607166504158,NO2
2026-04-06 15:15:00,3.5986013333333333,4.9399999999999995,29.06,26.878,999.5113333333334,8.442666666666666,4,0.5775561574420559,0.3203625993490012,0.1020812432089429,NO2
2026-04-06 15:30:00,3.6740950000000003,5.158666666666667,28.87,26.523333333333333,1017.224,6.879333333333333,4,0.5786464003767612,0.32105731317300257,0.10029628645023624,NO2
2026-04-06 15:45:00,,4.951333333333333,28.497333333333334,26.217333333333332,984.1493333333333,7.064666666666667,4,0.5790645380388173,0.3215024870274032,0.09943297493377952,NO2
2026-04-06 16:00:00,3.53955,5.332,28.926,26.468666666666667,1009.0193333333333,7.408,4,0.5806053836539229,0.32306100261099063,0.09633361373508649,NO2
2026-04-06 16:15:00,3.286206923076923,4.8133333333333335,28.503333333333334,25.46066666666667,977.832,7.108,4,0.5825614358289138,0.3245152280699881,0.09292333610109806,NO2
2026-04-06 16:30:00,3.2384700000000004,4.737333333333334,29.023333333333333,25.598666666666666,965.048,7.374,4,0.5842133941793942,0.32515860753803016,0.09062799828257564,NO2
2026-04-06 16:45:00,3.26902,4.5512500000000005,29.4275,25.62625,967.09,7.84875,4,0.58562100726599,0.3252986625409969,0.08908033019301315,NO2
2026-04-06 17:00:00,3.201304,4.502666666666666,28.936,25.514,958.046,9.187999999999999,4,0.5859591467445857,0.325174510040253,0.08886634321516126,NO2
2026-04-06 17:15:00,3.0492779999999997,4.156666666666666,28.727333333333334,25.586,949.622,7.066666666666666,4,0.586773627451116,0.3252100546692534,0.08801631787963055,NO2
2026-04-06 17:30:00,2.96583,4.434,29.208666666666666,25.771333333333335,946.7166666666667,7.9173333333333336,4,0.5878806128787394,0.32476365989196776,0.08735572722929288,NO2
2026-04-06 17:45:00,2.9585886666666665,4.076666666666667,28.648,25.16,939.5946666666666,7.1113333333333335,4,0.5890978730542037,0.32421641071999785,0.08668571622579842,NO2
2026-04-06 18:00:00,2.673806,4.001333333333333,28.922666666666668,26.023333333333333,899.79,7.022666666666667,4,0.5903868069336501,0.32444634077080986,0.08516685229554007,NO2
2026-04-06 18:15:00,2.3830386666666667,4.133333333333334,28.352,26.055333333333333,878.6873333333333,7.128666666666667,4,0.5911317086390282,0.3246611862510988,0.08420710510987298,NO2
2026-04-06 18:30:00,2.171040666666667,3.8706666666666667,28.346,25.175333333333334,876.1833333333333,7.541333333333333,4,0.5912311324457357,0.32379052942275094,0.0849783381315134,NO2
2026-04-06 18:45:00,2.0227886666666666,3.432666666666667,28.49,25.14,882.76,8.399333333333333,4,0.5911504596765845,0.3226154861564334,0.08623405416698209,NO2
2026-04-06 19:00:00,1.9100193333333335,3.408,28.472,25.287333333333333,883.2566666666667,9.878,4,0.5901821365919278,0.3212689336991912,0.08854892970888105,NO2
2026-04-06 19:15:00,1.8059286666666667,3.386,27.862666666666666,25.55,895.7746666666667,7.934666666666667,4,0.589209019477766,0.3214376731573571,0.08935330736487686,NO2
2026-04-06 19:30:00,1.735644,3.3273333333333333,26.969333333333335,25.362,885.946,6.996,4,0.5881013732852447,0.32253144410379436,0.0893671826109609,NO2
2026-04-06 19:45:00,1.7568759999999999,3.813333333333333,25.758,25.14666666666667,860.8293333333334,7.94,4,0.5857046482912448,0.3242285723724609,0.09006677933629435,NO2
2026-04-06 20:00:00,1.7310713333333334,3.8746666666666667,26.008666666666667,25.448,859.964,7.481333333333334,4,0.5845735696426716,0.32638760704567965,0.08903882331164874,NO2
2026-04-06 20:15:00,1.6400946666666667,3.6919999999999997,26.3,25.534666666666666,856.2373333333334,7.1546666666666665,4,0.5827715899944196,0.32772446753643963,0.08950394246914077,NO2
2026-04-06 20:30:00,1.622568,3.392,25.448666666666668,25.601333333333333,843.7186666666666,8.327333333333334,4,0.5798525126592357,0.3296635103194103,0.09048397702135408,NO2
2026-04-06 20:45:00,2.048614666666667,3.7606666666666664,25.122,25.342666666666666,826.0046666666666,8.694666666666667,4,0.5761876424286526,0.33136436808772113,0.09244798948362633,NO2
2026-04-06 21:00:00,2.2811066666666666,3.6546666666666665,25.293333333333333,25.383333333333333,824.7533333333333,6.898666666666666,4,0.5738932958168247,0.33310046809751176,0.09300623608566352,NO2
2026-04-06 21:15:00,2.196292666666667,3.65,24.73,25.817999999999998,832.5006666666667,5.150666666666667,4,0.5723715673971286,0.3357727447073565,0.09185568789551489,NO2
2026-04-06 21:30:00,2.0295466666666666,4.004666666666666,24.426000000000002,26.545333333333332,837.5366666666666,3.9,4,0.570516243847345,0.34043306217349234,0.08905069397916265,NO2
2026-04-06 21:45:00,1.9252206666666667,4.02,24.323333333333334,26.829333333333334,824.086,3.2453333333333334,4,0.5690978694043678,0.3461050995753645,0.08479703102026767,NO2
2026-04-06 22:00:00,1.8233673333333333,3.48,24.141333333333332,27.866,831.1433333333333,2.892,4,0.5680059896315258,0.3533344177880553,0.07865959258041888,NO2
2026-04-06 22:15:00,1.7241946666666668,3.489333333333333,23.692666666666668,26.890666666666668,834.6773333333333,2.5613333333333332,4,0.5668815325059764,0.3591099678981381,0.07400849959588555,NO2
2026-04-06 22:30:00,1.6931713333333334,3.7533333333333334,23.018666666666668,26.61466666666667,795.8853333333333,2.1013333333333333,4,0.5656863686666513,0.36462106821327883,0.06969256312006981,NO2
2026-04-06 22:45:00,1.6463493333333334,3.6606666666666667,13.174666666666667,26.334,754.4766666666667,1.8246666666666667,4,0.5578348304630559,0.3770045281248127,0.06516064141213139,NO2
2026-04-06 23:00:00,1.5506386666666667,3.5786666666666664,11.118,26.178,741.9493333333334,1.6286666666666667,3,0.5475367548801402,0.3915191231677261,0.06094412195213366,NO2
2026-04-06 23:15:00,1.707054,3.5553333333333335,9.726666666666667,26.671333333333333,813.0926666666667,1.83,3,0.5342140430145391,0.40862175506682796,0.057164201918632924,NO2
2026-04-06 23:30:00,2.041446666666667,3.5926666666666667,8.494666666666667,26.914666666666665,845.0353333333334,1.5326666666666666,3,0.5202055225697796,0.428388235480941,0.051406241949279424,NO2
2026-04-06 23:45:00,2.370832,3.19,8.357333333333333,27.114,859.61,1.4833333333333334,3,0.5050854793583159,0.4503515509746973,0.04456296966698681,NO2
2026-04-07 00:00:00,2.484576,2.608,8.508666666666667,27.573999999999998,850.3906666666667,1.3686666666666667,3,0.4871310021718848,0.47366935181004577,0.03919964601806942,NO2
2026-04-07 00:15:00,2.3534206666666666,2.442,9.704,27.936666666666667,856.4946666666666,1.3886666666666667,3,0.46878123231305663,0.4956654053490876,0.03555336233785577,O3
2026-04-07 00:30:00,2.188973333333333,2.4213333333333336,11.250666666666666,28.062,853.9253333333334,1.3946666666666667,3,0.45120755007566754,0.515567279075567,0.03322517084876549,O3
2026-04-07 00:45:00,1.975132,2.4066666666666667,11.996,28.62933333333333,870.216,1.628,3,0.43288387404073153,0.5352037317173193,0.03191239424194923,O3
2026-04-07 01:00:00,1.807464,2.3586666666666667,12.682,29.046,841.8326666666667,2.6653333333333333,3,0.41431357129691954,0.5531669659051238,0.032519462797956665,O3
2026-04-07 01:15:00,1.6870273333333332,2.3073333333333332,12.988666666666667,29.332666666666665,834.0906666666666,1.6546666666666667,3,0.3954565052257216,0.5725506447784869,0.031992849995791446,O3
2026-04-07 01:30:00,1.55497,2.2393333333333336,13.018,29.691333333333333,817.1413333333334,1.4186666666666667,2,0.37626077716812284,0.5920557933420489,0.03168342948982819,O3
2026-04-07 01:45:00,1.463676,2.2346666666666666,12.773333333333333,29.918,816.8513333333333,1.3226666666666667,2,0.37344089836046035,0.5958153576645976,0.03074374397494206,O3
2026-04-07 02:00:00,1.3969273333333334,2.236666666666667,12.616,29.933333333333334,826.3186666666667,3.3000000000000003,2,0.37265623568506634,0.5943887102793098,0.032955054035623786,O3
2026-04-07 02:15:00,1.3482046666666667,2.232666666666667,12.974,30.039333333333335,815.3986666666667,2.1733333333333333,3,0.3759720667376474,0.591050069387073,0.032977863875279574,O3
2026-04-07 02:30:00,1.2798713333333334,2.2413333333333334,13.559333333333333,30.18466666666667,818.0473333333333,1.1366666666666667,3,0.3827674210651783,0.5854764607739383,0.03175611816088329,O3
2026-04-07 02:45:00,1.2156479999999998,2.296,14.107333333333333,30.182,833.996,1.1393333333333333,3,0.3905392608005979,0.5788524272015834,0.03060831199781864,O3
2026-04-07 03:00:00,1.1780519999999999,2.246,14.373333333333333,29.891333333333332,849.002,1.828,3,0.39821251842184674,0.5711185063255958,0.030668975252557462,O3
2026-04-07 03:15:00,1.147668,2.196,11.871333333333332,29.787333333333333,846.9873333333334,1.706,3,0.40024249489617997,0.5689094851564764,0.0308480199473436,O3
2026-04-07 03:30:00,1.1010446666666667,2.0193333333333334,10.682666666666668,30.258666666666667,818.1846666666667,1.1273333333333333,3,0.39809008492651665,0.5714991892830918,0.030410725790391495,O3
2026-04-07 03:45:00,1.0664633333333333,2.033333333333333,10.880666666666666,30.28,822.1986666666667,1,3,0.39563795127040413,0.5748229367363136,0.029539111993282338,O3
2026-04-07 04:00:00,1.0560019999999999,1.9400000000000002,10.224666666666666,30.254666666666665,823.516,0.902,3,0.3919732137642103,0.5808426504296961,0.027184135806093666,O3
2026-04-07 04:15:00,1.0471026666666667,1.9666666666666668,10.753333333333334,29.964,849.46,1.468,3,0.3880878332352969,0.5848610320625794,0.02705113470212362,O3
2026-04-07 04:30:00,1.03935,1.8813333333333335,9.834666666666667,29.991333333333333,844.7393333333333,4.172,3,0.38116871660110896,0.5876359508076193,0.031195332591271684,O3
2026-04-07 04:45:00,1.0489886666666666,1.8786666666666667,9.365333333333334,30.270666666666667,834.4366666666667,6.032,3,0.37271561989448704,0.5891215488296463,0.0381628312758666,O3
2026-04-07 05:00:00,1.0647666666666666,1.886,9.463333333333333,30.326666666666664,832.6386666666667,3.602,3,0.36702287575388187,0.5940877809067395,0.038889343339378594,O3
2026-04-07 05:15:00,1.0857973333333335,1.892,9.617333333333333,30.564,827.5386666666667,2.5926666666666667,3,0.3607543331587745,0.5994380459189611,0.03980762092226446,O3
2026-04-07 05:30:00,1.1243106666666667,1.8746666666666667,9.482,30.599333333333334,827.7966666666666,2.9146666666666667,3,0.3524728454533072,0.6047414981922558,0.04278565635443706,O3
2026-04-07 05:45:00,1.2680973333333334,1.8693333333333335,10.284,30.538666666666668,833.602,10.319333333333333,3,0.3407351340590571,0.6029070153007384,0.05635785064020453,O3
2026-04-07 06:00:00,1.33417,1.8713333333333335,9.728666666666667,30.744666666666667,822.4166666666666,8.036666666666667,3,0.32879527854397966,0.6054296571547951,0.06577506430122522,O3
2026-04-07 06:15:00,1.2547913333333334,1.9493333333333334,9.532,31.06,796.1746666666667,4.7026666666666666,3,0.3223726292699174,0.6073772128586906,0.07025015787139202,O3
2026-04-07 06:30:00,1.2346966666666668,1.9186666666666667,9.648,31.144666666666666,791.7433333333333,3.2146666666666666,3,0.3189957937101833,0.6077559171634127,0.07324828912640409,O3
2026-04-07 06:45:00,1.322976,2.1393333333333335,15.432,31.823999999999998,791.486,2.14,3,0.3258709358081633,0.6003950570767377,0.07373400711509899,O3
2026-04-07 07:00:00,1.60388,2.4306666666666668,24.776,32.264,758.9573333333333,1.7926666666666666,3,0.3493886015162647,0.5786766157246779,0.07193478275905743,O3
2026-04-07 07:15:00,1.864026,3.142,25.812,31.558,748.2053333333333,2.226,3,0.3721382456030801,0.5577956995283041,0.07006605486861578,O3
2026-04-07 07:30:00,1.9984353333333333,3.3933333333333335,27.99266666666667,31.325333333333333,737.8473333333334,2.244666666666667,3,0.3990826266166759,0.5362977631613315,0.06461961022199258,O3
2026-04-07 07:45:00,1.9349826666666667,3.55,28.91,29.274666666666665,729.7526666666666,2.232,3,0.42806262139439877,0.5145201706083324,0.057417207997268856,O3
2026-04-07 08:00:00,1.7592919999999999,3.022666666666667,28.888666666666666,28.693333333333335,727.8486666666666,2.024,3,0.4539866507743647,0.4926834231301665,0.05332992609546885,O3
2026-04-07 08:15:00,1.6385386666666666,2.842,29.827333333333335,28.610666666666667,733.286,2.12,3,0.47847985195118004,0.4708283214099749,0.050691826638845076,NO2
2026-04-07 08:30:00,1.6030093333333335,2.086,26.679333333333332,28.64,723.7473333333334,2.7613333333333334,4,0.49792722815855406,0.45318785131932793,0.04888492052211802,NO2
2026-04-07 08:45:00,1.4886953333333333,2.0506666666666664,29.582666666666668,29.03933333333333,724.0606666666666,2.6406666666666667,4,0.5221153783662718,0.4387000790077467,0.03918454262598156,NO2
2026-04-07 09:00:00,1.4278846666666667,2.3473333333333333,21.698666666666668,29.384,753.4333333333333,3.132,4,0.5368190115814635,0.42987415847548754,0.03330682994304899,NO2
2026-04-07 09:15:00,1.5596700000000001,2.1846666666666668,13.074666666666667,29.945333333333334,816.026,2.8606666666666665,4,0.5417633454651074,0.42700771415253247,0.03122894038236011,NO2
2026-04-07 09:30:00,1.6466353333333335,2.1146666666666665,11.945333333333334,30.464,848.176,3.2973333333333334,4,0.5441866142105694,0.4246129897175855,0.031200396071845136,NO2
2026-04-07 09:45:00,1.7828626666666667,2.108,21.192,30.742,851.942,2.775333333333333,4,0.5495351832139566,0.41892320825510904,0.03154160853093436,NO2
2026-04-07 10:00:00,2.0438373333333333,2.3266666666666667,23.292666666666666,30.594666666666665,898.4173333333333,11.373333333333333,4,0.5438432033596852,0.41478700144302105,0.04136979519729378,NO2
2026-04-07 10:15:00,2.141756,2.4886666666666666,14.652,29.814666666666668,954.1433333333333,10.010666666666667,4,0.5306525559271059,0.4190946735596042,0.050252770513289836,NO2
2026-04-07 10:30:00,2.305460666666667,2.2066666666666666,16.390666666666668,30.277333333333335,1028.9813333333334,9.15,4,0.5166957307488435,0.42477930552015936,0.05852496373099717,NO2
2026-04-07 10:45:00,2.55073,2.3113333333333332,8.52,29.404666666666667,951.124,5.5713333333333335,3,0.49465440841684183,0.4408899784231767,0.06445561315998147,NO2
2026-04-07 11:00:00,3.262608,2.262,7.965333333333334,30.255333333333333,920.3386666666667,4.311333333333334,3,0.4700319054935215,0.4603114204547786,0.06965667405169995,NO2
2026-04-07 11:15:00,6.591374666666667,2.1573333333333333,10.526,31.053333333333335,943.552,5.149333333333334,3,0.44447139721480666,0.4797782696699352,0.07575033311525811,O3
2026-04-07 11:30:00,6.8031386666666664,2.0393333333333334,12.342666666666666,31.576,980.4886666666666,5.8933333333333335,3,0.4231967799855569,0.49537000135185527,0.08143321866258785,O3
2026-04-07 11:45:00,5.208812,2.001333333333333,17.245333333333335,30.918666666666667,1007.1066666666667,6,3,0.40409785800926146,0.5085145821033262,0.08738755988741233,O3
2026-04-07 12:00:00,4.186722666666666,2.204,21.407333333333334,31.454666666666668,989.698,6.022666666666667,3,0.40107329129360386,0.5084333845288573,0.09049332417753876,O3
2026-04-07 12:15:00,3.875542,2.5073333333333334,25.58,31.090666666666667,1017.906,5.634,3,0.4154981815335785,0.4935708086216963,0.09093100984472523,O3
2026-04-07 12:30:00,3.9296385714285718,2.945333333333333,24.756666666666668,30.644666666666666,1029.8146666666667,4.686,3,0.43064881559311274,0.47943510691847946,0.08991607748840778,O3
2026-04-07 12:45:00,,2.374,21.77733333333333,30.164666666666665,974.026,4.482666666666667,3,0.430819625008593,0.47748514783634277,0.09169522715506424,O3
2026-04-07 13:00:00,,2.366,19.930666666666667,30.141333333333332,949.4146666666667,4.18,3,0.4306462795215915,0.4847280061505754,0.0846257143278331,O3
2026-04-07 13:15:00,3.142384,2.3386666666666667,19.684,30.132666666666665,905.2426666666667,3.9146666666666667,3,0.43973788249415724,0.48321185374911246,0.07705026375673026,O3
2026-04-07 13:30:00,2.8586566666666666,2.2933333333333334,16.151333333333334,30.318666666666665,896.0973333333334,3.529333333333333,3,0.44237795776769,0.48673750328881915,0.07088453894349087,O3
2026-04-07 13:45:00,2.5410073333333334,2.292,16.349333333333334,30.718,892.61,3.1066666666666665,3,0.4522032127672184,0.48091238847155376,0.0668843987612278,O3
2026-04-07 14:00:00,2.3992913333333337,2.256,16.830666666666666,30.878,865.2466666666667,3.1933333333333334,3,0.4625950901922694,0.4730215122488055,0.0643833975589251,O3
2026-04-07 14:15:00,2.395439333333333,2.3433333333333333,23.038666666666668,31.142666666666667,872.972,3.5546666666666664,3,0.47713270045853884,0.46182183301632534,0.06104546652513578,NO2
2026-04-07 14:30:00,2.5171046666666665,2.3746666666666667,24.650666666666666,30.783333333333335,898.858,3.136,4,0.4919589917401287,0.45130148863303854,0.056739519626832775,NO2
2026-04-07 14:45:00,2.4963686666666667,2.3873333333333333,24.69,30.744,911.9233333333333,2.8946666666666667,4,0.5012377279414835,0.44604687862581643,0.05271539343270014,NO2
2026-04-07 15:00:00,2.731749333333333,2.466666666666667,24.864,30.791999999999998,993.9386666666667,3.058,4,0.5066730715409543,0.44398686136574506,0.04934006709330068,NO2
2026-04-07 15:15:00,3.2965473333333333,2.496,25.29,30.739333333333335,953.438,8.212666666666667,4,0.5051870403910743,0.44275980585862634,0.05205315375029931,NO2
2026-04-07 15:30:00,3.394716,2.414,24.394666666666666,31.08866666666667,909.9726666666667,5.981333333333334,4,0.503850875366716,0.4427541297889876,0.0533949948442964,NO2
2026-04-07 15:45:00,3.0975154545454546,2.6066666666666665,24.111333333333334,30.765333333333334,940.7266666666667,6.314666666666667,4,0.5047608081463321,0.4402584610865901,0.054980730767077796,NO2
2026-04-07 16:00:00,2.9086793333333336,2.6153333333333335,22.034666666666666,30.352,960.4546666666666,4.842666666666666,4,0.506306627950361,0.43828072131728324,0.05541265073235579,NO2
2026-04-07 16:15:00,2.7188593333333335,2.650666666666667,24.924,30.313333333333333,947.5426666666666,3.9106666666666667,4,0.5111942414403224,0.4339695359785841,0.05483622258109346,NO2
2026-04-07 16:30:00,2.5560666666666667,2.4693333333333336,24.208666666666666,30.518666666666668,918.1053333333333,3.767333333333333,4,0.5184343507315601,0.4273472007236379,0.054218448544801984,NO2
2026-04-07 17:00:00,2.705698,2.401333333333333,24.356,30.336,936.694,4.732666666666667,4,0.5250105757217481,0.4199794620959671,0.05500996218228481,NO2
2026-04-07 17:15:00,3.001157333333333,2.56,24.792666666666666,30.676000000000002,948.4093333333334,4.806666666666667,4,0.5312409891355654,0.41300202136495406,0.05575698949948056,NO2
2026-04-07 17:30:00,3.3505306666666668,2.6213333333333333,24.630666666666666,30.665333333333333,971.2620000000001,4.410666666666667,4,0.532439285364446,0.4111222479434274,0.05643846669212666,NO2
2026-04-07 17:45:00,3.3120055555555554,2.6406666666666667,22.838,31.118666666666666,1012.9126666666666,4.900666666666667,4,0.5297312313345146,0.4119835135624306,0.05828525510305479,NO2
2026-04-07 18:00:00,3.182341428571428,2.6406666666666667,23.16,30.665333333333333,977.758,5.033333333333333,4,0.5273102923640808,0.41220142168800544,0.060488285947913736,NO2
2026-04-07 18:15:00,2.9659193333333334,2.6413333333333333,26.85333333333333,30.783333333333335,891.1333333333333,5.042666666666666,4,0.5279850965095445,0.409873742191412,0.0621411612990435,NO2
2026-04-07 18:30:00,2.701594,2.582666666666667,25.898,29.398666666666667,840.0006666666667,4.462666666666666,4,0.5313071236315335,0.41007360092465933,0.058619275443807184,NO2
2026-04-07 18:45:00,2.4364426666666668,2.3873333333333333,24.974666666666668,29.382,817.9906666666667,4.034,4,0.5338794799932135,0.4093043197461608,0.05681620026062565,NO2
2026-04-07 19:00:00,2.2236493333333334,2.378,24.965333333333334,29.728,818.408,3.9513333333333334,4,0.5365201376323229,0.40894459551615875,0.05453526685151835,NO2
2026-04-07 19:15:00,2.034442,2.3846666666666665,25.275333333333332,29.840666666666667,815.4393333333334,3.8593333333333333,4,0.5401234852656075,0.4065723922933948,0.05330412244099765,NO2
2026-04-07 19:30:00,1.8436299999999999,2.3906666666666667,24.950666666666667,30.048000000000002,817.2686666666667,3.5573333333333332,4,0.5405003629315815,0.4065197115905594,0.05297992547785913,NO2
2026-04-07 19:45:00,1.7115346666666666,2.3713333333333333,24.422,29.206,819.076,6.020666666666667,4,0.540252639502721,0.4045589215283277,0.0551884389689514,NO2
2026-04-07 20:00:00,1.7306853333333334,2.362,24.985333333333333,28.912,828.4793333333333,5.64,4,0.5411569929138048,0.4027661232054359,0.056076883880759286,NO2
2026-04-07 20:15:00,1.7843353333333334,2.3446666666666665,25.020666666666667,29.00466666666667,825.8926666666666,4.422,4,0.5425804115892888,0.40162698051699514,0.05579260789371598,NO2
2026-04-07 20:30:00,1.8004393333333333,2.2973333333333334,25.933333333333334,29.194,814.6826666666667,3.6946666666666665,4,0.544970237267955,0.39996069469757567,0.05506906803446931,NO2
2026-04-07 20:45:00,1.7212933333333333,2.27,28.837333333333333,28.804666666666666,809.0533333333333,3.533333333333333,4,0.5521211146548923,0.39456603174225263,0.05331285360285501,NO2
2026-04-07 21:00:00,1.6037046666666668,2.226,30.194666666666667,28.924,802.3913333333334,5.360666666666667,4,0.5587062237175223,0.3882493277181094,0.053044448564368296,NO2
2026-04-07 21:15:00,1.541752,2.349333333333333,30.836666666666666,30.123333333333335,801.8439999999999,13.746666666666666,4,0.5574933572095291,0.38175178606086246,0.06075485672960843,NO2
2026-04-07 21:30:00,1.5245926666666667,2.4153333333333333,31.190666666666665,29.12,804.0106666666667,9.160666666666668,4,0.5592567727686625,0.3762839515275391,0.06445927570379847,NO2
2026-04-07 21:45:00,1.4388493333333334,2.239333333333333,30.050666666666668,28.793333333333333,794.0866666666667,5.367333333333334,4,0.5627956158232768,0.37208427907021063,0.06512010510651256,NO2
2026-04-07 22:00:00,1.3523,2.144,30.34,28.562,788.0653333333333,4.464666666666667,4,0.5672783365604399,0.3676721763213592,0.06504948711820084,NO2
2026-04-07 22:15:00,1.2723293333333334,2.0666666666666664,30.644000000000002,28.720666666666666,788.852,4.220666666666666,4,0.5717361746493032,0.36341983842827713,0.06484398692241972,NO2
2026-04-07 22:30:00,1.2267853333333332,2.2293333333333334,30.754666666666665,29.242666666666665,791.0913333333333,3.6246666666666667,4,0.5764044640580478,0.35927858861548295,0.06431694732646923,NO2
2026-04-07 22:45:00,1.2176446666666665,2.312666666666667,29.728666666666665,28.515333333333334,775.8833333333333,3.0833333333333335,4,0.582183353540888,0.3565727593391279,0.061243887119984096,NO2
2026-04-07 23:00:00,1.2029193333333332,2.1646666666666667,29.596666666666668,28.028666666666666,766.37,3.2226666666666666,4,0.5872521346111601,0.3540126186393282,0.05873524674951173,NO2
2026-04-07 23:15:00,1.3078826666666665,2.703333333333333,29.899333333333335,28.504666666666665,833.12,3.572,4,0.5913772503995972,0.35106822324502845,0.057554526355374364,NO2
2026-04-07 23:30:00,1.547854,2.591333333333333,29.478,28.327333333333335,867.3586666666666,3.0466666666666664,4,0.5946602709755583,0.3486301229499851,0.05670960607445665,NO2
2026-04-07 23:45:00,1.7018466666666665,3.0793333333333335,29.564666666666668,28.172666666666668,866.7646666666667,3.030666666666667,4,0.5958054100486975,0.34794867995614875,0.05624590999515374,NO2
2026-04-08 00:00:00,1.8186173333333333,3.7046666666666668,29.773333333333333,28.254,869.012,2.9026666666666667,4,0.5972649024939516,0.34852916254520855,0.054205934960839815,NO2
2026-04-08 00:15:00,1.7643726666666666,3.1093333333333333,29.580666666666666,28.326,865.8973333333333,2.7233333333333336,4,0.6036124034661408,0.35161716553185757,0.044770431002001634,NO2
2026-04-08 00:30:00,1.6785957142857144,2.9885714285714284,29.60142857142857,28.177142857142858,868.4214285714286,2.7071428571428573,4,0.6067681158057527,0.35405596574486753,0.039175918449379725,NO2
