DATE,TE,CO,NO,NO2,O3,CO2,T,RH,PM1.0,PM2.5,PM10,WD,WS,PWR,BATT,CHRG,RUN,SD,RAW,107,26,-5,-38,6,0,0.00000,0.00000,0,4188694005
04/11/25 03:59:05,11.33,147.63,2.40,14.42,28.78,407.52,11.00,57.70,0.00,0.00,0.00,0.00,0.00,1,14.09,139.21,33.93,1,-8,25,0,1,STAT,0,LAT,LON,W,CRC
04/11/25 04:00:05,11.29,145.97,6.23,14.80,27.89,407.83,11.00,57.80,0.00,0.00,0.00,0.00,0.00,1,13.98,39.32,38.01,1,-10,22,1,1,STAT,0,LAT,LON,W,CRC
04/11/25 04:01:06,11.26,144.93,6.64,14.90,27.86,407.94,10.90,57.70,0.00,0.00,0.00,0.00,0.00,1,13.91,11.10,33.71,1,-9,21,0,2,STAT,0,LAT,LON,W,CRC
04/11/25 04:02:06,11.25,140.56,4.08,14.73,28.11,407.98,11.00,57.80,0.00,0.00,0.00,0.00,0.00,1,13.87,3.14,32.54,1,-7,22,0,2,STAT,0,LAT,LON,W,CRC
04/11/25 04:03:01,11.24,145.33,3.94,14.60,28.10,407.99,11.00,57.60,0.00,0.00,0.29,0.00,0.00,1,13.84,0.98,33.18,1,-11,23,1,2,STAT,0,LAT,LON,W,CRC
04/11/25 04:04:03,11.20,150.75,4.87,14.64,28.14,408.00,11.00,57.50,0.00,0.00,0.16,0.00,0.00,1,14.02,116.14,33.86,1,-9,23,0,1,STAT,0,LAT,LON,W,CRC
04/11/25 04:05:03,11.17,154.26,5.46,15.56,27.16,408.00,10.90,57.60,0.00,0.00,0.06,0.00,0.00,1,13.95,32.80,34.15,1,-10,23,0,1,STAT,0,LAT,LON,W,CRC
04/11/25 04:06:03,11.16,149.11,5.61,14.81,27.96,408.00,10.90,57.50,0.00,0.00,0.02,0.00,0.00,1,13.91,9.26,32.86,1,-9,22,0,2,STAT,0,LAT,LON,W,CRC
04/11/25 04:07:04,11.14,146.96,6.06,15.18,27.22,408.00,10.90,57.40,0.00,0.00,0.01,0.00,0.00,1,13.87,2.62,31.70,1,-7,21,1,2,STAT,0,LAT,LON,W,CRC
04/11/25 04:08:04,11.12,148.16,5.57,14.56,28.47,408.00,10.90,57.60,0.00,0.00,0.00,0.00,0.00,1,14.16,178.71,29.35,1,-9,22,0,2,STAT,0,LAT,LON,W,CRC
04/11/25 04:09:04,11.08,146.88,6.96,15.21,28.50,408.00,10.90,57.50,0.00,0.00,0.00,0.00,0.00,1,13.98,57.56,41.34,1,-9,21,0,2,STAT,0,LAT,LON,W,CRC
04/11/25 04:10:04,11.06,146.19,7.22,14.91,28.06,408.00,10.90,57.50,0.00,0.00,0.00,0.00,0.00,1,13.91,16.26,38.75,1,-9,20,0,1,STAT,0,LAT,LON,W,CRC
04/11/25 04:11:04,11.05,149.06,5.31,15.49,27.11,408.00,10.90,57.70,0.00,0.00,0.00,0.00,0.00,1,13.87,4.59,35.00,1,-11,22,0,2,STAT,0,LAT,LON,W,CRC
04/11/25 04:12:04,11.04,147.81,5.12,14.84,27.41,408.00,10.80,57.70,0.00,0.00,0.00,0.00,0.00,1,13.84,1.30,30.94,1,-8,21,0,1,STAT,0,LAT,LON,W,CRC
04/11/25 04:13:05,11.03,149.52,6.03,14.86,27.27,408.00,10.80,57.70,0.00,0.00,0.00,0.00,0.00,1,14.05,91.53,34.27,1,-10,21,0,1,STAT,0,LAT,LON,W,CRC
04/11/25 04:14:05,10.99,148.96,5.82,16.35,25.53,408.00,10.80,57.80,0.00,0.00,0.00,0.00,0.00,1,13.95,25.85,34.19,1,-10,22,0,0,STAT,0,LAT,LON,W,CRC
04/11/25 04:15:07,10.97,151.52,6.91,16.07,25.71,408.00,10.80,57.90,0.00,0.00,0.00,0.00,0.00,1,13.91,7.30,33.49,1,-10,21,0,1,STAT,0,LAT,LON,W,CRC
04/11/25 04:16:07,10.96,148.87,5.91,15.23,26.77,408.00,10.80,57.90,0.00,0.00,0.00,0.00,0.00,1,13.87,2.06,31.33,1,-10,21,0,1,STAT,0,LAT,LON,W,CRC
04/11/25 04:17:07,10.95,148.50,4.38,15.58,27.44,408.00,10.80,58.00,0.00,0.00,0.16,0.00,0.00,1,14.05,103.85,32.30,1,-7,23,0,2,STAT,0,LAT,LON,W,CRC
04/11/25 04:18:07,10.94,148.73,5.61,16.32,26.61,408.00,10.80,57.90,0.00,0.00,0.06,0.00,0.00,1,13.98,29.33,34.72,1,-9,22,0,2,STAT,0,LAT,LON,W,CRC
04/11/25 04:19:07,10.93,148.24,6.24,15.15,27.55,408.00,10.80,57.90,0.00,0.00,0.02,0.00,0.00,1,13.91,8.28,38.31,1,-8,20,0,2,STAT,0,LAT,LON,W,CRC
04/11/25 04:20:07,10.89,148.65,6.09,15.80,25.59,408.00,10.80,57.90,0.00,0.00,0.01,0.00,0.00,1,13.87,2.34,37.53,1,-7,21,0,1,STAT,0,LAT,LON,W,CRC
04/11/25 04:21:07,10.87,147.31,5.75,15.84,26.14,408.00,10.80,58.00,0.00,0.00,0.00,0.00,0.00,1,14.16,174.89,32.83,1,-6,21,0,1,STAT,0,LAT,LON,W,CRC
04/11/25 04:22:07,10.86,145.87,4.86,16.50,25.83,408.00,10.80,58.00,0.00,0.00,0.00,0.00,0.00,1,14.02,49.39,34.66,1,-8,22,0,1,STAT,0,LAT,LON,W,CRC
04/11/25 04:23:08,10.85,148.50,4.57,16.08,26.66,408.00,10.70,58.00,0.00,0.00,0.00,0.00,0.00,1,13.91,13.95,35.76,1,-10,23,1,1,STAT,0,LAT,LON,W,CRC
04/11/25 04:24:08,10.85,147.28,4.42,14.99,28.17,408.00,10.70,58.20,0.00,0.00,0.00,0.00,0.00,1,13.91,3.94,37.79,1,-9,22,0,1,STAT,0,LAT,LON,W,CRC
04/11/25 04:25:09,10.84,145.51,5.65,15.46,26.71,408.00,10.70,58.20,0.00,0.00,0.00,0.00,0.00,1,13.84,1.11,38.25,1,-9,21,0,1,STAT,0,LAT,LON,W,CRC
04/11/25 04:26:09,10.83,153.73,5.05,16.63,26.05,408.00,10.70,58.20,0.00,0.00,0.00,0.00,0.00,1,14.02,60.80,35.98,1,-9,22,0,1,STAT,0,LAT,LON,W,CRC
04/11/25 04:27:09,10.81,149.49,3.35,15.86,26.47,408.00,10.80,58.30,0.00,0.00,0.00,0.00,0.00,1,13.95,17.17,36.39,1,-7,23,0,1,STAT,0,LAT,LON,W,CRC
04/11/25 04:28:09,10.77,146.88,5.60,15.26,26.32,408.09,10.70,58.30,0.00,0.00,0.00,0.00,0.00,1,13.91,4.85,44.35,1,-9,22,0,1,STAT,0,LAT,LON,W,CRC
04/11/25 04:29:09,10.76,147.18,4.96,15.78,26.21,408.61,10.70,58.20,0.00,0.00,0.00,0.00,0.00,1,13.87,1.37,35.37,1,-9,23,0,1,STAT,0,LAT,LON,W,CRC
04/11/25 04:30:08,10.75,144.25,6.07,16.10,26.94,408.36,10.70,58.20,0.00,0.00,0.00,0.00,0.00,1,14.05,88.46,39.90,1,-7,22,0,1,STAT,0,LAT,LON,W,CRC
04/11/25 04:31:09,10.75,142.67,7.01,16.12,26.41,408.13,10.70,58.40,0.00,0.00,0.00,0.00,0.00,1,13.98,24.98,34.32,1,-9,21,0,1,STAT,0,LAT,LON,W,CRC
04/11/25 04:32:09,10.74,145.98,6.45,16.46,26.96,408.04,10.70,58.20,0.00,0.00,0.00,0.00,0.00,1,13.91,7.06,34.81,1,-10,21,0,1,STAT,0,LAT,LON,W,CRC
04/11/25 04:33:09,10.73,146.68,4.04,15.89,27.40,408.02,10.70,58.00,0.00,0.00,0.00,0.00,0.00,1,13.87,1.99,34.46,1,-9,22,0,1,STAT,0,LAT,LON,W,CRC
04/11/25 04:34:09,10.72,144.49,6.03,15.26,27.67,408.01,10.70,58.10,0.00,0.00,0.00,0.00,0.00,1,14.16,150.43,31.81,1,-7,21,0,1,STAT,0,LAT,LON,W,CRC
04/11/25 04:35:05,10.69,142.06,5.32,15.13,25.93,408.00,10.70,58.20,0.00,0.00,0.00,0.00,0.00,1,13.98,47.21,45.60,1,-9,21,0,0,STAT,0,LAT,LON,W,CRC
04/11/25 04:36:05,10.67,143.79,5.32,15.14,27.69,408.00,10.70,58.20,0.00,0.00,0.00,0.00,0.00,1,13.91,13.33,35.14,1,-7,22,0,1,STAT,0,LAT,LON,W,CRC
04/11/25 04:37:05,10.66,147.60,6.07,15.03,27.59,408.00,10.70,58.40,0.00,0.00,0.00,0.00,0.00,1,13.87,3.77,32.96,1,-9,20,0,1,STAT,0,LAT,LON,W,CRC
04/11/25 04:38:05,10.66,143.47,5.00,15.77,25.95,408.00,10.70,58.50,0.00,0.00,0.00,0.00,0.00,1,13.84,1.06,30.67,1,-8,22,0,0,STAT,0,LAT,LON,W,CRC
04/11/25 04:39:05,10.65,146.48,4.45,15.28,25.70,408.00,10.70,58.50,0.00,0.00,0.00,0.00,0.00,1,14.02,69.83,32.32,1,-8,22,0,0,STAT,0,LAT,LON,W,CRC
04/11/25 04:40:06,10.65,147.72,4.98,15.60,25.70,408.00,10.70,58.80,0.00,0.00,0.00,0.00,0.00,1,13.91,19.72,42.93,1,-9,21,0,0,STAT,0,LAT,LON,W,CRC
04/11/25 04:41:07,10.65,148.42,5.33,14.93,27.93,408.00,10.60,58.90,0.00,0.00,0.00,0.00,0.00,1,13.87,5.57,33.90,1,-9,21,0,1,STAT,0,LAT,LON,W,CRC
04/11/25 04:42:07,10.65,146.07,4.74,16.20,26.55,408.00,10.60,59.10,0.00,0.00,0.00,0.00,0.00,1,13.87,1.57,31.97,1,-9,22,0,1,STAT,0,LAT,LON,W,CRC
04/11/25 04:43:07,10.64,146.14,6.39,16.58,26.32,408.00,10.60,59.00,0.00,0.00,0.00,0.00,0.00,1,14.05,83.22,31.90,1,-8,19,0,1,STAT,0,LAT,LON,W,CRC
04/11/25 04:44:07,10.63,145.58,7.74,14.89,27.87,408.00,10.60,58.70,0.00,0.00,0.00,0.00,0.00,1,13.95,23.51,32.25,1,-8,19,0,1,STAT,0,LAT,LON,W,CRC
04/11/25 04:45:06,10.59,147.62,6.93,14.81,27.24,408.00,10.60,58.30,0.00,0.00,0.00,0.00,0.00,1,13.87,6.64,38.24,1,-9,20,0,0,STAT,0,LAT,LON,W,CRC
04/11/25 04:46:06,10.57,144.61,7.96,14.94,27.54,408.00,10.60,57.90,0.00,0.00,0.00,0.00,0.00,1,13.84,1.87,42.63,1,-8,19,1,1,STAT,0,LAT,LON,W,CRC
04/11/25 04:47:06,10.56,144.51,5.87,15.51,26.40,408.00,10.50,57.90,0.00,0.00,0.14,0.00,0.00,1,14.05,74.71,35.42,1,-8,20,1,0,STAT,0,LAT,LON,W,CRC
04/11/25 04:48:06,10.56,142.54,7.05,14.96,26.84,408.00,10.60,58.00,0.00,0.00,0.04,0.00,0.00,1,13.95,21.10,37.18,1,-7,20,0,0,STAT,0,LAT,LON,W,CRC
04/11/25 04:49:06,10.56,142.89,5.74,14.75,26.11,408.62,10.60,57.90,0.00,0.00,0.01,0.00,0.00,1,13.91,5.96,33.22,1,-8,21,0,0,STAT,0,LAT,LON,W,CRC
04/11/25 04:50:07,10.55,143.36,6.17,14.84,26.91,408.86,10.60,57.70,0.00,0.00,0.01,0.00,0.00,1,13.84,1.68,35.02,1,-7,21,0,1,STAT,0,LAT,LON,W,CRC
04/11/25 04:51:08,10.55,145.46,5.84,14.85,26.81,408.95,10.60,57.60,0.00,0.00,0.00,0.00,0.00,1,14.05,79.43,33.32,1,-9,21,0,0,STAT,0,LAT,LON,W,CRC
04/11/25 04:52:08,10.54,146.47,8.04,13.81,29.21,408.98,10.50,57.40,0.00,0.00,0.07,0.00,0.00,1,13.95,22.43,33.72,1,-11,20,0,2,STAT,0,LAT,LON,W,CRC
04/11/25 04:53:08,10.53,145.18,7.05,14.17,29.09,408.99,10.50,57.40,0.00,0.00,0.02,0.00,0.00,1,13.91,6.34,35.23,1,-7,19,0,2,STAT,0,LAT,LON,W,CRC
04/11/25 04:54:08,10.50,141.62,8.47,14.09,28.39,409.00,10.50,57.20,0.00,0.00,0.01,0.00,0.00,1,13.87,1.79,35.08,1,-7,19,0,1,STAT,0,LAT,LON,W,CRC
04/11/25 04:55:08,10.47,150.87,8.15,14.21,27.45,409.00,10.50,57.10,0.00,0.00,0.00,0.00,0.00,1,14.09,140.85,30.32,1,-6,20,0,1,STAT,0,LAT,LON,W,CRC
04/11/25 04:56:09,10.46,147.70,7.78,14.27,27.33,409.00,10.40,57.00,0.00,0.00,0.00,0.00,0.00,1,13.98,39.78,35.63,1,-7,20,1,0,STAT,0,LAT,LON,W,CRC
04/11/25 04:57:10,10.46,147.86,6.14,14.73,28.17,408.84,10.40,57.00,0.00,0.00,0.00,0.00,0.00,1,13.91,11.23,32.28,1,-8,21,0,1,STAT,0,LAT,LON,W,CRC
04/11/25 04:58:10,10.45,145.37,5.18,15.31,27.66,408.30,10.40,56.90,0.00,0.00,0.00,0.00,0.00,1,13.87,3.17,32.23,1,-8,22,0,1,STAT,0,LAT,LON,W,CRC
04/11/25 04:59:10,10.45,141.46,4.48,15.68,26.50,408.10,10.40,56.70,0.00,0.00,0.00,0.00,0.00,1,14.16,180.50,29.59,1,-6,22,1,1,STAT,0,LAT,LON,W,CRC
04/11/25 05:00:10,10.44,140.89,6.91,14.35,28.47,408.04,10.40,56.50,0.00,0.00,0.00,0.00,0.00,1,13.98,58.27,31.66,1,-5,21,0,2,STAT,0,LAT,LON,W,CRC
04/11/25 05:01:10,10.44,140.12,8.11,14.39,28.37,408.01,10.40,56.40,0.00,0.04,0.04,0.00,0.00,1,13.91,16.46,35.68,1,-8,19,0,1,STAT,0,LAT,LON,W,CRC
04/11/25 05:02:10,10.43,143.18,8.31,15.47,25.96,408.00,10.40,56.50,0.00,0.02,0.02,0.00,0.00,1,13.87,4.65,36.25,1,-6,19,0,0,STAT,0,LAT,LON,W,CRC
04/11/25 05:03:10,10.42,145.17,8.59,14.61,26.39,408.00,10.40,56.40,0.00,0.00,0.00,0.00,0.00,1,14.05,89.60,34.29,1,-7,19,0,0,STAT,0,LAT,LON,W,CRC
04/11/25 05:04:10,10.41,142.41,8.60,14.45,28.03,407.59,10.40,56.50,0.00,0.00,0.00,0.00,0.00,1,13.98,25.30,32.96,1,-9,19,0,1,STAT,0,LAT,LON,W,CRC
04/11/25 05:05:10,10.39,141.63,7.44,14.55,28.09,407.21,10.40,56.50,0.00,0.23,0.30,0.00,0.00,1,13.91,7.15,33.36,1,-8,19,0,0,STAT,0,LAT,LON,W,CRC
04/11/25 05:06:11,10.37,142.16,6.93,13.07,30.14,407.07,10.40,56.40,0.00,0.13,0.29,0.00,0.00,1,13.87,2.02,35.97,1,-8,20,0,0,STAT,0,LAT,LON,W,CRC
04/11/25 05:07:12,10.36,140.98,6.82,14.56,28.43,407.03,10.30,56.50,0.00,0.05,0.10,0.00,0.00,1,14.05,138.36,31.91,1,-6,21,0,0,STAT,0,LAT,LON,W,CRC
04/11/25 05:08:12,10.36,142.01,5.88,14.64,28.29,407.01,10.40,56.50,0.00,0.01,0.03,0.00,0.00,1,13.98,39.08,34.29,1,-10,21,0,0,STAT,0,LAT,LON,W,CRC
04/11/25 05:09:12,10.36,139.64,5.39,14.51,27.98,407.00,10.40,56.50,0.00,0.01,0.01,0.00,0.00,1,13.91,11.04,31.87,1,-5,20,0,0,STAT,0,LAT,LON,W,CRC
04/11/25 05:10:12,10.36,141.84,5.87,14.05,28.69,407.00,10.30,56.50,0.00,0.00,0.00,0.00,0.00,1,13.87,3.12,32.52,1,-6,20,0,0,STAT,0,LAT,LON,W,CRC
04/11/25 05:11:07,10.36,142.88,6.48,15.52,25.85,407.00,10.40,56.60,0.00,0.00,0.17,0.00,0.00,1,14.05,117.28,43.47,1,-5,20,1,0,STAT,0,LAT,LON,W,CRC
04/11/25 05:12:08,10.36,143.76,6.21,14.96,26.49,407.58,10.40,56.60,0.00,0.00,0.05,0.00,0.00,1,13.98,33.12,37.44,1,-7,21,0,0,STAT,0,LAT,LON,W,CRC
04/11/25 05:13:08,10.36,140.89,7.44,14.35,27.88,407.85,10.40,56.60,0.00,0.00,0.02,0.00,0.00,1,13.91,9.36,31.72,1,-6,20,0,0,STAT,0,LAT,LON,W,CRC
04/11/25 05:14:08,10.36,141.52,6.76,14.41,28.30,407.95,10.30,56.70,0.00,0.20,0.20,0.00,0.00,1,13.87,2.64,35.84,1,-7,20,0,0,STAT,0,LAT,LON,W,CRC
04/11/25 05:15:08,10.35,142.59,6.76,14.14,28.46,407.98,10.30,56.80,0.00,0.10,0.16,0.00,0.00,1,14.09,63.00,36.42,1,-5,21,0,0,STAT,0,LAT,LON,W,CRC
04/11/25 05:16:09,10.36,140.29,7.50,14.73,28.23,407.99,10.30,56.80,0.00,0.03,0.05,0.00,0.00,1,13.98,52.40,35.77,1,-6,19,0,1,STAT,0,LAT,LON,W,CRC
04/11/25 05:17:09,10.36,141.34,7.27,15.75,26.98,408.00,10.40,56.90,0.00,0.01,0.02,0.00,0.00,1,13.95,14.80,34.96,1,-7,19,0,1,STAT,0,LAT,LON,W,CRC
04/11/25 05:18:09,10.35,142.31,7.14,15.71,25.10,408.00,10.40,56.90,0.00,0.00,0.13,0.00,0.00,1,13.87,4.18,31.37,1,-7,19,0,0,STAT,0,LAT,LON,W,CRC
04/11/25 05:19:09,10.35,140.36,5.31,14.81,27.52,408.00,10.30,56.90,0.00,0.00,0.04,0.00,0.00,1,13.84,1.18,34.53,1,-5,20,0,0,STAT,0,LAT,LON,W,CRC
04/11/25 05:20:10,10.34,143.12,5.50,15.15,27.17,408.00,10.40,57.00,0.00,0.00,0.01,0.00,0.00,1,14.02,88.91,34.21,1,-6,20,0,1,STAT,0,LAT,LON,W,CRC
04/11/25 05:21:10,10.34,142.54,5.91,14.43,28.51,408.00,10.30,57.00,0.00,0.00,0.01,0.00,0.00,1,13.91,25.11,43.86,1,-7,20,0,1,STAT,0,LAT,LON,W,CRC
04/11/25 05:22:10,10.34,142.41,5.58,14.84,28.44,408.00,10.30,57.30,0.00,0.00,0.00,0.00,0.00,1,13.87,7.09,35.13,1,-5,21,0,0,STAT,0,LAT,LON,W,CRC
04/11/25 05:23:10,10.33,144.89,5.53,15.30,27.11,408.00,10.30,57.40,0.00,0.00,0.00,0.00,0.00,1,13.84,2.00,32.24,1,-5,20,0,1,STAT,0,LAT,LON,W,CRC
04/11/25 05:24:10,10.32,143.97,5.27,16.01,27.28,408.00,10.30,57.60,0.00,0.00,0.00,0.00,0.00,1,14.02,60.03,38.99,1,-8,21,0,0,STAT,0,LAT,LON,W,CRC
04/11/25 05:25:10,10.30,138.75,6.97,16.46,26.00,408.00,10.30,57.70,0.00,0.00,0.16,0.00,0.00,1,13.95,16.96,36.92,1,-5,20,0,0,STAT,0,LAT,LON,W,CRC
04/11/25 05:26:12,10.27,141.97,6.39,17.00,25.00,408.00,10.30,57.80,-1.00,-1.00,-1.00,0.00,0.00,1,13.87,4.79,42.75,1,-5,20,0,0,STAT,0,LAT,LON,W,CRC
04/11/25 05:27:12,10.26,145.07,4.67,16.12,25.77,408.00,10.30,57.80,-1.00,-1.00,-1.00,0.00,0.00,1,14.12,126.67,34.48,1,-3,21,0,0,STAT,0,LAT,LON,W,CRC
04/11/25 05:28:12,10.26,141.76,6.56,16.60,25.72,408.00,10.30,57.80,-1.00,-1.00,-1.00,0.00,0.00,1,14.02,43.57,31.87,1,-7,20,0,0,STAT,0,LAT,LON,W,CRC
04/11/25 05:29:12,10.26,139.54,7.87,16.50,26.15,408.00,10.30,57.80,-1.00,-1.00,-1.00,0.00,0.00,1,13.95,12.31,32.91,1,-5,19,0,0,STAT,0,LAT,LON,W,CRC
04/11/25 05:30:12,10.26,138.54,6.58,14.96,28.31,408.00,10.30,57.80,-1.00,-1.00,-1.00,0.00,0.00,1,13.87,3.48,32.92,1,-6,20,0,1,STAT,0,LAT,LON,W,CRC
04/11/25 05:31:12,10.25,137.90,6.39,15.18,28.30,408.00,10.30,57.80,0.00,0.11,0.46,0.00,0.00,1,14.05,88.08,31.70,1,-7,20,1,2,STAT,0,LAT,LON,W,CRC
04/11/25 05:32:12,10.25,139.09,7.76,14.80,28.90,408.00,10.20,57.90,0.00,0.04,0.29,0.00,0.00,1,14.02,84.39,34.87,1,-8,19,0,1,STAT,0,LAT,LON,W,CRC
04/11/25 05:33:12,10.25,139.37,5.92,14.63,28.46,408.00,10.20,58.00,0.00,0.01,0.09,0.00,0.00,1,13.95,23.83,37.63,1,-7,21,0,1,STAT,0,LAT,LON,W,CRC
04/11/25 05:34:12,10.24,139.71,7.21,14.89,26.24,408.00,10.20,58.10,0.00,0.00,0.03,0.00,0.00,1,13.91,6.73,35.02,1,-5,20,0,0,STAT,0,LAT,LON,W,CRC
04/11/25 05:35:12,10.23,137.98,5.41,15.17,27.20,407.54,10.20,58.00,0.00,0.00,0.01,0.00,0.00,1,13.87,1.90,34.81,1,-5,21,0,1,STAT,0,LAT,LON,W,CRC
04/11/25 05:36:12,10.21,140.11,7.20,15.33,26.84,407.52,10.20,57.90,0.00,0.00,0.06,0.00,0.00,1,14.05,99.62,30.55,1,-7,19,0,1,STAT,0,LAT,LON,W,CRC
04/11/25 05:37:14,10.18,140.41,5.87,15.42,26.57,407.74,10.20,58.00,0.00,0.02,0.04,0.00,0.00,1,13.95,28.14,38.95,1,-7,21,0,1,STAT,0,LAT,LON,W,CRC
04/11/25 05:38:14,10.16,138.67,5.90,14.10,28.22,407.68,10.20,57.90,0.00,0.49,0.83,0.00,0.00,1,13.91,7.95,35.63,1,-7,20,0,1,STAT,0,LAT,LON,W,CRC
04/11/25 05:39:15,10.16,140.67,6.37,14.72,27.63,407.51,10.20,57.90,0.00,0.16,0.30,0.00,0.00,1,13.87,2.24,30.08,1,-6,20,0,0,STAT,0,LAT,LON,W,CRC
04/11/25 05:40:15,10.16,141.01,5.62,15.01,27.29,407.21,10.10,57.90,0.00,0.06,0.39,0.00,0.00,1,14.05,123.39,33.36,1,-7,20,0,0,STAT,0,LAT,LON,W,CRC
04/11/25 05:41:15,10.15,138.43,5.18,15.12,27.89,407.07,10.10,58.10,0.00,0.02,0.20,0.00,0.00,1,13.98,34.85,33.36,1,-8,21,0,0,STAT,0,LAT,LON,W,CRC
04/11/25 05:42:16,10.15,142.62,6.42,14.68,27.83,407.03,10.10,58.10,0.00,0.01,0.07,0.00,0.00,1,13.91,9.84,34.10,1,-8,19,0,0,STAT,0,LAT,LON,W,CRC
04/11/25 05:43:16,10.14,139.87,4.84,14.50,27.20,407.01,10.20,58.10,0.00,0.00,0.02,0.00,0.00,1,13.87,2.78,30.81,1,-7,20,0,1,STAT,0,LAT,LON,W,CRC
04/11/25 05:44:16,10.13,138.91,6.68,14.30,27.03,407.00,10.10,57.70,0.00,0.00,0.30,0.00,0.00,1,14.02,73.86,31.97,1,-7,19,1,0,STAT,0,LAT,LON,W,CRC
04/11/25 05:45:16,10.09,137.64,4.66,14.22,27.30,407.00,10.10,57.70,0.00,0.00,0.24,0.00,0.00,1,13.95,20.86,33.57,1,-7,20,0,0,STAT,0,LAT,LON,W,CRC
04/11/25 05:46:12,10.07,138.29,6.11,15.18,27.39,407.00,10.10,57.40,0.00,0.00,0.19,0.00,0.00,1,13.91,6.55,30.32,1,-5,20,0,1,STAT,0,LAT,LON,W,CRC
04/11/25 05:47:12,10.06,138.23,7.07,13.91,28.71,407.00,10.10,57.40,0.00,0.00,0.06,0.00,0.00,1,13.87,1.85,38.95,1,-7,18,0,1,STAT,0,LAT,LON,W,CRC
04/11/25 05:48:12,10.05,137.74,8.33,14.85,28.62,407.00,10.10,57.30,0.00,0.00,0.56,0.00,0.00,1,14.02,77.15,44.59,1,-7,18,0,1,STAT,0,LAT,LON,W,CRC
04/11/25 05:49:12,10.06,140.36,7.88,13.27,29.58,407.00,10.10,57.20,0.00,0.00,0.33,0.00,0.00,1,13.95,21.79,32.92,1,-8,18,0,0,STAT,0,LAT,LON,W,CRC
04/11/25 05:50:12,10.05,141.51,7.94,14.28,28.17,407.00,10.10,57.30,0.00,0.00,0.10,0.00,0.00,1,13.91,6.15,42.45,1,-6,18,0,0,STAT,0,LAT,LON,W,CRC
04/11/25 05:51:12,10.04,140.57,6.57,14.87,28.91,407.00,10.10,57.30,0.00,0.00,0.04,0.00,0.00,1,13.87,1.74,41.08,1,-7,19,0,1,STAT,0,LAT,LON,W,CRC
04/11/25 05:52:12,10.04,143.60,7.02,14.70,29.00,407.00,10.00,57.40,0.00,0.00,0.01,0.00,0.00,1,14.02,78.43,40.14,1,-8,20,0,0,STAT,0,LAT,LON,W,CRC
04/11/25 05:53:13,10.03,146.92,6.92,14.57,28.18,407.00,10.00,57.50,0.00,0.00,0.00,0.00,0.00,1,13.95,22.15,37.66,1,-6,19,0,0,STAT,0,LAT,LON,W,CRC
04/11/25 05:54:13,10.03,146.89,4.89,14.77,28.41,407.00,10.00,57.50,0.00,0.00,0.05,0.00,0.00,1,13.91,6.26,30.65,1,-5,22,0,0,STAT,0,LAT,LON,W,CRC
04/11/25 05:55:13,10.02,144.62,3.53,14.77,27.20,407.30,10.00,57.70,0.00,0.00,0.02,0.00,0.00,1,13.87,1.77,33.03,1,-6,22,0,0,STAT,0,LAT,LON,W,CRC
04/11/25 05:56:13,9.99,143.29,4.53,14.78,26.84,407.40,10.00,57.70,0.00,0.06,0.06,0.00,0.00,1,14.02,97.06,31.28,1,-7,20,0,0,STAT,0,LAT,LON,W,CRC
04/11/25 05:57:12,9.97,143.15,5.99,13.92,27.55,407.68,10.00,57.60,0.00,0.02,0.02,0.00,0.00,1,13.91,27.41,49.97,1,-8,19,0,0,STAT,0,LAT,LON,W,CRC
04/11/25 05:58:13,9.96,141.30,5.92,14.76,27.25,407.89,10.00,57.40,0.00,0.01,0.01,0.00,0.00,1,13.91,7.74,37.01,1,-8,20,0,0,STAT,0,LAT,LON,W,CRC
04/11/25 05:59:13,9.96,141.56,8.21,15.00,28.32,407.96,10.00,57.40,0.00,0.05,0.13,0.00,0.00,1,13.87,2.19,32.63,1,-7,18,1,1,STAT,0,LAT,LON,W,CRC
04/11/25 06:00:13,9.96,140.81,6.73,15.19,27.89,407.99,10.00,57.50,0.00,0.02,0.32,0.00,0.00,1,14.05,76.74,33.62,1,-6,20,0,0,STAT,0,LAT,LON,W,CRC
04/11/25 06:01:14,9.95,144.25,7.39,14.51,28.45,407.54,10.00,57.60,0.00,0.01,0.33,0.00,0.00,1,13.95,21.67,29.90,1,-5,19,0,0,STAT,0,LAT,LON,W,CRC
04/11/25 06:02:15,9.95,140.96,8.06,14.71,28.04,407.73,10.00,57.50,0.00,0.00,0.32,0.00,0.00,1,13.91,6.12,31.33,1,-5,19,0,0,STAT,0,LAT,LON,W,CRC
04/11/25 06:03:15,9.95,137.55,6.74,15.00,27.04,407.91,9.90,57.50,0.00,0.00,0.26,0.00,0.00,1,13.87,1.73,33.19,1,-5,19,0,0,STAT,0,LAT,LON,W,CRC
04/11/25 06:04:16,9.95,139.29,5.77,13.90,28.83,407.97,10.00,57.40,0.00,0.00,0.08,0.00,0.00,1,14.02,109.10,30.48,1,-4,21,0,0,STAT,0,LAT,LON,W,CRC
04/11/25 06:05:16,9.95,140.80,7.54,15.07,27.98,407.99,10.00,57.50,0.00,0.00,0.06,0.00,0.00,1,13.95,30.81,31.49,1,-6,18,0,1,STAT,0,LAT,LON,W,CRC
04/11/25 06:06:16,9.94,139.47,7.46,14.92,28.51,408.00,10.00,57.40,0.00,0.35,0.46,0.00,0.00,1,13.91,8.70,30.05,1,-5,19,0,1,STAT,0,LAT,LON,W,CRC
04/11/25 06:07:17,9.94,138.39,6.79,15.24,27.44,408.00,10.00,57.30,0.00,0.11,0.15,0.00,0.00,1,13.87,2.46,32.02,1,-6,20,0,0,STAT,0,LAT,LON,W,CRC
04/11/25 06:08:17,9.94,139.16,8.41,14.09,28.16,408.00,9.90,57.10,0.00,0.40,0.53,0.00,0.00,1,14.02,62.46,35.97,1,-6,18,0,0,STAT,0,LAT,LON,W,CRC
04/11/25 06:09:17,9.94,139.97,9.65,15.12,28.23,408.00,9.90,57.10,0.00,0.21,0.36,0.00,0.00,1,13.95,17.64,32.33,1,-6,17,0,1,STAT,0,LAT,LON,W,CRC
04/11/25 06:10:18,9.94,140.48,6.85,15.19,26.46,408.00,10.00,57.10,0.00,0.25,0.61,0.00,0.00,1,13.91,4.98,33.02,1,-6,19,0,0,STAT,0,LAT,LON,W,CRC
04/11/25 06:11:18,9.93,139.88,7.18,13.82,28.64,408.00,10.00,57.20,0.00,0.12,0.49,0.00,0.00,1,13.87,1.41,32.92,1,-6,19,0,0,STAT,0,LAT,LON,W,CRC
04/11/25 06:12:18,9.93,140.02,5.81,13.82,29.28,408.00,10.00,57.30,0.00,0.04,0.28,0.00,0.00,1,14.05,93.33,31.05,1,-7,20,0,0,STAT,0,LAT,LON,W,CRC
04/11/25 06:13:19,9.91,137.68,6.44,13.70,29.34,408.00,10.00,57.20,0.00,0.28,0.36,0.00,0.00,1,13.95,26.36,39.49,1,-6,20,0,0,STAT,0,LAT,LON,W,CRC
04/11/25 06:14:14,9.89,136.69,8.88,14.06,29.41,408.00,9.90,57.10,0.00,0.25,0.28,0.00,0.00,1,13.91,8.27,34.07,1,-4,18,0,2,STAT,0,LAT,LON,W,CRC
04/11/25 06:15:14,9.87,137.72,8.74,15.02,28.54,408.00,9.90,57.20,0.00,0.08,0.38,0.00,0.00,1,13.87,2.34,30.62,1,-5,17,0,1,STAT,0,LAT,LON,W,CRC
04/11/25 06:16:14,9.86,136.03,5.71,15.01,27.64,408.00,9.90,57.30,0.00,0.21,0.44,0.00,0.00,1,14.05,97.19,30.68,1,-6,20,0,0,STAT,0,LAT,LON,W,CRC
04/11/25 06:17:14,9.86,135.72,7.13,15.60,27.46,408.00,9.90,57.30,0.00,0.11,0.28,0.00,0.00,1,13.98,27.45,31.29,1,-5,19,0,0,STAT,0,LAT,LON,W,CRC
04/11/25 06:18:14,9.86,138.01,9.41,14.66,27.72,408.00,9.90,57.40,0.00,0.04,0.60,0.00,0.00,1,13.91,7.75,39.03,1,-7,16,0,0,STAT,0,LAT,LON,W,CRC
04/11/25 06:19:15,9.86,137.37,7.50,13.50,28.29,408.00,9.90,57.30,0.00,0.05,0.49,0.00,0.00,1,13.87,2.19,33.00,1,-6,18,0,0,STAT,0,LAT,LON,W,CRC
04/11/25 06:20:15,9.85,139.02,6.52,14.28,28.58,408.00,9.90,57.30,0.00,0.02,0.16,0.00,0.00,1,14.05,87.00,38.58,1,-6,19,0,1,STAT,0,LAT,LON,W,CRC
04/11/25 06:21:15,9.85,137.15,8.83,14.31,26.94,408.00,9.90,57.30,0.00,0.01,0.24,0.00,0.00,1,13.95,24.57,32.36,1,-6,17,0,0,STAT,0,LAT,LON,W,CRC
04/11/25 06:22:15,9.84,140.04,8.15,15.27,27.86,408.00,9.90,57.40,0.18,0.25,0.50,0.00,0.00,1,13.91,6.94,32.98,1,-6,18,0,1,STAT,0,LAT,LON,W,CRC
04/11/25 06:23:14,9.83,137.35,8.26,15.12,27.73,408.00,9.90,57.30,0.06,0.09,0.17,0.00,0.00,1,14.12,120.45,50.05,1,-4,18,0,0,STAT,0,LAT,LON,W,CRC
04/11/25 06:24:14,9.80,135.52,8.60,15.17,27.47,408.27,9.90,57.40,0.02,0.03,0.76,0.00,0.00,1,13.98,34.02,38.47,1,-5,17,0,0,STAT,0,LAT,LON,W,CRC
04/11/25 06:25:14,9.77,137.63,7.79,14.89,28.09,408.74,9.80,57.40,0.01,0.01,0.66,0.00,0.00,1,13.91,9.61,32.77,1,-6,18,0,0,STAT,0,LAT,LON,W,CRC
04/11/25 06:26:14,9.76,136.53,8.83,14.59,28.43,408.29,9.80,57.40,0.00,0.47,0.69,0.00,0.00,1,13.87,2.71,32.87,1,-5,17,0,0,STAT,0,LAT,LON,W,CRC
04/11/25 06:27:15,9.76,138.89,7.68,14.96,28.14,408.46,9.80,57.50,0.00,0.58,0.65,0.00,0.00,1,13.87,0.77,33.52,1,-5,17,0,1,STAT,0,LAT,LON,W,CRC
04/11/25 06:28:17,9.76,139.76,5.98,14.52,28.56,408.81,9.90,57.40,0.00,0.22,0.49,0.00,0.00,1,14.02,69.36,36.45,1,-6,18,0,1,STAT,0,LAT,LON,W,CRC
04/11/25 06:29:17,9.75,135.46,7.32,14.16,28.96,408.28,9.80,57.50,0.00,0.08,0.40,0.00,0.00,1,13.95,19.59,32.76,1,-4,19,0,1,STAT,0,LAT,LON,W,CRC
04/11/25 06:30:17,9.75,137.89,6.03,14.40,27.87,408.10,9.80,57.40,0.00,0.03,0.16,0.00,0.00,1,13.91,5.53,31.55,1,-6,18,0,1,STAT,0,LAT,LON,W,CRC
04/11/25 06:31:17,9.74,136.31,6.40,14.78,26.65,408.04,9.90,57.50,0.00,0.14,0.19,0.00,0.00,1,14.09,128.34,39.01,1,-4,19,0,0,STAT,0,LAT,LON,W,CRC
04/11/25 06:32:17,9.73,138.09,6.19,14.66,27.10,408.01,9.80,57.50,0.00,0.05,0.06,0.00,0.00,1,13.98,36.25,31.94,1,-6,20,0,0,STAT,0,LAT,LON,W,CRC
04/11/25 06:33:16,9.71,136.77,7.38,14.97,26.57,408.00,9.80,57.40,0.00,0.02,0.02,0.00,0.00,1,13.91,10.24,36.12,1,-4,18,0,0,STAT,0,LAT,LON,W,CRC
04/11/25 06:34:16,9.67,136.60,6.10,14.61,27.99,408.00,9.80,57.50,0.00,0.01,0.01,0.00,0.00,1,13.87,2.89,32.70,1,-4,18,0,1,STAT,0,LAT,LON,W,CRC
04/11/25 06:35:16,9.66,136.88,5.99,14.15,28.19,408.00,9.80,57.50,0.00,0.00,0.00,0.00,0.00,1,14.12,136.90,32.69,1,-4,19,0,1,STAT,0,LAT,LON,W,CRC
04/11/25 06:36:16,9.66,137.53,7.29,15.58,27.24,408.00,9.80,57.60,0.00,0.09,0.18,0.00,0.00,1,13.98,47.07,32.44,1,-7,19,0,1,STAT,0,LAT,LON,W,CRC
04/11/25 06:37:17,9.65,140.55,8.09,16.40,25.33,408.27,9.80,57.60,0.00,0.30,0.46,0.00,0.00,1,13.95,13.29,29.80,1,-6,16,0,1,STAT,0,LAT,LON,W,CRC
04/11/25 06:38:18,9.65,138.50,6.70,15.80,25.80,408.32,9.80,57.50,0.00,0.35,0.46,0.00,0.00,1,13.87,3.75,41.56,1,-7,18,0,1,STAT,0,LAT,LON,W,CRC
04/11/25 06:39:18,9.64,141.69,7.22,14.38,27.42,408.47,9.80,57.50,0.00,0.12,0.57,0.00,0.00,1,14.16,148.03,35.65,1,-7,19,0,1,STAT,0,LAT,LON,W,CRC
04/11/25 06:40:18,9.62,137.45,6.28,14.51,27.28,408.81,9.80,57.40,0.00,0.04,0.38,0.00,0.00,1,13.98,41.81,37.88,1,-6,18,0,0,STAT,0,LAT,LON,W,CRC
04/11/25 06:41:18,9.58,132.82,3.39,14.99,26.81,408.93,9.80,57.50,0.00,0.01,0.41,0.00,0.00,1,13.91,11.81,35.09,1,-4,21,0,0,STAT,0,LAT,LON,W,CRC
04/11/25 06:42:18,9.57,138.47,6.00,15.38,25.00,408.98,9.80,57.40,0.00,0.00,0.35,0.00,0.00,1,13.87,3.33,31.58,1,-6,19,0,0,STAT,0,LAT,LON,W,CRC
04/11/25 06:43:18,9.56,139.97,7.61,15.13,25.75,408.99,9.80,57.30,0.00,0.08,0.29,0.00,0.00,1,14.12,99.72,33.61,1,-6,18,0,0,STAT,0,LAT,LON,W,CRC
04/11/25 06:44:19,9.55,137.24,7.56,14.96,25.81,409.00,9.80,57.40,0.00,0.03,0.11,0.00,0.00,1,14.02,48.76,31.71,1,-8,17,0,0,STAT,0,LAT,LON,W,CRC
04/11/25 06:45:19,9.54,136.88,5.57,14.90,27.59,408.92,9.80,57.60,0.00,0.27,0.30,0.00,0.00,1,13.95,13.77,30.69,1,-6,19,0,0,STAT,0,LAT,LON,W,CRC
04/11/25 06:46:19,9.54,136.69,7.94,15.65,26.35,408.32,9.80,57.60,0.00,0.09,0.30,0.00,0.00,1,13.87,3.89,32.18,1,-4,17,0,0,STAT,0,LAT,LON,W,CRC
04/11/25 06:47:19,9.52,136.41,7.53,15.90,25.25,408.20,9.80,57.80,0.00,0.03,0.10,0.00,0.00,1,13.84,1.10,35.41,1,-4,17,0,0,STAT,0,LAT,LON,W,CRC
04/11/25 06:48:19,9.48,137.96,7.31,15.33,26.97,408.72,9.80,57.90,0.00,0.01,0.40,0.00,0.00,1,14.02,83.60,34.52,1,-7,17,0,0,STAT,0,LAT,LON,W,CRC
04/11/25 06:49:21,9.47,137.36,7.57,16.26,27.24,408.34,9.80,58.10,0.00,0.00,0.43,0.00,0.00,1,13.95,23.61,38.51,1,-8,17,0,1,STAT,0,LAT,LON,W,CRC
04/11/25 06:50:21,9.46,136.43,6.78,15.60,27.62,408.15,9.80,58.30,0.00,0.00,0.41,0.00,0.00,1,13.91,6.67,32.73,1,-4,18,0,0,STAT,0,LAT,LON,W,CRC
04/11/25 06:51:21,9.45,138.66,8.64,15.28,26.50,408.05,9.80,58.50,0.00,0.00,0.14,0.00,0.00,1,14.09,60.27,36.10,1,-5,17,0,0,STAT,0,LAT,LON,W,CRC
04/11/25 06:52:21,9.46,138.48,6.07,14.77,26.29,408.02,9.80,58.60,0.00,0.00,0.55,0.00,0.00,1,14.02,50.42,34.30,1,-4,19,0,0,STAT,0,LAT,LON,W,CRC
04/11/25 06:53:21,9.46,142.05,7.72,15.31,27.22,408.01,9.80,58.50,0.00,0.00,0.27,0.00,0.00,1,13.95,14.24,31.87,1,-5,17,0,0,STAT,0,LAT,LON,W,CRC
04/11/25 06:54:20,9.44,138.66,6.18,15.18,26.67,408.46,9.80,58.40,0.00,0.22,0.31,0.00,0.00,1,13.87,4.02,36.23,1,-6,19,0,0,STAT,0,LAT,LON,W,CRC
04/11/25 06:55:20,9.44,139.36,7.28,15.40,26.49,408.65,9.70,58.40,0.00,0.14,0.55,0.00,0.00,1,14.12,115.30,33.35,1,-4,17,0,0,STAT,0,LAT,LON,W,CRC
04/11/25 06:56:20,9.44,138.01,1.21,16.17,25.56,408.23,9.70,58.50,0.00,0.05,0.58,0.00,0.00,1,13.98,53.78,37.41,1,-5,23,1,0,STAT,0,LAT,LON,W,CRC
04/11/25 06:57:20,9.43,140.96,7.42,15.92,25.53,408.08,9.70,58.60,0.00,0.02,0.64,0.00,0.00,1,13.91,15.19,36.09,1,-6,18,0,0,STAT,0,LAT,LON,W,CRC
04/11/25 06:58:20,9.40,147.00,6.31,15.09,26.68,408.03,9.70,58.60,0.00,0.10,0.61,0.00,0.00,1,13.87,4.29,32.72,1,-7,18,0,1,STAT,0,LAT,LON,W,CRC
04/11/25 06:59:22,9.37,143.94,7.18,15.31,27.91,408.01,9.70,58.60,0.00,0.10,0.29,0.00,0.00,1,14.05,102.43,32.94,1,-6,17,0,1,STAT,0,LAT,LON,W,CRC
04/11/25 07:00:22,9.36,138.86,7.07,16.29,25.21,408.00,9.70,58.90,0.00,0.03,0.19,0.00,0.00,1,13.98,28.93,31.92,1,-4,16,1,1,STAT,0,LAT,LON,W,CRC
04/11/25 07:01:22,9.35,141.96,6.80,16.10,26.40,408.50,9.70,59.00,0.00,0.47,0.63,0.00,0.00,1,13.91,8.17,36.41,1,-7,18,0,1,STAT,0,LAT,LON,W,CRC
04/11/25 07:02:22,9.36,140.63,7.41,15.94,26.11,408.83,9.70,59.10,0.00,0.31,0.51,0.00,0.00,1,13.87,2.31,33.17,1,-6,17,0,1,STAT,0,LAT,LON,W,CRC
04/11/25 07:03:22,9.35,141.27,8.72,15.16,26.70,408.94,9.70,59.20,0.00,0.14,0.52,0.00,0.00,1,14.05,91.94,30.74,1,-6,16,0,1,STAT,0,LAT,LON,W,CRC
04/11/25 07:04:23,9.35,136.80,5.24,15.51,27.21,408.98,9.70,59.10,0.00,0.33,0.46,0.00,0.00,1,13.95,25.97,34.26,1,-6,18,0,1,STAT,0,LAT,LON,W,CRC
04/11/25 07:05:18,9.34,139.39,7.02,15.85,26.29,408.99,9.70,59.20,0.00,0.11,0.38,0.00,0.00,1,13.91,8.15,29.72,1,-6,16,0,1,STAT,0,LAT,LON,W,CRC
04/11/25 07:06:19,9.33,138.35,6.05,15.36,26.27,409.00,9.70,59.40,0.00,0.23,0.42,0.00,0.00,1,13.87,2.30,32.23,1,-6,18,0,1,STAT,0,LAT,LON,W,CRC
04/11/25 07:07:19,9.29,139.17,6.68,16.12,26.33,409.00,9.70,59.30,0.00,0.08,0.35,0.00,0.00,1,14.05,101.88,31.48,1,-6,17,0,0,STAT,0,LAT,LON,W,CRC
04/11/25 07:08:19,9.27,136.22,7.18,16.17,24.23,409.00,9.70,59.30,0.00,0.26,0.38,0.00,0.00,1,13.98,28.78,33.89,1,-8,17,1,0,STAT,0,LAT,LON,W,CRC
04/11/25 07:09:19,9.26,136.80,6.42,15.47,26.27,409.00,9.70,59.30,0.00,0.23,0.29,0.00,0.00,1,13.91,8.13,36.89,1,-9,18,0,0,STAT,0,LAT,LON,W,CRC
04/11/25 07:10:19,9.26,135.09,7.65,15.99,24.70,409.00,9.70,59.40,0.00,0.17,0.71,0.00,0.00,1,13.87,2.30,31.13,1,-5,16,0,0,STAT,0,LAT,LON,W,CRC
04/11/25 07:11:19,9.25,133.69,8.10,16.11,24.10,409.00,9.70,59.50,0.00,0.46,0.83,0.00,0.00,1,14.05,86.89,30.68,1,-7,16,0,1,STAT,0,LAT,LON,W,CRC
04/11/25 07:12:19,9.24,131.86,7.76,14.52,23.26,409.00,9.70,59.50,0.00,0.15,0.54,0.00,0.00,1,13.95,24.54,30.95,1,-7,16,0,0,STAT,0,LAT,LON,W,CRC
04/11/25 07:13:19,9.20,131.02,9.10,14.99,23.87,409.00,9.60,59.50,0.00,0.05,0.31,0.00,0.00,1,13.91,6.93,32.00,1,-5,15,0,1,STAT,0,LAT,LON,W,CRC
04/11/25 07:14:19,9.17,134.13,6.23,14.91,25.81,409.58,9.60,59.70,0.16,0.28,0.62,0.00,0.00,1,14.12,151.26,36.99,1,-4,17,0,1,STAT,0,LAT,LON,W,CRC
04/11/25 07:15:20,9.16,131.51,6.71,15.43,26.56,409.81,9.60,60.00,0.05,0.09,0.77,0.00,0.00,1,13.98,52.34,33.22,1,-8,16,0,1,STAT,0,LAT,LON,W,CRC
04/11/25 07:16:20,9.14,133.05,6.45,16.24,25.51,409.93,9.60,60.20,0.02,0.10,0.44,0.00,0.00,1,13.91,14.78,33.70,1,-7,17,0,1,STAT,0,LAT,LON,W,CRC
04/11/25 07:17:20,9.11,131.00,4.78,16.13,25.59,409.98,9.50,60.20,0.01,0.51,0.84,0.00,0.00,1,13.91,4.17,36.10,1,-4,18,0,2,STAT,0,LAT,LON,W,CRC
04/11/25 07:18:20,9.07,138.36,7.26,16.28,24.76,409.92,9.50,60.10,0.00,0.26,0.77,0.00,0.00,1,13.84,1.18,34.48,1,-4,17,0,1,STAT,0,LAT,LON,W,CRC
04/11/25 07:19:19,9.06,146.74,8.28,15.99,23.63,409.97,9.50,60.30,0.00,0.09,0.78,0.00,0.00,1,13.98,62.24,41.84,1,-6,15,1,0,STAT,0,LAT,LON,W,CRC
04/11/25 07:20:19,9.04,146.24,7.54,14.56,25.77,409.99,9.50,60.30,0.00,0.03,0.50,0.00,0.00,1,13.95,17.58,35.16,1,-5,16,0,1,STAT,0,LAT,LON,W,CRC
04/11/25 07:21:19,9.01,145.13,6.61,14.84,25.22,410.00,9.50,60.10,0.00,0.01,0.17,0.00,0.00,1,13.87,4.96,36.38,1,-7,16,0,0,STAT,0,LAT,LON,W,CRC
04/11/25 07:22:19,8.98,143.81,8.30,15.30,24.95,410.23,9.40,60.10,0.00,0.00,0.37,0.00,0.00,1,14.09,63.02,39.26,1,-5,15,0,1,STAT,0,LAT,LON,W,CRC
04/11/25 07:23:19,8.96,142.27,7.17,15.92,23.93,410.73,9.40,60.10,0.00,0.29,0.83,0.00,0.00,1,14.02,52.59,35.08,1,-7,17,0,1,STAT,0,LAT,LON,W,CRC
04/11/25 07:24:21,8.95,142.01,6.94,15.13,23.41,410.90,9.40,60.20,0.00,0.10,0.33,0.00,0.00,1,13.91,14.85,37.60,1,-7,17,0,1,STAT,0,LAT,LON,W,CRC
04/11/25 07:25:21,8.94,140.93,7.28,15.94,23.90,410.97,9.40,60.30,0.00,0.03,0.29,0.00,0.00,1,13.87,4.19,36.53,1,-8,16,0,1,STAT,0,LAT,LON,W,CRC
04/11/25 07:26:21,8.89,138.99,6.80,15.20,25.17,411.49,9.30,60.40,0.00,0.29,0.37,0.00,0.00,1,14.16,199.77,35.29,1,-3,16,0,2,STAT,0,LAT,LON,W,CRC
04/11/25 07:27:21,8.87,138.07,5.20,16.08,25.13,411.82,9.30,60.40,0.00,0.49,0.83,0.00,0.00,1,13.98,56.42,33.40,1,-4,17,1,3,STAT,0,LAT,LON,W,CRC
04/11/25 07:28:21,8.85,141.72,7.27,16.65,22.21,411.94,9.30,60.40,0.00,0.22,0.54,0.00,0.00,1,13.91,15.93,29.97,1,-6,15,0,1,STAT,0,LAT,LON,W,CRC
04/11/25 07:29:26,8.83,138.41,7.81,15.92,21.71,411.98,9.30,60.50,0.00,0.39,0.80,0.00,0.00,1,13.87,4.05,30.02,1,-7,16,0,1,STAT,0,LAT,LON,W,CRC
04/11/25 07:30:21,8.79,135.58,7.26,15.46,20.93,412.45,9.30,60.60,0.00,0.17,0.32,0.00,0.00,1,14.02,67.65,35.17,1,-6,16,0,1,STAT,0,LAT,LON,W,CRC
04/11/25 07:31:21,8.76,131.66,7.04,15.97,20.30,412.81,9.20,60.60,0.00,0.06,0.11,0.00,0.00,1,13.95,19.11,36.42,1,-7,15,1,2,STAT,0,LAT,LON,W,CRC
04/11/25 07:32:21,8.74,135.86,6.81,16.48,20.79,412.93,9.20,60.70,0.00,0.02,0.40,0.00,0.00,1,13.91,5.40,33.47,1,-6,16,1,3,STAT,0,LAT,LON,W,CRC
04/11/25 07:33:21,8.69,136.56,9.07,15.71,21.72,412.98,9.20,60.80,0.00,0.01,0.13,0.00,0.00,1,14.12,137.15,36.30,1,-3,14,1,1,STAT,0,LAT,LON,W,CRC
04/11/25 07:34:21,8.66,135.85,9.20,16.59,21.93,413.38,9.10,60.90,0.00,0.00,0.17,0.00,0.00,1,13.98,47.14,33.95,1,-7,15,0,1,STAT,0,LAT,LON,W,CRC
04/11/25 07:35:21,8.63,137.87,6.79,16.36,21.58,414.32,9.10,61.10,0.00,0.31,0.44,0.00,0.00,1,13.91,13.31,38.93,1,-6,17,0,1,STAT,0,LAT,LON,W,CRC
04/11/25 07:36:21,8.58,137.99,7.98,16.18,21.16,415.41,9.10,61.40,0.00,0.27,0.32,0.00,0.00,1,13.87,3.76,33.74,1,-5,15,0,1,STAT,0,LAT,LON,W,CRC
04/11/25 07:37:21,8.55,136.18,7.92,15.83,21.08,415.79,9.00,61.50,0.00,0.75,1.07,0.00,0.00,1,14.05,130.33,32.62,1,-6,15,1,2,STAT,0,LAT,LON,W,CRC
04/11/25 07:38:22,8.51,134.59,7.68,16.18,19.86,416.09,9.00,61.60,0.00,0.48,0.62,0.00,0.00,1,13.98,36.81,30.24,1,-5,15,1,2,STAT,0,LAT,LON,W,CRC
04/11/25 07:39:22,8.47,132.12,6.34,15.29,19.58,416.68,9.00,61.70,0.00,0.49,0.86,0.00,0.00,1,13.91,10.40,31.98,1,-5,16,1,1,STAT,0,LAT,LON,W,CRC
04/11/25 07:40:24,8.44,140.26,8.60,16.56,20.13,416.89,8.90,61.80,0.00,0.35,0.76,0.00,0.00,1,14.09,64.23,38.50,1,-5,14,1,2,STAT,0,LAT,LON,W,CRC
04/11/25 07:41:24,8.39,139.76,8.82,15.76,20.69,417.12,8.90,62.00,0.00,0.12,0.26,0.00,0.00,1,14.02,52.36,32.50,1,-7,14,0,2,STAT,0,LAT,LON,W,CRC
04/11/25 07:42:24,8.36,138.27,7.18,17.69,18.70,418.10,8.90,62.20,0.00,0.04,0.09,0.00,0.00,1,13.95,14.79,31.66,1,-4,15,1,1,STAT,0,LAT,LON,W,CRC
04/11/25 07:43:24,8.31,141.49,8.06,15.93,19.63,418.68,8.90,62.30,0.00,0.20,0.22,0.00,0.00,1,13.87,4.18,33.30,1,-5,14,0,1,STAT,0,LAT,LON,W,CRC
04/11/25 07:44:24,8.27,146.12,7.69,16.89,20.30,418.89,8.80,62.50,0.00,0.07,0.07,0.00,0.00,1,14.09,129.28,32.47,1,-6,14,1,2,STAT,0,LAT,LON,W,CRC
04/11/25 07:45:27,8.24,158.15,5.99,18.42,19.18,418.96,8.70,62.60,0.00,0.28,0.28,0.00,0.00,1,13.98,60.50,42.05,1,-6,16,1,2,STAT,0,LAT,LON,W,CRC
04/11/25 07:46:27,8.18,184.76,6.75,17.54,19.65,419.33,8.80,62.80,0.00,0.17,0.17,0.00,0.00,1,13.91,17.09,32.34,1,-8,16,0,1,STAT,0,LAT,LON,W,CRC
04/11/25 07:47:27,8.15,196.72,6.40,18.12,17.67,419.15,8.70,62.90,0.00,0.27,0.63,0.00,0.00,1,13.87,4.83,32.38,1,-3,16,0,0,STAT,0,LAT,LON,W,CRC
04/11/25 07:48:27,8.12,198.25,6.60,18.40,17.43,419.05,8.70,63.00,0.07,0.51,0.86,0.00,0.00,1,14.09,113.07,34.15,1,-5,15,1,1,STAT,0,LAT,LON,W,CRC
04/11/25 07:49:27,8.07,180.10,5.77,18.02,20.83,419.02,8.60,63.20,0.02,0.41,0.52,0.00,0.00,1,13.98,31.93,33.21,1,-6,16,1,2,STAT,0,LAT,LON,W,CRC
04/11/25 07:50:22,8.04,170.05,7.50,17.98,19.95,419.01,8.60,63.30,0.01,0.58,0.82,0.00,0.00,1,13.91,10.02,37.71,1,-6,14,1,1,STAT,0,LAT,LON,W,CRC
04/11/25 07:51:22,8.00,164.67,8.14,17.72,19.99,419.00,8.60,63.30,0.00,0.40,0.80,0.00,0.00,1,14.09,67.67,39.34,1,-4,14,1,3,STAT,0,LAT,LON,W,CRC
04/11/25 07:52:22,7.96,159.40,8.98,17.73,19.45,418.39,8.60,63.70,0.00,0.26,0.46,0.00,0.00,1,14.02,54.96,34.74,1,-7,13,1,2,STAT,0,LAT,LON,W,CRC
04/11/25 07:53:23,7.94,157.95,8.79,16.48,19.15,418.59,8.60,63.60,0.00,0.13,0.58,0.00,0.00,1,13.91,15.52,35.30,1,-7,13,0,2,STAT,0,LAT,LON,W,CRC
04/11/25 07:54:23,7.90,158.85,8.45,17.09,17.72,419.56,8.60,63.70,0.00,0.12,0.58,0.00,0.00,1,13.87,4.38,31.55,1,-6,14,1,1,STAT,0,LAT,LON,W,CRC
04/11/25 07:55:24,7.86,163.20,7.16,18.13,17.66,420.93,8.50,64.00,0.00,0.09,0.28,0.00,0.00,1,14.12,156.68,37.75,1,-5,15,1,1,STAT,0,LAT,LON,W,CRC
04/11/25 07:56:24,7.85,162.95,8.51,17.92,17.43,421.70,8.60,64.00,0.00,0.16,0.22,0.00,0.00,1,13.98,44.25,34.49,1,-9,13,0,1,STAT,0,LAT,LON,W,CRC
04/11/25 07:57:24,7.83,160.12,7.54,18.76,17.79,421.67,8.50,64.20,0.00,0.29,0.40,0.00,0.00,1,13.91,12.50,33.51,1,-7,14,1,1,STAT,0,LAT,LON,W,CRC
04/11/25 07:58:24,7.78,145.83,10.60,18.07,21.37,418.99,8.60,64.50,0.00,0.39,0.42,0.00,0.00,1,13.87,3.53,29.49,1,-7,12,0,2,STAT,0,LAT,LON,W,CRC
04/11/25 07:59:24,7.75,150.99,7.55,19.18,20.58,416.41,8.60,64.50,0.00,0.39,0.65,0.00,0.00,1,14.16,129.70,31.71,1,-6,14,1,1,STAT,0,LAT,LON,W,CRC
04/11/25 08:00:24,7.75,152.17,6.44,20.44,18.92,415.50,8.60,64.40,0.12,0.43,0.61,0.00,0.00,1,13.95,36.63,38.16,1,-8,14,1,0,STAT,0,LAT,LON,W,CRC
04/11/25 08:01:24,7.74,153.34,7.06,19.01,21.44,414.97,8.60,64.40,0.04,0.25,0.58,0.00,0.00,1,13.91,10.35,39.80,1,-9,13,0,1,STAT,0,LAT,LON,W,CRC
04/11/25 08:02:24,7.73,153.61,8.49,18.78,20.69,414.76,8.60,64.40,0.01,0.17,0.44,0.00,0.00,1,13.87,2.92,33.99,1,-8,13,0,0,STAT,0,LAT,LON,W,CRC
04/11/25 08:03:24,7.73,145.09,7.63,17.63,22.82,414.62,8.60,64.50,0.00,0.06,0.42,0.00,0.00,1,14.02,71.57,33.89,1,-5,13,0,0,STAT,0,LAT,LON,W,CRC
04/11/25 08:04:24,7.72,145.87,7.34,16.96,23.74,413.68,8.60,64.50,0.00,0.53,0.72,0.00,0.00,1,13.95,20.21,31.65,1,-6,14,0,0,STAT,0,LAT,LON,W,CRC
04/11/25 08:05:25,7.72,140.61,6.91,16.19,23.40,413.24,8.60,64.50,0.00,0.78,0.85,0.00,0.00,1,13.87,5.71,32.87,1,-8,15,0,1,STAT,0,LAT,LON,W,CRC
04/11/25 08:06:26,7.72,139.07,8.32,15.71,22.70,413.08,8.70,64.50,0.00,0.73,0.75,0.00,0.00,1,14.02,94.06,36.01,1,-6,14,0,1,STAT,0,LAT,LON,W,CRC
04/11/25 08:07:26,7.72,136.46,7.59,16.51,21.94,412.95,8.70,64.60,0.00,0.43,0.62,0.00,0.00,1,13.95,26.57,30.74,1,-7,14,0,0,STAT,0,LAT,LON,W,CRC
04/11/25 08:08:26,7.72,138.01,7.77,18.10,20.16,412.98,8.70,64.70,0.00,0.17,0.24,0.00,0.00,1,13.91,7.50,31.22,1,-6,14,0,0,STAT,0,LAT,LON,W,CRC
04/11/25 08:09:26,7.72,149.62,8.86,18.16,20.04,413.15,8.70,64.70,0.00,0.28,0.92,0.00,0.00,1,13.87,2.12,31.04,1,-5,13,0,0,STAT,0,LAT,LON,W,CRC
04/11/25 08:10:26,7.72,156.01,8.39,18.39,20.51,414.64,8.80,64.60,0.00,0.15,1.05,0.00,0.00,1,14.05,90.01,32.34,1,-5,13,0,0,STAT,0,LAT,LON,W,CRC
04/11/25 08:11:26,7.72,167.28,6.95,18.07,19.52,416.17,8.80,64.40,0.00,0.05,0.59,0.00,0.00,1,13.95,25.42,34.76,1,-5,15,0,0,STAT,0,LAT,LON,W,CRC
04/11/25 08:12:26,7.72,156.96,8.46,17.10,20.77,416.48,8.80,64.30,0.00,0.12,0.29,0.00,0.00,1,13.87,7.18,31.93,1,-9,13,0,0,STAT,0,LAT,LON,W,CRC
04/11/25 08:13:26,7.72,153.32,7.50,16.38,21.08,415.15,8.80,64.40,0.00,0.04,0.62,0.00,0.00,1,14.12,115.38,34.50,1,-6,14,0,0,STAT,0,LAT,LON,W,CRC
04/11/25 08:14:27,7.72,153.07,7.37,17.76,22.01,414.49,8.80,64.30,0.00,0.01,0.26,0.00,0.00,1,13.98,54.01,37.05,1,-6,15,0,0,STAT,0,LAT,LON,W,CRC
04/11/25 08:15:27,7.72,146.40,6.26,17.74,20.62,413.52,8.80,64.50,0.00,0.27,0.67,0.00,0.00,1,13.91,15.26,38.42,1,-8,15,0,0,STAT,0,LAT,LON,W,CRC
04/11/25 08:16:28,7.73,142.94,8.65,17.27,18.16,413.48,8.80,64.50,0.00,0.37,0.60,0.00,0.00,1,13.87,4.31,38.60,1,-6,13,0,0,STAT,0,LAT,LON,W,CRC
04/11/25 08:17:28,7.72,147.52,6.76,17.13,18.63,414.75,8.80,64.50,0.00,0.58,0.99,0.00,0.00,1,14.02,99.51,33.86,1,-5,14,0,0,STAT,0,LAT,LON,W,CRC
04/11/25 08:18:28,7.72,149.10,8.88,18.13,16.66,416.10,8.80,64.40,0.00,0.35,0.50,0.00,0.00,1,13.95,28.10,36.56,1,-6,12,0,0,STAT,0,LAT,LON,W,CRC
04/11/25 08:19:28,7.73,165.44,9.12,18.05,16.83,416.91,8.80,64.60,0.00,0.11,0.16,0.00,0.00,1,13.91,7.94,32.91,1,-5,13,1,0,STAT,0,LAT,LON,W,CRC
04/11/25 08:20:28,7.72,187.63,8.54,19.59,15.01,418.39,8.80,64.50,0.00,0.29,0.30,0.00,0.00,1,13.87,2.24,31.45,1,-5,13,0,0,STAT,0,LAT,LON,W,CRC
04/11/25 08:21:28,7.72,194.33,8.13,18.90,14.91,419.43,8.80,64.70,0.00,0.41,0.72,0.00,0.00,1,14.02,79.08,40.45,1,-5,13,0,0,STAT,0,LAT,LON,W,CRC
04/11/25 08:22:28,7.71,190.78,6.96,18.54,15.63,420.60,8.80,64.70,0.00,0.71,0.81,0.00,0.00,1,13.95,22.34,33.14,1,-5,14,0,0,STAT,0,LAT,LON,W,CRC
04/11/25 08:23:29,7.68,201.13,8.09,17.43,16.69,421.51,8.80,64.70,0.00,0.25,0.29,0.00,0.00,1,13.87,6.31,30.54,1,-6,13,0,0,STAT,0,LAT,LON,W,CRC
04/11/25 08:24:29,7.65,201.25,8.04,16.46,16.85,421.83,8.80,64.70,0.00,0.08,0.09,0.00,0.00,1,14.12,94.78,30.48,1,-5,14,0,0,STAT,0,LAT,LON,W,CRC
04/11/25 08:25:29,7.65,196.82,8.02,16.62,16.26,421.94,8.70,64.70,0.00,0.17,0.18,0.00,0.00,1,13.98,46.25,32.29,1,-6,14,0,0,STAT,0,LAT,LON,W,CRC
04/11/25 08:26:26,7.64,186.80,8.36,16.23,16.87,421.98,8.70,64.80,0.00,0.27,0.82,0.00,0.00,1,13.91,14.51,37.40,1,-5,13,0,0,STAT,0,LAT,LON,W,CRC
04/11/25 08:27:26,7.64,185.19,7.89,17.36,16.17,421.99,8.70,65.10,0.00,0.43,1.24,0.00,0.00,1,13.87,4.10,32.62,1,-2,13,0,0,STAT,0,LAT,LON,W,CRC
04/11/25 08:28:26,7.63,185.63,6.27,17.00,17.48,421.77,8.70,65.00,0.00,0.34,0.70,0.00,0.00,1,14.16,133.10,32.09,1,-2,14,0,0,STAT,0,LAT,LON,W,CRC
04/11/25 08:29:26,7.62,177.80,7.50,17.48,17.76,421.27,8.70,65.00,0.00,0.11,0.25,0.00,0.00,1,13.98,37.59,32.87,1,-5,13,0,0,STAT,0,LAT,LON,W,CRC
04/11/25 08:30:26,7.58,171.77,7.61,17.70,16.56,421.10,8.60,65.00,0.00,0.25,0.29,0.00,0.00,1,13.91,10.62,30.51,1,-6,14,0,0,STAT,0,LAT,LON,W,CRC
04/11/25 08:31:25,7.55,166.32,6.90,17.92,16.43,421.03,8.60,65.00,0.00,0.41,0.53,0.00,0.00,1,14.09,73.97,42.30,1,-4,14,0,0,STAT,0,LAT,LON,W,CRC
04/11/25 08:32:25,7.54,160.82,7.66,17.37,16.03,420.13,8.60,65.00,0.00,0.53,0.91,0.00,0.00,1,14.02,59.84,32.61,1,-5,12,0,0,STAT,0,LAT,LON,W,CRC
04/11/25 08:33:26,7.53,159.23,8.85,17.80,15.89,419.56,8.60,65.10,0.00,0.50,0.67,0.00,0.00,1,13.95,16.90,34.37,1,-5,12,0,0,STAT,0,LAT,LON,W,CRC
04/11/25 08:34:26,7.52,160.18,7.92,17.82,15.79,419.84,8.60,65.40,0.00,0.25,0.32,0.00,0.00,1,13.87,4.77,33.26,1,-5,13,1,0,STAT,0,LAT,LON,W,CRC
04/11/25 08:35:26,7.49,156.03,8.52,17.40,16.80,419.86,8.60,65.30,0.00,0.34,0.59,0.00,0.00,1,14.12,99.51,32.07,1,-4,13,1,1,STAT,0,LAT,LON,W,CRC
04/11/25 08:36:26,7.46,158.30,7.94,18.21,18.06,419.60,8.50,65.50,0.09,0.58,0.83,0.00,0.00,1,13.98,47.84,33.39,1,-6,13,0,1,STAT,0,LAT,LON,W,CRC
04/11/25 08:37:26,7.44,166.07,7.81,18.14,17.24,420.09,8.50,65.70,0.03,0.60,0.71,0.00,0.00,1,13.91,13.51,32.87,1,-5,14,0,0,STAT,0,LAT,LON,W,CRC
04/11/25 08:38:26,7.43,165.66,6.70,17.37,15.48,420.84,8.40,65.80,0.01,0.68,0.83,0.00,0.00,1,13.87,3.82,33.09,1,-7,14,0,0,STAT,0,LAT,LON,W,CRC
04/11/25 08:39:26,7.42,164.54,9.07,17.21,16.13,422.09,8.40,65.90,0.00,0.69,0.97,0.00,0.00,1,14.05,118.35,33.79,1,-6,12,0,0,STAT,0,LAT,LON,W,CRC
04/11/25 08:40:26,7.37,170.03,7.83,17.13,18.73,422.87,8.40,65.90,0.00,0.52,0.78,0.00,0.00,1,13.98,33.42,30.43,1,-7,13,0,1,STAT,0,LAT,LON,W,CRC
04/11/25 08:41:34,7.34,152.49,8.05,16.99,21.07,421.04,8.40,65.80,0.00,0.41,0.60,0.00,0.00,1,13.91,8.50,34.81,1,-9,12,0,0,STAT,0,LAT,LON,W,CRC
04/11/25 08:42:29,7.34,150.19,7.69,17.88,18.85,418.55,8.40,65.90,0.00,0.42,0.63,0.00,0.00,1,13.87,2.67,34.16,1,-7,13,0,1,STAT,0,LAT,LON,W,CRC
04/11/25 08:43:29,7.33,153.08,7.56,17.68,18.26,418.13,8.40,65.80,0.00,0.82,0.89,0.00,0.00,1,14.02,79.46,30.18,1,-8,14,0,1,STAT,0,LAT,LON,W,CRC
04/11/25 08:44:29,7.33,153.89,8.90,16.64,20.13,417.40,8.40,65.80,0.00,0.48,0.71,0.00,0.00,1,13.95,22.44,30.10,1,-9,12,0,0,STAT,0,LAT,LON,W,CRC
04/11/25 08:45:29,7.32,152.49,8.20,17.37,18.38,417.14,8.40,65.80,0.00,0.67,0.85,0.00,0.00,1,13.87,6.34,34.78,1,-6,13,0,0,STAT,0,LAT,LON,W,CRC
04/11/25 08:46:29,7.29,149.73,8.06,17.42,18.21,417.05,8.40,65.80,0.00,0.23,0.66,0.00,0.00,1,13.84,1.79,34.23,1,-6,12,0,0,STAT,0,LAT,LON,W,CRC
04/11/25 08:47:29,7.25,152.54,7.36,16.71,17.80,417.42,8.30,65.90,0.00,0.47,1.48,0.00,0.00,1,14.02,73.28,36.81,1,-6,13,0,0,STAT,0,LAT,LON,W,CRC
04/11/25 08:48:30,7.24,150.96,7.59,16.98,17.25,418.25,8.30,65.90,0.00,0.30,1.16,0.00,0.00,1,13.95,20.70,33.44,1,-6,13,0,1,STAT,0,LAT,LON,W,CRC
04/11/25 08:49:30,7.23,153.44,10.98,16.40,16.27,418.74,8.30,65.90,0.00,0.10,0.65,0.00,0.00,1,13.91,5.85,34.56,1,-7,10,0,0,STAT,0,LAT,LON,W,CRC
04/11/25 08:50:30,7.22,152.28,9.84,16.70,17.32,418.91,8.30,66.00,0.00,0.08,0.52,0.00,0.00,1,14.05,73.59,32.53,1,-3,12,1,1,STAT,0,LAT,LON,W,CRC
04/11/25 08:51:30,7.21,149.89,8.69,17.00,16.61,418.51,8.30,66.00,0.00,0.04,0.42,0.00,0.00,1,14.02,61.17,33.04,1,-5,13,1,0,STAT,0,LAT,LON,W,CRC
04/11/25 08:52:32,7.16,147.79,8.57,17.11,16.62,418.18,8.20,66.10,0.00,0.29,0.41,0.00,0.00,1,13.91,17.28,47.48,1,-5,11,1,0,STAT,0,LAT,LON,W,CRC
04/11/25 08:53:32,7.14,150.49,7.68,17.12,16.39,419.05,8.20,66.30,0.00,0.16,0.19,0.00,0.00,1,13.87,4.88,34.90,1,-5,13,1,1,STAT,0,LAT,LON,W,CRC
04/11/25 08:54:32,7.13,147.52,9.44,17.03,16.85,420.69,8.20,66.50,0.00,0.19,0.27,0.00,0.00,1,14.02,84.19,35.98,1,-4,11,0,0,STAT,0,LAT,LON,W,CRC
04/11/25 08:55:33,7.10,146.91,9.06,16.35,15.36,421.54,8.10,66.50,0.00,0.22,0.63,0.00,0.00,1,13.95,23.78,34.13,1,-6,12,0,0,STAT,0,LAT,LON,W,CRC
04/11/25 08:56:33,7.06,145.53,7.32,15.89,15.81,421.84,8.10,66.60,0.00,0.41,0.68,0.00,0.00,1,13.91,6.72,33.57,1,-7,13,0,1,STAT,0,LAT,LON,W,CRC
04/11/25 08:57:33,7.03,145.50,7.73,16.50,15.84,422.52,8.10,66.60,0.00,0.65,0.74,0.00,0.00,1,14.05,108.31,40.62,1,-5,13,0,0,STAT,0,LAT,LON,W,CRC
04/11/25 08:58:33,7.02,143.60,9.82,17.42,14.58,422.83,8.00,66.80,0.00,0.73,0.94,0.00,0.00,1,13.95,30.59,39.23,1,-5,11,0,0,STAT,0,LAT,LON,W,CRC
04/11/25 08:59:33,6.96,145.56,10.22,17.51,13.77,422.94,8.00,66.90,0.00,0.58,1.25,0.00,0.00,1,13.91,8.64,34.29,1,-8,11,0,0,STAT,0,LAT,LON,W,CRC
04/11/25 09:00:33,6.93,144.40,7.17,17.93,14.87,423.39,7.90,67.10,0.00,0.64,1.19,0.00,0.00,1,13.87,2.44,37.58,1,-7,12,0,0,STAT,0,LAT,LON,W,CRC
04/11/25 09:01:33,6.92,146.31,8.85,18.04,13.26,423.78,7.90,67.20,0.00,0.78,0.96,0.00,0.00,1,14.02,66.34,32.80,1,-8,11,1,0,STAT,0,LAT,LON,W,CRC
04/11/25 09:02:28,6.87,146.84,8.56,17.40,14.30,424.20,7.90,67.30,0.15,0.76,1.17,0.00,0.00,1,13.91,20.82,36.96,1,-7,10,0,0,STAT,0,LAT,LON,W,CRC
04/11/25 09:03:28,6.84,146.00,9.60,17.45,15.99,424.72,7.90,67.50,0.16,0.80,0.99,0.00,0.00,1,13.87,5.88,33.75,1,-6,10,0,1,STAT,0,LAT,LON,W,CRC
04/11/25 09:04:28,6.82,150.33,5.90,18.45,16.46,425.40,7.80,67.70,0.05,0.84,1.20,0.00,0.00,1,14.09,125.64,34.11,1,-5,13,1,1,STAT,0,LAT,LON,W,CRC
04/11/25 09:05:28,6.78,152.71,6.46,18.29,15.36,426.25,7.80,67.80,0.02,0.65,0.76,0.00,0.00,1,13.98,35.49,33.86,1,-6,13,0,0,STAT,0,LAT,LON,W,CRC
04/11/25 09:06:28,6.74,151.70,6.66,18.26,15.79,427.05,7.80,67.90,0.01,0.46,1.10,0.00,0.00,1,13.91,10.02,31.92,1,-6,12,1,1,STAT,0,LAT,LON,W,CRC
04/11/25 09:07:29,6.73,155.28,7.54,18.24,15.57,428.31,7.70,68.10,0.00,0.56,1.05,0.00,0.00,1,14.12,93.73,41.04,1,-3,12,0,1,STAT,0,LAT,LON,W,CRC
04/11/25 09:08:29,6.71,199.53,5.96,18.30,16.16,429.21,7.70,68.20,0.00,0.53,0.82,0.00,0.00,1,13.98,36.70,35.83,1,-7,13,0,1,STAT,0,LAT,LON,W,CRC
04/11/25 09:09:30,6.66,428.15,7.16,19.24,14.50,429.95,7.60,68.50,0.00,1.02,1.32,0.00,0.00,1,13.91,10.36,33.01,1,-5,12,0,0,STAT,0,LAT,LON,W,CRC
04/11/25 09:10:30,6.63,444.75,8.46,18.51,13.81,431.65,7.60,68.70,0.00,0.70,1.17,0.00,0.00,1,13.87,2.93,29.79,1,-3,13,0,0,STAT,0,LAT,LON,W,CRC
04/11/25 09:11:30,6.62,397.74,8.64,21.08,14.90,433.07,7.60,68.80,0.00,0.53,0.68,0.00,0.00,1,14.05,114.80,30.43,1,-4,12,0,2,STAT,0,LAT,LON,W,CRC
04/11/25 09:12:32,6.61,376.00,8.68,21.70,14.16,434.08,7.60,68.90,0.00,0.23,0.28,0.00,0.00,1,13.95,32.42,32.98,1,-4,12,0,0,STAT,0,LAT,LON,W,CRC
04/11/25 09:13:32,6.57,327.91,9.14,21.52,14.34,434.68,7.60,69.00,0.00,0.63,0.89,0.00,0.00,1,13.91,9.16,37.10,1,-3,11,1,0,STAT,0,LAT,LON,W,CRC
04/11/25 09:14:32,6.54,292.68,7.31,20.86,14.29,434.59,7.50,69.10,0.00,0.67,1.02,0.00,0.00,1,14.12,111.26,33.67,1,-2,13,0,1,STAT,0,LAT,LON,W,CRC
04/11/25 09:15:32,6.52,246.20,6.24,20.95,11.79,433.71,7.50,69.20,0.12,0.61,0.93,0.00,0.00,1,13.98,52.01,31.47,1,-6,14,0,0,STAT,0,LAT,LON,W,CRC
04/11/25 09:16:32,6.52,210.07,8.60,22.08,12.09,433.25,7.50,69.20,0.04,0.20,0.30,0.00,0.00,1,13.91,14.69,35.97,1,-5,12,1,0,STAT,0,LAT,LON,W,CRC
04/11/25 09:17:34,6.51,187.24,9.22,20.33,14.34,432.68,7.50,69.20,0.01,0.40,0.44,0.00,0.00,1,13.87,4.15,31.84,1,-5,11,0,0,STAT,0,LAT,LON,W,CRC
04/11/25 09:18:34,6.50,186.92,9.67,20.00,13.99,432.24,7.50,69.20,0.00,0.45,0.61,0.00,0.00,1,14.02,64.32,36.00,1,-3,12,0,1,STAT,0,LAT,LON,W,CRC
04/11/25 09:19:34,6.49,191.25,9.10,20.03,13.35,432.73,7.50,69.20,0.07,0.64,1.06,0.00,0.00,1,13.95,18.17,34.78,1,-5,12,0,0,STAT,0,LAT,LON,W,CRC
04/11/25 09:20:34,6.45,176.56,5.49,19.70,13.33,432.75,7.50,69.20,0.02,0.56,0.70,0.00,0.00,1,13.87,5.13,34.28,1,-4,14,1,0,STAT,0,LAT,LON,W,CRC
04/11/25 09:21:34,6.43,175.07,7.75,20.48,13.21,432.49,7.60,69.50,0.01,0.51,0.56,0.00,0.00,1,14.05,129.48,31.40,1,-3,11,0,0,STAT,0,LAT,LON,W,CRC
04/11/25 09:22:34,6.42,178.26,9.19,20.30,12.05,434.35,7.60,69.40,0.00,0.35,0.62,0.00,0.00,1,13.95,36.57,32.89,1,-5,11,0,0,STAT,0,LAT,LON,W,CRC
04/11/25 09:23:33,6.42,179.59,8.96,18.74,12.57,435.42,7.60,69.20,0.02,0.35,0.49,0.00,0.00,1,13.87,10.33,39.32,1,-7,11,0,0,STAT,0,LAT,LON,W,CRC
04/11/25 09:24:33,6.41,182.91,8.37,17.38,13.71,435.29,7.60,69.20,0.01,0.14,0.18,0.00,0.00,1,14.09,67.43,34.95,1,-7,11,0,0,STAT,0,LAT,LON,W,CRC
04/11/25 09:25:34,6.42,177.19,7.99,19.27,12.44,435.10,7.60,69.40,0.00,0.04,0.06,0.00,0.00,1,13.98,56.48,30.79,1,-7,11,0,0,STAT,0,LAT,LON,W,CRC
04/11/25 09:26:34,6.42,171.58,6.80,20.06,12.50,434.88,7.60,69.30,0.00,0.01,0.02,0.00,0.00,1,13.91,15.95,29.38,1,-7,12,0,0,STAT,0,LAT,LON,W,CRC
04/11/25 09:27:34,6.41,167.21,7.28,20.27,15.44,433.77,7.60,69.30,0.00,0.28,0.38,0.00,0.00,1,13.87,4.51,33.70,1,-4,12,0,0,STAT,0,LAT,LON,W,CRC
04/11/25 09:28:35,6.41,177.34,8.26,20.43,15.25,431.55,7.60,69.30,0.00,0.44,0.53,0.00,0.00,1,14.02,79.10,36.51,1,-6,12,0,0,STAT,0,LAT,LON,W,CRC
04/11/25 09:29:35,6.42,187.21,8.93,19.91,15.64,429.90,7.60,69.40,0.00,0.27,0.40,0.00,0.00,1,13.95,22.34,34.47,1,-7,11,0,0,STAT,0,LAT,LON,W,CRC
04/11/25 09:30:35,6.42,216.47,7.96,20.05,15.62,428.21,7.60,69.40,0.00,0.28,0.52,0.00,0.00,1,13.87,6.31,31.07,1,-5,12,0,0,STAT,0,LAT,LON,W,CRC
04/11/25 09:31:30,6.42,315.74,9.66,19.17,15.76,427.11,7.70,69.30,0.00,0.72,1.35,0.00,0.00,1,13.87,1.98,33.11,1,-1,10,0,0,STAT,0,LAT,LON,W,CRC
04/11/25 09:32:30,6.42,411.30,7.91,19.79,14.35,427.01,7.70,69.40,0.00,0.66,0.89,0.00,0.00,1,13.98,41.52,32.94,1,-2,12,0,0,STAT,0,LAT,LON,W,CRC
04/11/25 09:33:32,6.45,331.56,8.47,19.81,14.47,428.27,7.70,69.30,0.00,0.78,1.11,0.00,0.00,1,13.91,11.73,34.91,1,-3,11,0,0,STAT,0,LAT,LON,W,CRC
04/11/25 09:34:32,6.48,262.79,8.38,19.41,14.62,428.74,7.70,69.20,0.00,0.70,0.88,0.00,0.00,1,13.87,3.31,31.34,1,-4,10,-1,-1,STAT,0,LAT,LON,W,CRC
04/11/25 09:35:32,6.49,217.24,9.36,19.07,15.22,428.91,7.80,69.20,0.00,0.23,0.29,0.00,0.00,1,14.02,80.81,30.64,1,-3,10,0,-1,STAT,0,LAT,LON,W,CRC
04/11/25 09:36:32,6.51,200.13,9.89,19.13,12.94,428.97,7.80,69.30,0.00,0.34,0.36,0.00,0.00,1,13.95,22.82,35.97,1,-7,10,0,-1,STAT,0,LAT,LON,W,CRC
04/11/25 09:37:32,6.51,185.54,10.89,19.12,15.16,428.53,7.80,69.10,0.00,0.31,0.50,0.00,0.00,1,13.87,6.45,32.08,1,-5,9,0,0,STAT,0,LAT,LON,W,CRC
04/11/25 09:38:32,6.52,191.36,8.05,20.68,15.96,426.61,7.80,69.10,0.06,0.40,0.47,0.00,0.00,1,14.05,106.84,42.14,1,-5,11,0,0,STAT,0,LAT,LON,W,CRC
04/11/25 09:39:33,6.54,237.13,9.31,20.77,15.67,425.57,7.80,69.10,0.02,0.39,1.05,0.00,0.00,1,13.95,30.17,36.85,1,-4,11,0,0,STAT,0,LAT,LON,W,CRC
04/11/25 09:40:33,6.58,244.68,9.50,22.10,12.48,425.20,7.90,69.20,0.01,0.24,0.65,0.00,0.00,1,13.87,8.52,35.00,1,-3,11,0,-2,STAT,0,LAT,LON,W,CRC
04/11/25 09:41:33,6.60,230.80,7.34,22.93,12.85,424.57,7.90,68.70,0.00,0.10,0.24,0.00,0.00,1,13.87,2.41,33.16,1,0,12,-1,-3,STAT,0,LAT,LON,W,CRC
04/11/25 09:42:33,6.61,218.02,8.65,22.80,14.39,424.43,8.00,68.60,0.00,0.33,0.51,0.00,0.00,1,14.02,61.15,31.16,1,-2,12,0,-2,STAT,0,LAT,LON,W,CRC
04/11/25 09:43:34,6.65,205.67,8.01,20.63,13.94,424.84,8.00,68.70,0.00,0.64,1.05,0.00,0.00,1,13.91,17.27,44.98,1,-3,13,0,-2,STAT,0,LAT,LON,W,CRC
04/11/25 09:44:34,6.69,195.43,9.36,19.30,14.80,425.59,8.00,68.60,0.00,0.44,1.29,0.00,0.00,1,13.87,4.88,39.74,1,-5,10,-1,-1,STAT,0,LAT,LON,W,CRC
04/11/25 09:45:34,6.71,188.17,8.30,21.28,13.63,425.86,8.10,68.60,0.00,0.50,0.79,0.00,0.00,1,14.02,83.41,33.08,1,-5,12,0,-1,STAT,0,LAT,LON,W,CRC
04/11/25 09:46:35,6.73,182.54,8.60,21.66,13.86,426.57,8.10,68.60,0.00,0.82,1.14,0.00,0.00,1,13.95,23.56,30.24,1,-3,11,0,-1,STAT,0,LAT,LON,W,CRC
04/11/25 09:47:35,6.78,178.95,8.56,19.85,14.28,426.85,8.10,68.40,0.00,0.65,1.04,0.00,0.00,1,13.91,6.65,32.17,1,-4,12,-1,-1,STAT,0,LAT,LON,W,CRC
04/11/25 09:48:36,6.81,176.95,9.14,19.73,12.29,427.33,8.10,68.30,0.00,0.52,0.68,0.00,0.00,1,14.12,121.66,42.36,1,-3,12,-1,-2,STAT,0,LAT,LON,W,CRC
04/11/25 09:49:36,6.82,173.60,9.58,20.23,13.42,427.66,8.10,68.20,0.00,0.69,0.94,0.00,0.00,1,13.98,42.36,33.46,1,-4,12,0,-1,STAT,0,LAT,LON,W,CRC
04/11/25 09:50:36,6.85,168.93,9.26,19.82,14.80,427.38,8.20,68.20,0.00,0.69,0.83,0.00,0.00,1,13.91,11.96,33.08,1,-3,11,0,-1,STAT,0,LAT,LON,W,CRC
04/11/25 09:51:36,6.89,165.58,9.58,21.01,14.01,426.97,8.20,67.80,0.00,0.64,0.78,0.00,0.00,1,13.87,3.38,32.67,1,-4,10,0,-1,STAT,0,LAT,LON,W,CRC
04/11/25 09:52:36,6.91,162.38,7.96,20.98,15.61,425.85,8.20,67.50,0.00,0.20,0.25,0.00,0.00,1,14.02,82.94,31.70,1,-4,12,0,-1,STAT,0,LAT,LON,W,CRC
04/11/25 09:53:36,6.92,158.39,8.32,20.01,16.17,423.18,8.30,67.40,0.00,0.11,0.13,0.00,0.00,1,13.91,23.43,38.82,1,-5,12,-1,-2,STAT,0,LAT,LON,W,CRC
04/11/25 09:54:36,6.97,160.95,7.23,18.83,17.04,421.12,8.20,67.40,0.00,0.39,0.91,0.00,0.00,1,13.87,6.62,32.97,1,-7,13,0,-2,STAT,0,LAT,LON,W,CRC
04/11/25 09:55:37,7.00,162.06,8.22,16.73,18.12,420.03,8.30,67.20,0.00,0.65,0.91,0.00,0.00,1,14.05,87.75,32.04,1,-4,13,-1,-3,STAT,0,LAT,LON,W,CRC
04/11/25 09:56:37,7.02,154.58,5.57,17.52,18.98,418.87,8.30,66.90,0.00,0.87,1.05,0.00,0.00,1,13.95,24.78,31.95,1,-4,14,0,-2,STAT,0,LAT,LON,W,CRC
04/11/25 09:57:37,7.05,149.71,7.95,18.70,18.70,416.97,8.30,66.60,0.00,0.53,0.70,0.00,0.00,1,13.91,7.00,31.01,1,-5,13,0,-2,STAT,0,LAT,LON,W,CRC
04/11/25 09:58:38,7.09,149.67,7.24,17.67,18.64,415.19,8.40,66.70,0.00,0.55,1.01,0.00,0.00,1,13.87,1.98,30.36,1,-4,14,-1,-3,STAT,0,LAT,LON,W,CRC
04/11/25 09:59:37,7.12,148.51,8.26,18.45,16.33,414.01,8.50,66.70,0.00,0.19,0.35,0.00,0.00,1,13.98,55.29,36.22,1,-4,13,-1,-3,STAT,0,LAT,LON,W,CRC
04/11/25 10:00:37,7.15,147.58,9.64,17.36,17.43,413.90,8.50,66.60,0.00,0.60,0.66,0.00,0.00,1,13.91,15.62,37.43,1,-4,12,-1,-2,STAT,0,LAT,LON,W,CRC
04/11/25 10:01:37,7.19,146.50,9.31,16.83,17.80,413.96,8.60,66.50,0.00,0.45,0.64,0.00,0.00,1,13.87,4.41,30.53,1,-2,12,-1,-3,STAT,0,LAT,LON,W,CRC
04/11/25 10:02:37,7.22,147.16,8.65,17.73,17.38,413.99,8.60,66.30,0.00,0.28,0.34,0.00,0.00,1,14.05,115.69,33.78,1,-4,12,0,-3,STAT,0,LAT,LON,W,CRC
04/11/25 10:03:37,7.25,146.30,8.20,17.69,18.89,414.00,8.60,66.20,0.00,0.44,0.67,0.00,0.00,1,13.95,32.67,31.21,1,-6,13,-1,-1,STAT,0,LAT,LON,W,CRC
