DATE,TE,CO,NO,NO2,O3,CO2,T,RH,P,PM1.0,PM2.5,PM10,WD,WS,PWR,BATT,CHRG,RUN,SD,RAW,433,142,8,7,86,0,0.00000,0.00000,1,628924359
07/08/25 03:59:46,24.80,369.90,20.34,4.96,7.02,1185.74,23.60,42.20,0.00,0.00,0.00,0.00,0.00,0.00,0,13.16,0.00,22.58,1,6,83,0,5,STAT,60,LAT,LON,W,CRC
07/08/25 04:00:46,24.80,370.03,20.68,6.00,4.65,1183.12,23.60,42.20,0.00,0.00,0.00,0.00,0.00,0.00,0,13.16,0.00,22.58,1,6,81,0,5,STAT,60,LAT,LON,W,CRC
07/08/25 04:01:46,24.80,371.03,20.97,7.42,3.48,1180.83,23.60,42.20,0.00,0.00,0.00,0.00,0.00,0.00,0,13.16,0.00,25.81,1,7,81,0,5,STAT,60,LAT,LON,W,CRC
07/08/25 04:02:46,24.80,372.22,20.42,7.16,3.67,1178.48,23.60,42.20,0.00,0.00,0.00,0.00,0.00,0.00,0,13.16,0.00,38.71,1,7,83,0,4,STAT,60,LAT,LON,W,CRC
07/08/25 04:03:46,24.80,378.19,22.08,7.01,3.92,1175.73,23.60,42.20,0.00,0.00,0.00,0.00,0.00,0.00,0,13.16,0.00,25.81,1,6,81,0,4,STAT,60,LAT,LON,W,CRC
07/08/25 04:04:44,24.80,378.95,26.56,6.04,5.85,1172.99,23.50,42.20,0.00,0.00,0.00,0.00,0.00,0.00,0,13.16,0.00,41.94,1,6,75,-1,5,STAT,60,LAT,LON,W,CRC
07/08/25 04:05:45,24.80,380.63,23.79,7.63,3.69,1169.54,23.50,42.20,0.00,0.00,0.00,0.00,0.00,0.00,0,13.16,0.00,22.58,1,6,78,0,5,STAT,60,LAT,LON,W,CRC
07/08/25 04:06:45,24.80,385.31,20.97,6.87,4.66,1166.94,23.50,42.20,0.00,0.00,0.00,0.00,0.00,0.00,0,13.16,0.00,25.81,1,6,81,0,5,STAT,60,LAT,LON,W,CRC
07/08/25 04:07:45,24.80,385.83,20.30,6.82,4.55,1164.66,23.60,42.20,0.00,0.00,0.00,0.00,0.00,0.00,0,13.16,0.00,25.81,1,7,81,0,5,STAT,60,LAT,LON,W,CRC
07/08/25 04:08:45,24.80,383.28,21.51,7.02,4.10,1161.20,23.50,42.20,0.00,0.00,0.00,0.00,0.00,0.00,0,13.16,0.00,22.58,1,8,79,0,4,STAT,60,LAT,LON,W,CRC
07/08/25 04:09:44,24.80,390.11,21.17,6.71,4.88,1157.85,23.60,42.20,0.00,0.00,0.00,0.00,0.00,0.00,0,13.16,0.00,22.58,1,6,80,0,4,STAT,60,LAT,LON,W,CRC
07/08/25 04:10:45,24.80,393.76,20.60,6.71,5.07,1153.91,23.50,42.20,0.00,0.00,0.00,0.00,0.00,0.00,0,13.16,0.00,25.81,1,5,80,0,5,STAT,60,LAT,LON,W,CRC
07/08/25 04:11:45,24.80,391.05,20.27,7.28,3.84,1151.00,23.50,42.20,0.00,0.00,0.00,0.00,0.00,0.00,0,13.16,0.00,38.71,1,7,81,0,5,STAT,60,LAT,LON,W,CRC
07/08/25 04:12:45,24.80,393.14,19.27,7.68,4.56,1147.08,23.50,42.20,0.00,0.00,0.00,0.00,0.00,0.00,0,13.16,0.00,38.71,1,7,82,0,5,STAT,60,LAT,LON,W,CRC
07/08/25 04:13:45,24.80,401.22,20.33,7.81,4.45,1143.41,23.50,42.30,0.00,0.00,0.00,0.00,0.00,0.00,0,13.16,0.00,25.81,1,5,80,0,5,STAT,60,LAT,LON,W,CRC
07/08/25 04:14:53,24.80,399.43,19.23,7.77,3.31,1141.14,23.50,42.20,0.00,0.00,0.00,0.00,0.00,0.00,0,13.13,0.00,77.42,1,6,81,0,5,STAT,60,LAT,LON,W,CRC
07/08/25 04:15:43,24.80,403.33,21.04,7.34,4.37,1138.62,23.60,42.20,0.00,0.00,0.00,0.00,0.00,0.00,0,13.16,0.00,25.81,1,5,80,0,5,STAT,60,LAT,LON,W,CRC
07/08/25 04:16:43,24.80,405.96,21.25,6.14,5.11,1133.89,23.60,42.20,0.00,0.00,0.00,0.00,0.00,0.00,0,13.16,0.00,25.81,1,5,79,0,5,STAT,60,LAT,LON,W,CRC
07/08/25 04:17:43,24.80,405.69,22.19,6.29,4.59,1130.71,23.50,42.20,0.00,0.00,0.00,0.00,0.00,0.00,0,13.16,0.00,22.58,1,6,79,0,4,STAT,60,LAT,LON,W,CRC
07/08/25 04:18:44,24.80,409.42,22.14,6.47,4.82,1127.55,23.60,42.20,0.00,0.00,0.00,0.00,0.00,0.00,0,13.16,0.00,38.71,1,5,78,0,4,STAT,60,LAT,LON,W,CRC
07/08/25 04:19:44,24.80,409.86,22.02,6.81,4.66,1124.82,23.50,42.20,0.00,0.00,0.00,0.00,0.00,0.00,0,13.16,0.00,22.58,1,5,77,0,5,STAT,60,LAT,LON,W,CRC
07/08/25 04:20:43,24.80,413.54,21.97,7.24,2.95,1120.48,23.60,42.30,0.00,0.00,0.00,0.00,0.00,0.00,0,13.16,0.00,25.81,1,3,79,0,4,STAT,60,LAT,LON,W,CRC
07/08/25 04:21:43,24.80,413.81,21.96,5.69,5.10,1117.08,23.50,42.20,0.00,0.00,0.00,0.00,0.00,0.00,0,13.16,0.00,22.58,1,3,79,0,4,STAT,60,LAT,LON,W,CRC
07/08/25 04:22:43,24.80,413.87,21.54,6.74,4.28,1114.35,23.60,42.20,0.00,0.00,0.00,0.00,0.00,0.00,0,13.16,0.00,25.81,1,4,79,0,4,STAT,60,LAT,LON,W,CRC
07/08/25 04:23:43,24.80,415.77,20.85,6.79,4.13,1110.74,23.50,42.30,0.00,0.00,0.00,0.00,0.00,0.00,0,13.16,0.00,22.58,1,4,78,0,5,STAT,60,LAT,LON,W,CRC
07/08/25 04:24:43,24.80,416.88,21.16,6.54,4.72,1106.76,23.60,42.20,0.00,0.00,0.00,0.00,0.00,0.00,0,13.16,0.00,38.71,1,4,78,0,4,STAT,60,LAT,LON,W,CRC
07/08/25 04:25:47,24.80,419.27,22.61,6.63,5.38,1103.38,23.50,42.30,0.00,0.00,0.00,0.00,0.00,0.00,0,13.16,0.00,25.81,1,3,75,0,5,STAT,60,LAT,LON,W,CRC
07/08/25 04:26:47,24.80,416.42,20.58,6.72,4.33,1100.65,23.60,42.20,0.00,0.00,0.00,0.00,0.00,0.00,0,13.16,0.00,22.58,1,4,78,0,4,STAT,60,LAT,LON,W,CRC
07/08/25 04:27:47,24.80,420.18,20.63,7.20,4.62,1098.46,23.60,42.30,0.00,0.00,0.00,0.00,0.00,0.00,0,13.16,0.00,25.81,1,4,78,0,5,STAT,60,LAT,LON,W,CRC
07/08/25 04:28:47,24.80,420.64,21.68,6.77,4.50,1095.79,23.60,42.20,0.00,0.00,0.00,0.00,0.00,0.00,0,13.16,0.00,38.71,1,3,77,0,5,STAT,60,LAT,LON,W,CRC
07/08/25 04:29:47,24.80,422.90,20.21,7.04,4.19,1092.30,23.50,42.20,0.00,0.00,0.00,0.00,0.00,0.00,0,13.16,0.00,25.81,1,3,79,0,4,STAT,60,LAT,LON,W,CRC
07/08/25 04:30:45,24.80,424.29,22.24,7.73,3.23,1088.53,23.50,42.20,0.00,0.00,0.00,0.00,0.00,0.00,0,13.16,0.00,25.81,1,3,78,0,4,STAT,60,LAT,LON,W,CRC
07/08/25 04:31:45,24.80,426.50,20.97,7.43,3.59,1086.08,23.50,42.20,0.00,0.00,0.00,0.00,0.00,0.00,0,13.16,0.00,38.71,1,3,79,0,4,STAT,60,LAT,LON,W,CRC
07/08/25 04:32:45,24.80,421.90,19.90,7.15,3.47,1083.73,23.50,42.30,0.00,0.00,0.00,0.00,0.00,0.00,0,13.16,0.00,25.81,1,5,80,0,4,STAT,60,LAT,LON,W,CRC
07/08/25 04:33:46,24.80,422.05,20.26,6.17,5.30,1081.95,23.50,42.20,0.00,0.00,0.00,0.00,0.00,0.00,0,13.16,0.00,22.58,1,5,79,0,4,STAT,60,LAT,LON,W,CRC
07/08/25 04:34:46,24.80,431.04,20.25,6.91,3.76,1079.38,23.50,42.30,0.00,0.00,0.00,0.00,0.00,0.00,0,13.16,0.00,22.58,1,1,79,0,4,STAT,60,LAT,LON,W,CRC
07/08/25 04:35:50,24.80,433.04,21.22,7.77,2.72,1076.72,23.50,42.30,0.00,0.00,0.00,0.00,0.00,0.00,0,13.13,0.00,83.87,1,1,78,0,4,STAT,60,LAT,LON,W,CRC
07/08/25 04:36:50,24.80,428.29,22.97,7.56,3.93,1073.58,23.50,42.30,0.00,0.00,0.00,0.00,0.00,0.00,0,13.16,0.00,25.81,1,3,76,0,4,STAT,60,LAT,LON,W,CRC
07/08/25 04:37:50,24.80,434.68,22.25,7.89,4.05,1071.45,23.50,42.20,0.00,0.00,0.00,0.00,0.00,0.00,0,13.16,0.00,25.81,1,0,77,0,4,STAT,60,LAT,LON,W,CRC
07/08/25 04:38:50,24.80,433.54,21.20,7.42,4.23,1069.93,23.50,42.20,0.00,0.00,0.00,0.00,0.00,0.00,0,13.16,0.00,22.58,1,1,78,0,5,STAT,60,LAT,LON,W,CRC
07/08/25 04:39:45,24.80,429.85,21.99,7.37,4.61,1068.26,23.50,42.20,0.00,0.00,0.00,0.00,0.00,0.00,0,13.16,0.00,38.71,1,2,76,0,5,STAT,60,LAT,LON,W,CRC
07/08/25 04:40:45,24.80,433.32,20.76,7.42,4.49,1065.47,23.50,42.30,0.00,0.00,0.00,0.00,0.00,0.00,0,13.16,0.00,25.81,1,1,77,0,5,STAT,60,LAT,LON,W,CRC
07/08/25 04:41:49,24.80,431.03,21.50,6.91,5.35,1061.49,23.50,42.30,0.00,0.00,0.00,0.00,0.00,0.00,0,13.16,0.00,25.81,1,2,74,0,5,STAT,60,LAT,LON,W,CRC
07/08/25 04:42:49,24.80,428.72,21.39,7.07,4.20,1056.75,23.50,42.30,0.00,0.00,0.00,0.00,0.00,0.00,0,13.16,0.00,22.58,1,4,76,0,4,STAT,60,LAT,LON,W,CRC
07/08/25 04:43:49,24.80,438.01,20.23,7.13,3.52,1053.62,23.50,42.20,0.00,0.00,0.00,0.00,0.00,0.00,0,13.16,0.00,25.81,1,1,78,0,4,STAT,60,LAT,LON,W,CRC
07/08/25 04:44:49,24.80,440.03,21.59,6.82,4.70,1051.22,23.50,42.20,0.00,0.00,0.00,0.00,0.00,0.00,0,13.16,0.00,25.81,1,0,76,0,4,STAT,60,LAT,LON,W,CRC
07/08/25 04:45:49,24.80,445.05,21.07,7.49,3.50,1049.70,23.50,42.20,0.00,0.00,0.00,0.00,0.00,0.00,0,13.16,0.00,41.94,1,-1,77,0,4,STAT,60,LAT,LON,W,CRC
07/08/25 04:46:46,24.80,436.30,19.10,7.53,3.57,1048.57,23.50,42.30,0.00,0.00,0.00,0.00,0.00,0.00,0,13.16,0.00,25.81,1,1,76,0,4,STAT,60,LAT,LON,W,CRC
07/08/25 04:47:46,24.80,437.54,20.38,7.56,4.46,1047.20,23.50,42.30,0.00,0.00,0.00,0.00,0.00,0.00,0,13.16,0.00,38.71,1,1,78,0,5,STAT,60,LAT,LON,W,CRC
07/08/25 04:48:46,24.80,437.99,19.80,6.35,5.18,1045.14,23.50,42.20,0.00,0.00,0.00,0.00,0.00,0.00,0,13.16,0.00,22.58,1,1,77,-1,4,STAT,60,LAT,LON,W,CRC
07/08/25 04:49:46,24.80,447.57,22.07,6.87,4.46,1043.13,23.50,42.30,0.00,0.00,0.00,0.00,0.00,0.00,0,13.16,0.00,25.81,1,-1,76,-1,4,STAT,60,LAT,LON,W,CRC
07/08/25 04:50:46,24.80,442.59,22.15,7.34,3.51,1041.03,23.50,42.20,0.00,0.00,0.00,0.00,0.00,0.00,0,13.16,0.00,22.58,1,0,76,0,4,STAT,60,LAT,LON,W,CRC
07/08/25 04:51:49,24.80,439.08,26.84,7.10,3.70,1037.12,23.50,42.20,0.00,0.00,0.00,0.00,0.00,0.00,0,13.16,0.00,41.94,1,1,72,0,4,STAT,60,LAT,LON,W,CRC
07/08/25 04:52:50,24.80,448.31,23.40,7.29,3.39,1034.10,23.50,42.30,0.00,0.00,0.00,0.00,0.00,0.00,0,13.16,0.00,25.81,1,-1,75,0,4,STAT,60,LAT,LON,W,CRC
07/08/25 04:53:50,24.80,442.21,22.05,6.96,3.72,1031.67,23.50,42.20,0.00,0.00,0.00,0.00,0.00,0.00,0,13.16,0.00,22.58,1,0,76,0,4,STAT,60,LAT,LON,W,CRC
07/08/25 04:54:50,24.80,443.31,21.46,6.61,4.59,1029.28,23.50,42.20,0.00,0.00,0.00,0.00,0.00,0.00,0,13.16,0.00,25.81,1,0,76,0,5,STAT,60,LAT,LON,W,CRC
07/08/25 04:55:50,24.80,442.28,21.16,6.69,3.99,1026.48,23.50,42.30,0.00,0.00,0.00,0.00,0.00,0.00,0,13.16,0.00,38.71,1,0,77,0,4,STAT,60,LAT,LON,W,CRC
07/08/25 04:56:52,24.80,443.61,13.43,8.05,2.86,1024.06,23.50,42.20,0.00,0.00,0.00,0.00,0.00,0.00,0,13.16,0.00,41.94,1,0,87,0,4,STAT,60,LAT,LON,W,CRC
07/08/25 04:57:47,24.80,447.23,18.03,7.53,3.82,1022.74,23.50,42.20,0.00,0.00,0.00,0.00,0.00,0.00,0,13.16,0.00,22.58,1,0,79,-1,4,STAT,60,LAT,LON,W,CRC
07/08/25 04:58:47,24.80,445.81,19.71,8.20,3.64,1021.23,23.50,42.30,0.00,0.00,0.00,0.00,0.00,0.00,0,13.16,0.00,22.58,1,0,77,0,4,STAT,60,LAT,LON,W,CRC
07/08/25 04:59:47,24.80,450.83,18.71,7.91,3.23,1019.68,23.50,42.30,0.00,0.00,0.00,0.00,0.00,0.00,0,13.16,0.00,25.81,1,-2,80,0,4,STAT,60,LAT,LON,W,CRC
07/08/25 05:00:47,24.80,447.08,19.70,6.50,5.24,1017.25,23.50,42.20,0.00,0.00,0.00,0.00,0.00,0.00,0,13.16,0.00,38.71,1,0,78,0,4,STAT,60,LAT,LON,W,CRC
07/08/25 05:01:48,24.80,454.40,20.70,7.09,4.06,1014.23,23.50,42.20,0.00,0.00,0.00,0.00,0.00,0.00,0,13.16,0.00,25.81,1,-3,76,0,4,STAT,60,LAT,LON,W,CRC
07/08/25 05:02:51,24.80,450.56,21.37,6.84,4.00,1012.08,23.50,42.20,0.00,0.00,0.00,0.00,0.00,0.00,0,13.16,0.00,25.81,1,-1,75,0,3,STAT,60,LAT,LON,W,CRC
07/08/25 05:03:51,24.80,456.71,20.82,7.22,3.29,1010.43,23.50,42.20,0.00,0.00,0.00,0.00,0.00,0.00,0,13.16,0.00,25.81,1,-3,76,0,4,STAT,60,LAT,LON,W,CRC
07/08/25 05:04:51,24.80,452.07,20.55,7.07,4.83,1009.27,23.50,42.20,0.00,0.00,0.00,0.00,0.00,0.00,0,13.16,0.00,38.71,1,-1,77,0,4,STAT,60,LAT,LON,W,CRC
07/08/25 05:05:51,24.80,453.84,19.97,8.13,3.81,1007.75,23.50,42.30,0.00,0.00,0.00,0.00,0.00,0.00,0,13.16,0.00,25.81,1,-2,78,0,4,STAT,60,LAT,LON,W,CRC
07/08/25 05:06:51,24.80,451.45,21.55,8.12,2.78,1006.13,23.50,42.30,0.00,0.00,0.00,0.00,0.00,0.00,0,13.16,0.00,25.81,1,-2,75,0,4,STAT,60,LAT,LON,W,CRC
07/08/25 05:07:51,24.80,457.93,20.42,7.86,3.06,1004.24,23.50,42.20,0.00,0.00,0.00,0.00,0.00,0.00,0,13.16,0.00,25.81,1,-4,75,0,4,STAT,60,LAT,LON,W,CRC
07/08/25 05:08:51,24.79,459.59,21.79,8.03,3.01,1003.08,23.50,42.20,0.00,0.00,0.00,0.00,0.00,0.00,0,13.16,0.00,25.81,1,-4,75,0,4,STAT,60,LAT,LON,W,CRC
07/08/25 05:09:51,24.80,459.82,20.70,7.38,3.38,1002.03,23.50,42.30,0.00,0.00,0.00,0.00,0.00,0.00,0,13.16,0.00,25.81,1,-3,76,0,4,STAT,60,LAT,LON,W,CRC
07/08/25 05:10:51,24.80,452.20,20.06,7.60,3.44,1000.47,23.50,42.20,0.00,0.00,0.00,0.00,0.00,0.00,0,13.16,0.00,38.71,1,-1,76,0,4,STAT,60,LAT,LON,W,CRC
07/08/25 05:11:51,24.79,457.57,21.37,7.83,2.85,997.28,23.50,42.20,0.00,0.00,0.00,0.00,0.00,0.00,0,13.16,0.00,22.58,1,-3,76,0,4,STAT,60,LAT,LON,W,CRC
07/08/25 05:12:49,24.80,461.66,20.73,7.69,2.23,994.96,23.50,42.20,0.00,0.00,0.00,0.00,0.00,0.00,0,13.16,0.00,22.58,1,-4,77,0,4,STAT,60,LAT,LON,W,CRC
07/08/25 05:13:49,24.79,458.28,21.97,7.03,3.96,992.84,23.50,42.30,0.00,0.00,0.00,0.00,0.00,0.00,0,13.16,0.00,38.71,1,-3,74,0,4,STAT,60,LAT,LON,W,CRC
07/08/25 05:14:50,24.79,463.76,21.83,7.09,3.85,990.65,23.50,42.30,0.00,0.00,0.00,0.00,0.00,0.00,0,13.16,0.00,22.58,1,-4,74,0,4,STAT,60,LAT,LON,W,CRC
07/08/25 05:15:50,24.79,466.43,21.55,7.76,4.49,988.53,23.50,42.20,0.00,0.00,0.00,0.00,0.00,0.00,0,13.16,0.00,45.16,1,-6,74,0,4,STAT,60,LAT,LON,W,CRC
07/08/25 05:16:50,24.79,459.28,20.59,7.85,4.09,986.31,23.50,42.20,0.00,0.00,0.00,0.00,0.00,0.00,0,13.16,0.00,22.58,1,-3,75,0,4,STAT,60,LAT,LON,W,CRC
07/08/25 05:17:49,24.79,456.22,21.28,7.98,3.55,984.84,23.50,42.20,0.00,0.00,0.00,0.00,0.00,0.00,0,13.16,0.00,64.52,1,-1,76,0,4,STAT,60,LAT,LON,W,CRC
07/08/25 05:18:49,24.79,459.81,20.21,7.25,4.39,983.35,23.50,42.20,0.00,0.00,0.00,0.00,0.00,0.00,0,13.16,0.00,25.81,1,-3,76,0,4,STAT,60,LAT,LON,W,CRC
07/08/25 05:19:49,24.78,466.24,22.67,7.48,4.00,982.14,23.50,42.20,0.00,0.00,0.00,0.00,0.00,0.00,0,13.16,0.00,22.58,1,-6,74,0,4,STAT,60,LAT,LON,W,CRC
07/08/25 05:20:49,24.78,464.05,22.78,7.15,3.71,981.05,23.50,42.20,0.00,0.00,0.00,0.00,0.00,0.00,0,13.16,0.00,22.58,1,-4,73,0,3,STAT,60,LAT,LON,W,CRC
07/08/25 05:21:49,24.78,466.18,22.55,6.78,3.71,979.69,23.50,42.20,0.00,0.00,0.00,0.00,0.00,0.00,0,13.16,0.00,38.71,1,-5,72,0,4,STAT,60,LAT,LON,W,CRC
07/08/25 05:22:55,24.78,460.33,21.45,6.35,5.52,977.58,23.50,42.20,0.00,0.00,0.00,0.00,0.00,0.00,0,13.16,0.00,32.26,1,-3,75,0,4,STAT,60,LAT,LON,W,CRC
07/08/25 05:23:52,24.77,467.08,21.30,7.13,4.47,974.83,23.50,42.20,0.00,0.00,0.00,0.00,0.00,0.00,0,13.16,0.00,25.81,1,-6,75,0,4,STAT,60,LAT,LON,W,CRC
07/08/25 05:24:52,24.77,462.65,22.31,6.80,4.21,972.00,23.50,42.20,0.00,0.00,0.00,0.00,0.00,0.00,0,13.16,0.00,38.71,1,-4,72,0,4,STAT,60,LAT,LON,W,CRC
07/08/25 05:25:52,24.77,467.41,21.20,7.85,4.39,970.81,23.50,42.20,0.00,0.00,0.00,0.00,0.00,0.00,0,13.16,0.00,25.81,1,-5,74,0,4,STAT,60,LAT,LON,W,CRC
07/08/25 05:26:52,24.77,467.70,22.05,8.40,2.93,969.93,23.50,42.20,0.00,0.00,0.00,0.00,0.00,0.00,0,13.16,0.00,22.58,1,-5,74,0,4,STAT,60,LAT,LON,W,CRC
07/08/25 05:27:52,24.77,469.13,21.70,7.58,4.43,969.10,23.50,42.20,0.00,0.00,0.00,0.00,0.00,0.00,0,13.16,0.00,22.58,1,-5,74,0,4,STAT,60,LAT,LON,W,CRC
07/08/25 05:28:51,24.77,470.89,20.23,8.54,3.03,968.13,23.50,42.20,0.00,0.00,0.00,0.00,0.00,0.00,0,13.16,0.00,22.58,1,-6,76,0,4,STAT,60,LAT,LON,W,CRC
07/08/25 05:29:51,24.77,466.18,21.16,7.55,4.68,966.36,23.50,42.20,0.00,0.00,0.00,0.00,0.00,0.00,0,13.16,0.00,22.58,1,-4,74,0,4,STAT,60,LAT,LON,W,CRC
07/08/25 05:30:51,24.77,467.96,20.56,7.51,4.44,964.46,23.50,42.20,0.00,0.00,0.00,0.00,0.00,0.00,0,13.16,0.00,25.81,1,-5,74,0,4,STAT,60,LAT,LON,W,CRC
07/08/25 05:31:51,24.77,470.41,21.43,7.65,3.86,961.43,23.50,42.20,0.00,0.00,0.00,0.00,0.00,0.00,0,13.16,0.00,38.71,1,-6,73,0,4,STAT,60,LAT,LON,W,CRC
07/08/25 05:32:51,24.76,469.27,21.62,7.99,3.31,957.41,23.50,42.20,0.00,0.00,0.00,0.00,0.00,0.00,0,13.16,0.00,25.81,1,-5,72,0,4,STAT,60,LAT,LON,W,CRC
07/08/25 05:33:50,24.75,478.44,20.66,7.08,4.66,955.31,23.50,42.10,0.00,0.00,0.00,0.00,0.00,0.00,0,13.16,0.00,25.81,1,-9,74,0,4,STAT,60,LAT,LON,W,CRC
07/08/25 05:34:50,24.75,473.98,21.09,7.19,4.13,954.01,23.50,42.10,0.00,0.00,0.00,0.00,0.00,0.00,0,13.16,0.00,25.81,1,-7,73,0,4,STAT,60,LAT,LON,W,CRC
07/08/25 05:35:50,24.75,472.49,18.83,7.50,3.89,952.71,23.50,42.20,0.00,0.00,0.00,0.00,0.00,0.00,0,13.16,0.00,41.94,1,-6,76,0,4,STAT,60,LAT,LON,W,CRC
07/08/25 05:36:50,24.74,475.96,21.02,7.54,3.00,951.37,23.50,42.10,0.00,0.00,0.00,0.00,0.00,0.00,0,13.16,0.00,25.81,1,-7,73,0,4,STAT,60,LAT,LON,W,CRC
07/08/25 05:37:50,24.73,478.51,20.65,7.55,3.97,949.90,23.50,42.20,0.00,0.00,0.00,0.00,0.00,0.00,0,13.16,0.00,25.81,1,-8,73,0,4,STAT,60,LAT,LON,W,CRC
07/08/25 05:38:53,24.73,482.31,21.41,6.86,4.48,947.83,23.50,42.20,0.00,0.00,0.00,0.00,0.00,0.00,0,13.16,0.00,38.71,1,-10,74,0,3,STAT,60,LAT,LON,W,CRC
07/08/25 05:39:54,24.73,477.40,20.83,6.85,4.74,945.45,23.50,42.20,0.00,0.00,0.00,0.00,0.00,0.00,0,13.16,0.00,25.81,1,-8,74,0,3,STAT,60,LAT,LON,W,CRC
07/08/25 05:40:54,24.72,477.13,21.03,7.63,3.21,943.93,23.50,42.20,0.00,0.00,0.00,0.00,0.00,0.00,0,13.16,0.00,48.39,1,-8,73,0,4,STAT,60,LAT,LON,W,CRC
07/08/25 05:41:54,24.72,478.68,21.34,7.71,4.08,942.14,23.50,42.20,0.00,0.00,0.00,0.00,0.00,0.00,0,13.16,0.00,25.81,1,-9,72,0,4,STAT,60,LAT,LON,W,CRC
07/08/25 05:42:54,24.72,481.30,22.72,7.28,4.19,940.99,23.50,42.20,0.00,0.00,0.00,0.00,0.00,0.00,0,13.16,0.00,22.58,1,-9,72,0,4,STAT,60,LAT,LON,W,CRC
07/08/25 05:44:00,24.72,479.96,19.90,7.76,3.57,939.59,23.50,42.10,0.00,0.00,0.00,0.00,0.00,0.00,0,13.16,0.00,25.81,1,-8,77,0,4,STAT,60,LAT,LON,W,CRC
07/08/25 05:44:50,24.72,479.92,20.49,8.50,2.86,938.66,23.50,42.10,0.00,0.00,0.00,0.00,0.00,0.00,0,13.16,0.00,25.81,1,-8,75,0,4,STAT,60,LAT,LON,W,CRC
07/08/25 05:45:50,24.71,480.80,20.57,8.30,3.21,937.59,23.50,42.20,0.00,0.00,0.00,0.00,0.00,0.00,0,13.16,0.00,38.71,1,-9,75,0,4,STAT,60,LAT,LON,W,CRC
07/08/25 05:46:50,24.71,487.45,22.63,7.76,3.98,936.59,23.50,42.20,0.00,0.00,0.00,0.00,0.00,0.00,0,13.16,0.00,25.81,1,-11,72,0,4,STAT,60,LAT,LON,W,CRC
07/08/25 05:47:51,24.70,480.01,22.29,7.59,3.76,935.47,23.50,42.20,0.00,0.00,0.00,0.00,0.00,0.00,0,13.16,0.00,25.81,1,-8,72,0,3,STAT,60,LAT,LON,W,CRC
07/08/25 05:48:51,24.70,478.68,23.81,7.61,3.57,933.61,23.50,42.10,0.00,0.00,0.00,0.00,0.00,0.00,0,13.16,0.00,25.81,1,-7,71,0,4,STAT,60,LAT,LON,W,CRC
07/08/25 05:49:54,24.70,480.96,24.26,6.86,5.35,930.30,23.50,42.20,0.00,0.00,0.00,0.00,0.00,0.00,0,13.16,0.00,22.58,1,-8,67,0,4,STAT,60,LAT,LON,W,CRC
07/08/25 05:50:54,24.70,484.48,21.96,6.98,4.77,927.80,23.50,42.10,0.00,0.00,0.00,0.00,0.00,0.00,0,13.16,0.00,25.81,1,-10,70,-1,4,STAT,60,LAT,LON,W,CRC
07/08/25 05:51:54,24.70,485.28,22.21,7.96,3.20,925.75,23.50,42.20,0.00,0.00,0.00,0.00,0.00,0.00,0,13.16,0.00,25.81,1,-10,71,0,4,STAT,60,LAT,LON,W,CRC
07/08/25 05:52:54,24.70,485.77,21.99,8.10,3.14,923.65,23.50,42.20,0.00,0.00,0.00,0.00,0.00,0.00,0,13.16,0.00,25.81,1,-10,71,0,4,STAT,60,LAT,LON,W,CRC
07/08/25 05:53:55,24.70,485.17,22.07,6.97,4.41,922.18,23.50,42.10,0.00,0.00,0.00,0.00,0.00,0.00,0,13.16,0.00,38.71,1,-10,70,0,4,STAT,60,LAT,LON,W,CRC
07/08/25 05:54:53,24.70,485.81,21.88,7.25,3.65,921.00,23.50,42.20,0.00,0.00,0.00,0.00,0.00,0.00,0,13.16,0.00,22.58,1,-10,68,0,4,STAT,60,LAT,LON,W,CRC
07/08/25 05:55:53,24.70,488.50,21.81,7.47,3.06,919.81,23.50,42.10,0.00,0.00,0.00,0.00,0.00,0.00,0,13.16,0.00,25.81,1,-11,70,0,3,STAT,60,LAT,LON,W,CRC
07/08/25 05:56:53,24.70,486.18,21.26,7.38,3.80,918.83,23.50,42.10,0.00,0.00,0.00,0.00,0.00,0.00,0,13.16,0.00,41.94,1,-10,72,0,4,STAT,60,LAT,LON,W,CRC
07/08/25 05:57:53,24.70,484.85,21.70,7.03,4.74,917.29,23.50,42.10,0.00,0.00,0.00,0.00,0.00,0.00,0,13.16,0.00,25.81,1,-10,71,0,4,STAT,60,LAT,LON,W,CRC
07/08/25 05:58:53,24.70,486.54,20.79,7.46,4.33,915.95,23.50,42.10,0.00,0.00,0.00,0.00,0.00,0.00,0,13.16,0.00,25.81,1,-10,72,0,4,STAT,60,LAT,LON,W,CRC
07/08/25 05:59:53,24.70,493.11,21.68,8.16,2.98,914.49,23.50,42.10,0.00,0.00,0.00,0.00,0.00,0.00,0,13.16,0.00,58.06,1,-13,73,0,4,STAT,60,LAT,LON,W,CRC
07/08/25 06:00:53,24.70,489.76,22.36,8.44,3.20,912.47,23.50,42.10,0.00,0.00,0.00,0.00,0.00,0.00,0,13.16,0.00,22.58,1,-12,72,0,4,STAT,60,LAT,LON,W,CRC
07/08/25 06:01:53,24.70,485.12,22.01,8.13,3.11,910.87,23.50,42.10,0.00,0.00,0.00,0.00,0.00,0.00,0,13.16,0.00,29.03,1,-10,71,0,4,STAT,60,LAT,LON,W,CRC
07/08/25 06:02:53,24.70,491.38,23.78,7.99,3.51,909.57,23.50,42.10,0.00,0.00,0.00,0.00,0.00,0.00,0,13.16,0.00,41.94,1,-12,70,0,4,STAT,60,LAT,LON,W,CRC
07/08/25 06:03:53,24.70,494.16,22.43,7.26,4.18,907.89,23.50,42.10,0.00,0.00,0.00,0.00,0.00,0.00,0,13.16,0.00,22.58,1,-12,72,0,3,STAT,60,LAT,LON,W,CRC
07/08/25 06:04:56,24.70,490.48,21.91,7.10,3.74,906.39,23.50,42.10,0.00,0.00,0.00,0.00,0.00,0.00,0,13.16,0.00,67.74,1,-11,71,0,4,STAT,60,LAT,LON,W,CRC
07/08/25 06:05:56,24.70,489.25,20.79,7.75,2.81,904.49,23.50,42.10,0.00,0.00,0.00,0.00,0.00,0.00,0,13.16,0.00,22.58,1,-11,73,0,3,STAT,60,LAT,LON,W,CRC
07/08/25 06:06:56,24.70,489.59,21.44,8.01,2.76,901.80,23.50,42.10,0.00,0.00,0.00,0.00,0.00,0.00,0,13.16,0.00,38.71,1,-11,73,0,3,STAT,60,LAT,LON,W,CRC
07/08/25 06:07:57,24.70,492.87,21.83,7.87,2.04,899.60,23.50,42.10,0.00,0.00,0.00,0.00,0.00,0.00,0,13.16,0.00,25.81,1,-12,71,0,3,STAT,60,LAT,LON,W,CRC
07/08/25 06:08:57,24.70,499.30,21.15,8.54,1.81,897.36,23.50,42.10,0.00,0.00,0.00,0.00,0.00,0.00,0,13.16,0.00,25.81,1,-15,71,0,3,STAT,60,LAT,LON,W,CRC
07/08/25 06:09:57,24.70,499.08,22.08,7.90,2.66,895.83,23.50,42.10,0.00,0.00,0.00,0.00,0.00,0.00,0,13.16,0.00,25.81,1,-14,71,0,4,STAT,60,LAT,LON,W,CRC
07/08/25 06:10:54,24.70,501.42,25.93,7.96,2.58,894.46,23.50,42.10,0.00,0.00,0.00,0.00,0.00,0.00,0,13.16,0.00,25.81,1,-15,68,0,4,STAT,60,LAT,LON,W,CRC
07/08/25 06:11:54,24.70,498.52,24.06,8.68,1.64,892.90,23.50,42.10,0.00,0.00,0.00,0.00,0.00,0.00,0,13.16,0.00,25.81,1,-14,69,0,4,STAT,60,LAT,LON,W,CRC
07/08/25 06:12:55,24.70,498.66,22.60,8.30,2.64,891.65,23.50,42.10,0.00,0.00,0.00,0.00,0.00,0.00,0,13.16,0.00,38.71,1,-14,70,0,4,STAT,60,LAT,LON,W,CRC
07/08/25 06:13:55,24.70,496.92,21.02,8.70,2.42,890.50,23.50,42.10,0.00,0.00,0.00,0.00,0.00,0.00,0,13.16,0.00,22.58,1,-13,71,0,4,STAT,60,LAT,LON,W,CRC
07/08/25 06:14:55,24.70,501.51,20.73,8.02,3.03,889.19,23.50,42.10,0.00,0.00,0.00,0.00,0.00,0.00,0,13.16,0.00,25.81,1,-15,71,0,4,STAT,60,LAT,LON,W,CRC
07/08/25 06:15:54,24.70,506.28,19.89,8.02,3.67,888.05,23.50,42.10,0.00,0.15,0.15,0.15,0.00,0.00,0,13.16,0.00,22.58,1,-16,73,0,4,STAT,60,LAT,LON,W,CRC
07/08/25 06:16:54,24.70,504.88,20.77,7.62,3.99,886.83,23.50,42.00,0.00,0.05,0.05,0.05,0.00,0.00,0,13.16,0.00,41.94,1,-16,72,0,4,STAT,60,LAT,LON,W,CRC
07/08/25 06:17:54,24.70,503.43,20.59,8.58,2.39,885.83,23.50,42.00,0.00,0.02,0.02,0.02,0.00,0.00,0,13.16,0.00,25.81,1,-15,71,0,4,STAT,60,LAT,LON,W,CRC
07/08/25 06:18:54,24.70,510.43,21.07,7.98,3.10,884.38,23.50,42.00,0.00,0.01,0.01,0.01,0.00,0.00,0,13.16,0.00,38.71,1,-18,69,0,3,STAT,60,LAT,LON,W,CRC
07/08/25 06:19:54,24.70,509.65,20.87,7.74,3.40,882.70,23.50,42.00,0.00,0.00,0.00,0.00,0.00,0.00,0,13.16,0.00,22.58,1,-17,71,0,4,STAT,60,LAT,LON,W,CRC
07/08/25 06:20:56,24.70,505.81,21.39,7.81,3.22,880.09,23.50,42.10,0.00,0.00,0.00,0.00,0.00,0.00,0,13.16,0.00,22.58,1,-16,72,0,4,STAT,60,LAT,LON,W,CRC
07/08/25 06:21:57,24.70,504.12,20.84,8.23,1.67,877.56,23.50,42.10,0.00,0.00,0.00,0.00,0.00,0.00,0,13.16,0.00,25.81,1,-15,71,0,3,STAT,60,LAT,LON,W,CRC
07/08/25 06:22:57,24.70,514.39,21.26,7.47,3.62,876.55,23.50,42.10,0.00,0.00,0.00,0.00,0.00,0.00,0,13.16,0.00,41.94,1,-18,71,0,4,STAT,60,LAT,LON,W,CRC
07/08/25 06:23:57,24.70,507.26,22.44,8.22,2.00,875.49,23.50,42.00,0.00,0.00,0.00,0.00,0.00,0.00,0,13.16,0.00,48.39,1,-16,70,0,3,STAT,60,LAT,LON,W,CRC
07/08/25 06:24:57,24.70,507.21,20.07,8.23,2.71,874.56,23.50,42.00,0.00,0.00,0.00,0.00,0.00,0.00,0,13.16,0.00,32.26,1,-16,72,0,3,STAT,60,LAT,LON,W,CRC
07/08/25 06:25:55,24.70,506.82,26.14,7.10,4.65,873.63,23.50,42.00,0.00,0.00,0.00,0.00,0.00,0.00,0,13.13,0.00,74.19,1,-15,63,0,4,STAT,60,LAT,LON,W,CRC
07/08/25 06:26:56,24.70,501.35,24.27,7.30,3.79,872.93,23.50,42.00,0.00,0.00,0.00,0.00,0.00,0.00,0,13.16,0.00,22.58,1,-13,67,0,3,STAT,60,LAT,LON,W,CRC
07/08/25 06:27:56,24.70,506.10,22.97,7.70,2.57,871.83,23.50,42.10,0.00,0.00,0.00,0.00,0.00,0.00,0,13.16,0.00,22.58,1,-15,69,0,3,STAT,60,LAT,LON,W,CRC
07/08/25 06:28:56,24.70,512.64,20.85,8.22,3.18,870.79,23.50,42.00,0.00,0.00,0.00,0.00,0.00,0.00,0,13.16,0.00,22.58,1,-17,70,0,4,STAT,60,LAT,LON,W,CRC
07/08/25 06:29:56,24.70,507.12,22.12,9.11,2.54,869.65,23.50,42.00,0.00,0.00,0.00,0.00,0.00,0.00,0,13.16,0.00,22.58,1,-16,69,0,3,STAT,60,LAT,LON,W,CRC
07/08/25 06:30:56,24.70,510.53,21.19,8.26,3.10,868.57,23.50,42.00,0.00,0.00,0.00,0.00,0.00,0.00,0,13.16,0.00,38.71,1,-17,69,0,4,STAT,60,LAT,LON,W,CRC
07/08/25 06:31:55,24.70,513.16,25.00,7.41,3.56,867.06,23.50,42.00,0.00,0.00,0.00,0.00,0.00,0.00,0,13.16,0.00,25.81,1,-18,66,0,4,STAT,60,LAT,LON,W,CRC
07/08/25 06:32:55,24.70,510.23,22.97,6.41,5.73,865.86,23.50,42.00,0.00,0.00,0.00,0.00,0.00,0.00,0,13.16,0.00,38.71,1,-17,69,0,4,STAT,60,LAT,LON,W,CRC
07/08/25 06:33:55,24.70,513.05,21.02,7.36,2.98,864.95,23.50,42.10,0.00,0.00,0.00,0.00,0.00,0.00,0,13.16,0.00,41.94,1,-18,70,0,4,STAT,60,LAT,LON,W,CRC
07/08/25 06:34:56,24.70,514.62,21.89,7.25,3.50,863.93,23.40,42.00,0.00,0.00,0.00,0.00,0.00,0.00,0,13.16,0.00,25.81,1,-18,70,0,4,STAT,60,LAT,LON,W,CRC
07/08/25 06:35:56,24.70,515.62,22.58,8.41,2.32,861.76,23.40,42.00,0.00,0.00,0.00,0.00,0.00,0.00,0,13.16,0.00,22.58,1,-18,68,0,4,STAT,60,LAT,LON,W,CRC
07/08/25 06:36:58,24.70,517.92,22.07,6.93,4.39,859.56,23.50,42.00,0.00,0.00,0.00,0.00,0.00,0.00,0,13.16,0.00,25.81,1,-19,69,0,4,STAT,60,LAT,LON,W,CRC
07/08/25 06:37:58,24.70,516.35,22.71,8.18,2.66,858.01,23.50,42.00,0.00,0.00,0.00,0.00,0.00,0.00,0,13.16,0.00,41.94,1,-19,68,0,3,STAT,60,LAT,LON,W,CRC
07/08/25 06:38:58,24.70,516.58,23.46,7.65,2.49,856.81,23.50,42.00,0.00,0.00,0.00,0.00,0.00,0.00,0,13.16,0.00,22.58,1,-18,67,0,3,STAT,60,LAT,LON,W,CRC
07/08/25 06:39:58,24.70,517.97,23.29,7.58,3.69,855.23,23.50,42.10,0.00,0.00,0.00,0.00,0.00,0.00,0,13.16,0.00,48.39,1,-18,67,0,4,STAT,60,LAT,LON,W,CRC
07/08/25 06:40:58,24.70,514.68,21.67,7.28,3.21,853.79,23.50,42.00,0.00,0.00,0.00,0.00,0.00,0.00,0,13.16,0.00,25.81,1,-17,70,0,3,STAT,60,LAT,LON,W,CRC
07/08/25 06:41:56,24.70,516.32,22.27,7.26,4.20,853.22,23.50,41.90,0.00,0.00,0.00,0.00,0.00,0.00,0,13.16,0.00,25.81,1,-18,70,0,3,STAT,60,LAT,LON,W,CRC
07/08/25 06:42:56,24.70,516.52,22.63,7.18,3.57,852.43,23.50,41.90,0.00,0.00,0.00,0.00,0.00,0.00,0,13.16,0.00,25.81,1,-18,68,0,3,STAT,60,LAT,LON,W,CRC
07/08/25 06:43:57,24.70,522.26,21.42,8.37,2.22,851.10,23.50,42.00,0.00,0.00,0.00,0.00,0.00,0.00,0,13.16,0.00,25.81,1,-20,69,0,3,STAT,60,LAT,LON,W,CRC
07/08/25 06:44:57,24.70,516.63,21.83,8.81,1.47,848.63,23.50,41.90,0.00,0.00,0.00,0.00,0.00,0.00,0,13.16,0.00,22.58,1,-18,68,0,4,STAT,60,LAT,LON,W,CRC
07/08/25 06:45:57,24.70,517.18,22.27,8.10,1.90,846.19,23.50,41.90,0.00,0.00,0.00,0.00,0.00,0.00,0,13.16,0.00,38.71,1,-18,69,0,4,STAT,60,LAT,LON,W,CRC
07/08/25 06:47:01,24.70,522.84,21.67,7.29,3.85,844.32,23.40,42.00,0.00,0.00,0.00,0.00,0.00,0.00,0,13.16,0.00,25.81,1,-20,68,0,4,STAT,60,LAT,LON,W,CRC
07/08/25 06:48:01,24.70,527.47,22.86,8.14,2.97,842.52,23.50,42.00,0.00,0.00,0.00,0.00,0.00,0.00,0,13.16,0.00,22.58,1,-22,69,0,3,STAT,60,LAT,LON,W,CRC
07/08/25 06:49:01,24.70,525.48,21.45,8.05,2.38,841.03,23.50,42.00,0.00,0.00,0.00,0.00,0.00,0.00,0,13.16,0.00,22.58,1,-20,69,0,3,STAT,60,LAT,LON,W,CRC
07/08/25 06:50:01,24.70,529.20,23.66,7.62,3.42,840.46,23.50,41.90,0.00,0.00,0.00,0.00,0.00,0.00,0,13.16,0.00,38.71,1,-22,67,0,3,STAT,60,LAT,LON,W,CRC
07/08/25 06:51:01,24.70,527.37,22.97,7.59,2.93,840.16,23.50,42.00,0.00,0.00,0.00,0.00,0.00,0.00,0,13.16,0.00,25.81,1,-22,67,0,3,STAT,60,LAT,LON,W,CRC
07/08/25 06:52:07,24.70,523.24,22.61,8.55,2.67,839.28,23.50,42.00,0.00,0.00,0.00,0.00,0.00,0.00,0,13.16,0.00,22.58,1,-19,67,0,3,STAT,60,LAT,LON,W,CRC
07/08/25 06:52:58,24.70,527.05,21.39,7.62,2.47,837.80,23.50,42.00,0.00,0.00,0.00,0.00,0.00,0.00,0,13.16,0.00,22.58,1,-20,67,0,3,STAT,60,LAT,LON,W,CRC
07/08/25 06:53:58,24.70,525.35,20.69,8.09,2.47,834.86,23.50,42.00,0.00,0.00,0.00,0.00,0.00,0.00,0,13.16,0.00,25.81,1,-21,69,0,3,STAT,60,LAT,LON,W,CRC
07/08/25 06:54:58,24.70,523.54,22.53,7.93,3.29,832.39,23.40,41.90,0.00,0.00,0.00,0.00,0.00,0.00,0,13.16,0.00,38.71,1,-19,68,0,4,STAT,60,LAT,LON,W,CRC
07/08/25 06:55:58,24.70,528.49,22.97,7.56,3.91,831.20,23.50,41.90,0.00,0.00,0.00,0.00,0.00,0.00,0,13.16,0.00,25.81,1,-21,67,0,4,STAT,60,LAT,LON,W,CRC
07/08/25 06:56:58,24.70,528.15,23.15,7.99,2.53,830.42,23.40,41.90,0.00,0.00,0.00,0.00,0.00,0.00,0,13.16,0.00,22.58,1,-22,66,0,4,STAT,60,LAT,LON,W,CRC
07/08/25 06:57:58,24.70,533.07,23.86,9.28,1.94,829.76,23.40,42.00,0.00,0.00,0.00,0.00,0.00,0.00,0,13.16,0.00,25.81,1,-23,66,0,4,STAT,60,LAT,LON,W,CRC
07/08/25 06:58:58,24.70,535.78,21.93,8.16,3.43,828.43,23.40,41.90,0.00,0.00,0.00,0.00,0.00,0.00,0,13.16,0.00,22.58,1,-24,67,0,4,STAT,60,LAT,LON,W,CRC
07/08/25 06:59:58,24.70,530.76,23.16,8.24,2.71,826.63,23.50,41.90,0.00,0.00,0.00,0.00,0.00,0.00,0,13.16,0.00,25.81,1,-22,66,0,3,STAT,60,LAT,LON,W,CRC
07/08/25 07:00:59,24.70,530.15,22.34,7.33,4.00,825.57,23.40,41.90,0.00,0.00,0.00,0.00,0.00,0.00,0,13.16,0.00,41.94,1,-22,68,0,3,STAT,60,LAT,LON,W,CRC
07/08/25 07:01:59,24.70,529.72,22.22,8.07,3.41,825.20,23.50,41.90,0.00,0.00,0.00,0.00,0.00,0.00,0,13.16,0.00,25.81,1,-21,68,0,4,STAT,60,LAT,LON,W,CRC
07/08/25 07:03:01,24.70,535.62,22.10,7.44,4.61,824.99,23.40,41.90,0.00,0.00,0.00,0.00,0.00,0.00,0,13.16,0.00,25.81,1,-24,67,0,4,STAT,60,LAT,LON,W,CRC
07/08/25 07:04:01,24.70,535.29,22.12,7.45,4.35,824.41,23.50,41.90,0.00,0.00,0.00,0.00,0.00,0.00,0,13.16,0.00,22.58,1,-23,66,0,4,STAT,60,LAT,LON,W,CRC
07/08/25 07:05:01,24.70,535.55,21.09,7.28,3.49,823.99,23.50,41.90,0.00,0.00,0.00,0.00,0.00,0.00,0,13.16,0.00,41.94,1,-23,67,0,3,STAT,60,LAT,LON,W,CRC
07/08/25 07:06:01,24.70,536.03,19.69,7.98,3.96,822.70,23.50,41.90,0.00,0.00,0.00,0.00,0.00,0.00,0,13.16,0.00,25.81,1,-23,69,0,4,STAT,60,LAT,LON,W,CRC
07/08/25 07:07:01,24.70,535.98,21.84,8.39,2.66,821.37,23.40,41.90,0.00,0.00,0.00,0.00,0.00,0.00,0,13.16,0.00,25.81,1,-23,68,0,4,STAT,60,LAT,LON,W,CRC
07/08/25 07:07:58,24.70,525.57,23.87,8.50,2.57,819.64,23.50,41.90,0.00,0.00,0.00,0.00,0.00,0.00,0,13.16,0.00,25.81,1,-19,57,0,3,STAT,60,LAT,LON,W,CRC
07/08/25 07:08:58,24.70,535.60,23.83,8.08,2.72,817.79,23.40,41.90,0.00,0.00,0.00,0.00,0.00,0.00,0,13.16,0.00,25.81,1,-23,63,0,3,STAT,60,LAT,LON,W,CRC
07/08/25 07:09:58,24.70,535.61,22.05,8.35,2.25,815.40,23.40,41.80,0.00,0.00,0.00,0.00,0.00,0.00,0,13.16,0.00,22.58,1,-24,66,0,3,STAT,60,LAT,LON,W,CRC
07/08/25 07:10:58,24.70,540.37,23.69,8.36,2.00,814.04,23.40,41.90,0.00,0.00,0.00,0.00,0.00,0.00,0,13.16,0.00,51.61,1,-26,66,0,3,STAT,60,LAT,LON,W,CRC
07/08/25 07:11:58,24.70,539.22,23.63,8.87,2.89,812.72,23.50,41.90,0.00,0.00,0.00,0.00,0.00,0.00,0,13.16,0.00,25.81,1,-25,65,0,4,STAT,60,LAT,LON,W,CRC
07/08/25 07:13:07,24.70,541.98,28.51,8.48,2.16,812.23,23.40,41.90,0.00,0.00,0.00,0.00,0.00,0.00,0,13.16,0.00,29.03,1,-26,57,0,3,STAT,60,LAT,LON,W,CRC
07/08/25 07:14:02,24.70,542.38,25.06,8.57,1.30,811.63,23.40,41.90,0.00,0.00,0.00,0.00,0.00,0.00,0,13.16,0.00,41.94,1,-26,62,0,3,STAT,60,LAT,LON,W,CRC
07/08/25 07:15:02,24.70,543.25,22.29,8.54,1.08,810.73,23.50,41.90,0.00,0.00,0.00,0.00,0.00,0.00,0,13.16,0.00,25.81,1,-26,66,0,3,STAT,60,LAT,LON,W,CRC
07/08/25 07:16:02,24.70,541.43,22.94,7.97,2.72,808.84,23.40,41.80,0.00,0.00,0.00,0.00,0.00,0.00,0,13.16,0.00,25.81,1,-25,66,0,3,STAT,60,LAT,LON,W,CRC
07/08/25 07:17:02,24.70,535.15,23.61,7.55,3.32,807.24,23.50,41.80,0.00,0.00,0.00,0.00,0.00,0.00,0,13.16,0.00,25.81,1,-23,65,0,4,STAT,60,LAT,LON,W,CRC
07/08/25 07:18:02,24.70,542.37,22.02,7.94,3.72,805.82,23.40,41.90,0.00,0.00,0.00,0.00,0.00,0.00,0,13.16,0.00,25.81,1,-26,66,-1,4,STAT,60,LAT,LON,W,CRC
07/08/25 07:19:02,24.70,542.93,21.89,7.83,3.31,804.41,23.40,41.90,0.00,0.00,0.00,0.00,0.00,0.00,0,13.16,0.00,22.58,1,-26,67,0,3,STAT,60,LAT,LON,W,CRC
07/08/25 07:20:02,24.70,540.25,21.20,7.61,3.83,803.41,23.40,41.90,0.00,0.00,0.00,0.00,0.00,0.00,0,13.16,0.00,38.71,1,-25,68,0,3,STAT,60,LAT,LON,W,CRC
07/08/25 07:21:02,24.70,543.07,21.90,8.40,3.45,803.14,23.40,41.90,0.00,0.00,0.00,0.00,0.00,0.00,0,13.16,0.00,22.58,1,-26,66,0,4,STAT,60,LAT,LON,W,CRC
07/08/25 07:22:02,24.70,541.76,20.50,8.52,2.48,801.98,23.40,41.90,0.00,0.00,0.00,0.00,0.00,0.00,0,13.16,0.00,22.58,1,-25,67,0,3,STAT,60,LAT,LON,W,CRC
07/08/25 07:23:02,24.70,548.09,21.99,9.08,1.19,800.29,23.40,41.90,0.00,0.00,0.00,0.00,0.00,0.00,0,13.16,0.00,22.58,1,-27,66,0,3,STAT,60,LAT,LON,W,CRC
07/08/25 07:24:00,24.70,544.43,21.11,9.54,-0.14,798.99,23.40,41.80,0.00,0.00,0.00,0.00,0.00,0.00,0,13.16,0.00,25.81,1,-26,68,0,3,STAT,60,LAT,LON,W,CRC
07/08/25 07:25:00,24.70,546.46,21.60,8.88,1.49,798.35,23.40,41.90,0.00,0.00,0.00,0.00,0.00,0.00,0,13.16,0.00,41.94,1,-27,67,0,3,STAT,60,LAT,LON,W,CRC
07/08/25 07:26:00,24.70,554.09,22.19,9.38,1.59,798.12,23.50,41.90,0.00,0.00,0.00,0.00,0.00,0.00,0,13.16,0.00,25.81,1,-30,65,0,3,STAT,60,LAT,LON,W,CRC
07/08/25 07:27:00,24.70,550.68,22.86,8.73,1.99,797.54,23.50,41.90,0.00,0.00,0.00,0.00,0.00,0.00,0,13.16,0.00,22.58,1,-29,65,0,4,STAT,60,LAT,LON,W,CRC
07/08/25 07:28:00,24.70,549.50,22.77,8.84,2.83,796.96,23.40,41.80,0.00,0.00,0.00,0.00,0.00,0.00,0,13.16,0.00,22.58,1,-28,64,0,4,STAT,60,LAT,LON,W,CRC
07/08/25 07:29:01,24.69,549.23,17.64,8.69,2.40,795.24,23.40,41.80,0.00,0.00,0.00,0.00,0.00,0.00,0,13.16,0.00,25.81,1,-28,74,0,4,STAT,60,LAT,LON,W,CRC
07/08/25 07:30:01,24.69,554.53,19.13,8.08,3.06,793.83,23.40,41.80,0.00,0.00,0.00,0.00,0.00,0.00,0,13.16,0.00,25.81,1,-30,70,0,4,STAT,60,LAT,LON,W,CRC
07/08/25 07:31:02,24.69,551.22,21.68,7.32,4.62,793.29,23.40,41.80,0.00,0.00,0.00,0.00,0.00,0.00,0,13.16,0.00,22.58,1,-28,68,0,4,STAT,60,LAT,LON,W,CRC
07/08/25 07:32:02,24.69,550.18,21.14,8.33,3.35,792.49,23.40,41.90,0.00,0.00,0.00,0.00,0.00,0.00,0,13.16,0.00,45.16,1,-28,67,0,3,STAT,60,LAT,LON,W,CRC
07/08/25 07:33:02,24.69,552.21,22.02,8.81,2.68,791.76,23.40,41.90,0.00,0.00,0.00,0.00,0.00,0.00,0,13.16,0.00,25.81,1,-29,65,0,4,STAT,60,LAT,LON,W,CRC
07/08/25 07:34:02,24.69,557.67,23.01,8.51,3.21,790.60,23.40,41.80,0.00,0.00,0.00,0.00,0.00,0.00,0,13.16,0.00,25.81,1,-30,65,0,4,STAT,60,LAT,LON,W,CRC
07/08/25 07:35:00,24.68,553.48,22.05,8.40,3.70,789.10,23.40,41.80,0.00,0.00,0.00,0.00,0.00,0.00,0,13.16,0.00,41.94,1,-29,65,0,4,STAT,60,LAT,LON,W,CRC
07/08/25 07:36:00,24.68,559.27,22.52,9.20,2.14,787.33,23.40,41.80,0.00,0.00,0.00,0.00,0.00,0.00,0,13.16,0.00,25.81,1,-30,64,0,3,STAT,60,LAT,LON,W,CRC
07/08/25 07:37:00,24.68,555.95,22.93,8.41,1.96,786.29,23.40,41.80,0.00,0.00,0.00,0.00,0.00,0.00,0,13.16,0.00,22.58,1,-29,64,-1,3,STAT,60,LAT,LON,W,CRC
07/08/25 07:38:01,24.68,554.40,22.33,7.78,3.10,785.10,23.40,41.80,0.00,0.00,0.00,0.00,0.00,0.00,0,13.16,0.00,25.81,1,-29,65,0,3,STAT,60,LAT,LON,W,CRC
07/08/25 07:39:01,24.67,554.30,22.54,7.90,3.12,783.88,23.40,41.80,0.00,0.00,0.00,0.00,0.00,0.00,0,13.16,0.00,25.81,1,-29,63,0,3,STAT,60,LAT,LON,W,CRC
07/08/25 07:40:04,24.67,550.81,21.41,8.59,1.61,782.08,23.40,41.80,0.00,0.00,0.00,0.00,0.00,0.00,0,13.16,0.00,25.81,1,-28,66,0,3,STAT,60,LAT,LON,W,CRC
07/08/25 07:41:04,24.67,555.81,21.34,8.05,2.76,780.92,23.40,41.80,0.00,0.00,0.00,0.00,0.00,0.00,0,13.16,0.00,22.58,1,-30,66,0,3,STAT,60,LAT,LON,W,CRC
07/08/25 07:42:04,24.67,551.67,23.60,8.34,2.57,780.17,23.40,41.80,0.00,0.00,0.00,0.00,0.00,0.00,0,13.16,0.00,25.81,1,-28,65,0,4,STAT,60,LAT,LON,W,CRC
07/08/25 07:43:04,24.67,554.66,23.40,8.15,2.16,779.41,23.40,41.80,0.00,0.00,0.00,0.00,0.00,0.00,0,13.16,0.00,41.94,1,-29,63,0,3,STAT,60,LAT,LON,W,CRC
07/08/25 07:44:04,24.66,558.76,21.79,9.20,1.77,778.60,23.40,41.80,0.00,0.00,0.00,0.00,0.00,0.00,0,13.16,0.00,22.58,1,-30,65,0,4,STAT,60,LAT,LON,W,CRC
07/08/25 07:45:02,24.65,555.10,23.02,8.52,3.24,777.69,23.40,41.80,0.00,0.00,0.00,0.00,0.00,0.00,0,13.16,0.00,25.81,1,-29,64,0,4,STAT,60,LAT,LON,W,CRC
07/08/25 07:46:02,24.64,562.23,21.85,8.48,3.33,776.62,23.40,41.80,0.00,0.00,0.00,0.00,0.00,0.00,0,13.16,0.00,22.58,1,-31,66,0,4,STAT,60,LAT,LON,W,CRC
07/08/25 07:47:03,24.63,561.47,21.60,7.74,3.97,775.25,23.40,41.80,0.00,0.00,0.00,0.00,0.00,0.00,0,13.16,0.00,38.71,1,-31,64,0,4,STAT,60,LAT,LON,W,CRC
07/08/25 07:48:03,24.63,561.97,22.44,8.12,2.10,773.86,23.40,41.80,0.00,0.00,0.00,0.00,0.00,0.00,0,13.16,0.00,51.61,1,-31,65,0,3,STAT,60,LAT,LON,W,CRC
07/08/25 07:49:03,24.62,565.02,22.63,8.14,2.61,772.35,23.40,41.80,0.00,0.00,0.00,0.00,0.00,0.00,0,13.16,0.00,22.58,1,-33,64,0,3,STAT,60,LAT,LON,W,CRC
07/08/25 07:50:02,24.62,565.65,22.15,8.27,2.14,771.29,23.40,41.80,0.00,0.00,0.00,0.00,0.00,0.00,0,13.16,0.00,29.03,1,-32,66,-1,3,STAT,60,LAT,LON,W,CRC
07/08/25 07:51:02,24.61,566.01,22.99,8.26,1.94,770.45,23.40,41.80,0.00,0.02,0.02,0.02,0.00,0.00,0,13.16,0.00,25.81,1,-32,64,0,3,STAT,60,LAT,LON,W,CRC
07/08/25 07:52:02,24.60,563.10,23.99,7.68,2.78,769.87,23.40,41.80,0.00,0.01,0.01,0.01,0.00,0.00,0,13.16,0.00,48.39,1,-31,61,0,3,STAT,60,LAT,LON,W,CRC
07/08/25 07:53:02,24.60,567.96,23.23,9.21,0.71,769.32,23.40,41.80,0.00,0.00,0.00,0.00,0.00,0.00,0,13.16,0.00,41.94,1,-33,62,0,3,STAT,60,LAT,LON,W,CRC
07/08/25 07:54:02,24.60,568.56,22.32,9.25,1.54,769.01,23.40,41.80,0.00,0.00,0.00,0.00,0.00,0.00,0,13.16,0.00,25.81,1,-33,63,0,4,STAT,60,LAT,LON,W,CRC
07/08/25 07:55:10,24.60,573.59,24.20,8.28,2.87,767.97,23.40,41.80,0.00,0.00,0.00,0.00,0.00,0.00,0,13.13,0.00,154.84,1,-35,62,0,3,STAT,60,LAT,LON,W,CRC
07/08/25 07:56:05,24.60,567.32,22.16,7.68,4.17,766.46,23.40,41.80,0.00,0.00,0.00,0.00,0.00,0.00,0,13.16,0.00,25.81,1,-33,64,0,4,STAT,60,LAT,LON,W,CRC
07/08/25 07:57:06,24.60,570.17,22.18,8.78,2.28,765.07,23.40,41.80,0.00,0.00,0.00,0.00,0.00,0.00,0,13.16,0.00,38.71,1,-33,64,0,3,STAT,60,LAT,LON,W,CRC
07/08/25 07:58:06,24.60,569.65,23.45,8.41,2.72,764.38,23.40,41.80,0.00,0.00,0.00,0.00,0.00,0.00,0,13.16,0.00,25.81,1,-32,64,0,3,STAT,60,LAT,LON,W,CRC
07/08/25 07:59:06,24.60,572.52,24.46,8.92,1.83,764.13,23.40,41.70,0.00,0.00,0.00,0.00,0.00,0.00,0,13.16,0.00,25.81,1,-33,62,0,3,STAT,60,LAT,LON,W,CRC
07/08/25 08:00:06,24.60,570.41,24.03,8.60,2.23,763.02,23.40,41.70,0.00,0.00,0.00,0.00,0.00,0.00,0,13.16,0.00,25.81,1,-33,63,0,3,STAT,60,LAT,LON,W,CRC
07/08/25 08:01:06,24.60,571.23,23.32,8.82,1.83,762.39,23.40,41.70,0.00,0.00,0.00,0.00,0.00,0.00,0,13.16,0.00,25.81,1,-33,63,0,3,STAT,60,LAT,LON,W,CRC
07/08/25 08:02:06,24.60,573.54,24.40,9.57,0.58,761.49,23.40,41.70,0.00,0.00,0.00,0.00,0.00,0.00,0,13.16,0.00,22.58,1,-34,62,0,3,STAT,60,LAT,LON,W,CRC
07/08/25 08:03:06,24.60,567.92,23.20,8.43,1.58,760.63,23.40,41.70,0.00,0.00,0.00,0.00,0.00,0.00,0,13.16,0.00,41.94,1,-31,64,0,3,STAT,60,LAT,LON,W,CRC
07/08/25 08:04:07,24.60,571.58,22.53,7.41,3.39,759.75,23.40,41.70,0.00,0.00,0.00,0.00,0.00,0.00,0,13.16,0.00,22.58,1,-33,64,0,3,STAT,60,LAT,LON,W,CRC
07/08/25 08:05:07,24.60,568.68,22.55,7.53,3.38,759.26,23.40,41.70,0.00,0.00,0.00,0.00,0.00,0.00,0,13.16,0.00,25.81,1,-32,63,-1,3,STAT,60,LAT,LON,W,CRC
07/08/25 08:06:04,24.60,572.33,24.22,7.75,3.13,758.39,23.40,41.70,0.00,0.00,0.00,0.00,0.00,0.00,0,13.16,0.00,25.81,1,-33,62,0,3,STAT,60,LAT,LON,W,CRC
07/08/25 08:07:04,24.60,571.45,24.31,8.08,3.26,756.72,23.40,41.70,0.00,0.00,0.00,0.00,0.00,0.00,0,13.16,0.00,41.94,1,-32,61,0,3,STAT,60,LAT,LON,W,CRC
07/08/25 08:08:04,24.60,568.65,24.25,8.01,3.28,755.31,23.40,41.70,0.00,0.00,0.00,0.00,0.00,0.00,0,13.16,0.00,25.81,1,-31,62,0,3,STAT,60,LAT,LON,W,CRC
07/08/25 08:09:04,24.60,571.89,23.84,8.66,2.21,754.54,23.40,41.80,0.00,0.00,0.00,0.00,0.00,0.00,0,13.16,0.00,25.81,1,-32,62,0,3,STAT,60,LAT,LON,W,CRC
07/08/25 08:10:04,24.60,581.02,23.27,7.54,3.09,753.69,23.40,41.70,0.00,0.00,0.00,0.00,0.00,0.00,0,13.16,0.00,22.58,1,-35,62,0,3,STAT,60,LAT,LON,W,CRC
07/08/25 08:11:07,24.60,579.65,23.96,8.04,1.98,752.63,23.40,41.70,0.00,0.00,0.00,0.00,0.00,0.00,0,13.16,0.00,25.81,1,-35,62,0,3,STAT,60,LAT,LON,W,CRC
07/08/25 08:12:08,24.60,575.74,23.40,8.10,1.70,752.14,23.40,41.70,0.00,0.00,0.00,0.00,0.00,0.00,0,13.16,0.00,22.58,1,-33,64,0,3,STAT,60,LAT,LON,W,CRC
07/08/25 08:13:08,24.60,579.17,24.68,8.65,1.93,751.40,23.40,41.70,0.00,0.00,0.00,0.00,0.00,0.00,0,13.16,0.00,25.81,1,-33,61,0,3,STAT,60,LAT,LON,W,CRC
07/08/25 08:14:08,24.60,585.05,24.27,6.92,4.34,750.85,23.40,41.80,0.00,0.00,0.00,0.00,0.00,0.00,0,13.16,0.00,25.81,1,-36,62,0,3,STAT,60,LAT,LON,W,CRC
07/08/25 08:15:08,24.60,581.57,23.82,7.87,3.34,750.33,23.40,41.70,0.00,0.00,0.00,0.00,0.00,0.00,0,13.16,0.00,38.71,1,-34,63,0,3,STAT,60,LAT,LON,W,CRC
07/08/25 08:16:10,24.60,569.51,24.36,9.44,1.56,749.82,23.40,41.70,0.00,0.00,0.00,0.00,0.00,0.00,0,13.16,0.00,48.39,1,-29,59,0,3,STAT,60,LAT,LON,W,CRC
07/08/25 08:17:05,24.60,578.48,22.86,8.85,1.95,748.87,23.40,41.70,0.00,0.00,0.00,0.00,0.00,0.00,0,13.16,0.00,25.81,1,-33,63,0,4,STAT,60,LAT,LON,W,CRC
07/08/25 08:18:05,24.60,579.84,23.82,8.34,2.66,748.31,23.40,41.70,0.00,0.00,0.00,0.00,0.00,0.00,0,13.16,0.00,22.58,1,-33,62,0,3,STAT,60,LAT,LON,W,CRC
07/08/25 08:19:05,24.60,580.44,22.75,8.06,1.96,747.70,23.40,41.70,0.00,0.00,0.00,0.00,0.00,0.00,0,13.16,0.00,22.58,1,-34,64,0,3,STAT,60,LAT,LON,W,CRC
07/08/25 08:20:05,24.60,577.61,23.71,8.45,2.02,746.68,23.40,41.70,0.00,0.00,0.00,0.00,0.00,0.00,0,13.16,0.00,38.71,1,-32,63,0,3,STAT,60,LAT,LON,W,CRC
07/08/25 08:21:05,24.60,584.26,24.19,8.12,2.86,744.44,23.40,41.70,0.00,0.00,0.00,0.00,0.00,0.00,0,13.16,0.00,38.71,1,-34,62,0,3,STAT,60,LAT,LON,W,CRC
07/08/25 08:22:04,24.60,589.18,24.49,7.96,3.01,743.55,23.40,41.70,0.00,0.00,0.00,0.00,0.00,0.00,0,13.16,0.00,22.58,1,-35,61,0,3,STAT,60,LAT,LON,W,CRC
07/08/25 08:23:04,24.60,584.97,24.48,7.80,3.61,742.74,23.40,41.70,0.00,0.00,0.00,0.00,0.00,0.00,0,13.16,0.00,38.71,1,-33,62,0,3,STAT,60,LAT,LON,W,CRC
07/08/25 08:24:04,24.60,584.62,26.00,9.04,1.65,741.11,23.40,41.70,0.00,0.00,0.00,0.00,0.00,0.00,0,13.16,0.00,22.58,1,-33,62,0,3,STAT,60,LAT,LON,W,CRC
07/08/25 08:25:04,24.60,583.16,24.77,7.78,3.45,740.23,23.30,41.60,0.00,0.00,0.00,0.00,0.00,0.00,0,13.16,0.00,25.81,1,-32,63,0,3,STAT,60,LAT,LON,W,CRC
07/08/25 08:26:05,24.60,586.74,25.02,8.34,2.11,738.94,23.40,41.70,0.00,0.00,0.00,0.00,0.00,0.00,0,13.16,0.00,25.81,1,-34,61,0,3,STAT,60,LAT,LON,W,CRC
07/08/25 08:27:08,24.60,586.92,24.61,8.91,1.59,738.17,23.40,41.70,0.00,0.00,0.00,0.00,0.00,0.00,0,13.16,0.00,38.71,1,-34,61,0,3,STAT,60,LAT,LON,W,CRC
07/08/25 08:28:08,24.60,591.44,26.90,8.16,1.84,737.49,23.40,41.60,0.00,0.00,0.00,0.00,0.00,0.00,0,13.16,0.00,45.16,1,-35,59,0,3,STAT,60,LAT,LON,W,CRC
07/08/25 08:29:08,24.60,588.77,26.33,8.39,1.63,735.94,23.40,41.70,0.00,0.00,0.00,0.00,0.00,0.00,0,13.16,0.00,25.81,1,-34,60,0,3,STAT,60,LAT,LON,W,CRC
07/08/25 08:30:08,24.60,586.79,26.04,8.67,1.99,735.33,23.40,41.70,0.00,0.00,0.00,0.00,0.00,0.00,0,13.16,0.00,25.81,1,-33,60,0,3,STAT,60,LAT,LON,W,CRC
07/08/25 08:31:08,24.60,591.33,25.43,7.82,2.91,735.12,23.40,41.70,0.00,0.00,0.00,0.00,0.00,0.00,0,13.16,0.00,22.58,1,-34,60,0,3,STAT,60,LAT,LON,W,CRC
07/08/25 08:32:07,24.60,590.00,25.65,8.68,2.18,734.50,23.40,41.60,0.00,0.00,0.00,0.00,0.00,0.00,0,13.16,0.00,25.81,1,-34,60,0,3,STAT,60,LAT,LON,W,CRC
07/08/25 08:33:07,24.60,591.55,24.84,8.52,2.42,734.18,23.40,41.70,0.00,0.00,0.00,0.00,0.00,0.00,0,13.16,0.00,25.81,1,-35,60,0,3,STAT,60,LAT,LON,W,CRC
07/08/25 08:34:07,24.60,595.96,23.94,8.74,1.28,734.06,23.40,41.70,0.00,0.00,0.00,0.00,0.00,0.00,0,13.16,0.00,22.58,1,-36,62,0,3,STAT,60,LAT,LON,W,CRC
07/08/25 08:35:07,24.60,594.41,24.03,8.08,2.13,734.02,23.40,41.70,0.00,0.00,0.00,0.00,0.00,0.00,0,13.16,0.00,38.71,1,-35,62,0,3,STAT,60,LAT,LON,W,CRC
07/08/25 08:36:07,24.60,594.17,24.16,7.96,2.89,733.39,23.40,41.70,0.00,0.00,0.00,0.00,0.00,0.00,0,13.16,0.00,25.81,1,-35,62,0,3,STAT,60,LAT,LON,W,CRC
07/08/25 08:37:06,24.60,588.72,24.99,8.46,1.41,733.15,23.30,41.70,0.00,0.00,0.00,0.00,0.00,0.00,0,13.13,0.00,61.29,1,-33,62,0,3,STAT,60,LAT,LON,W,CRC
07/08/25 08:38:07,24.60,596.00,24.60,8.12,2.54,732.14,23.30,41.70,0.00,0.00,0.00,0.00,0.00,0.00,0,13.16,0.00,22.58,1,-35,62,0,3,STAT,60,LAT,LON,W,CRC
07/08/25 08:39:07,24.60,602.46,24.71,8.29,2.05,731.05,23.40,41.60,0.00,0.00,0.00,0.00,0.00,0.00,0,13.16,0.00,22.58,1,-37,61,0,3,STAT,60,LAT,LON,W,CRC
07/08/25 08:40:07,24.60,597.51,24.50,8.80,1.06,730.37,23.30,41.70,0.00,0.00,0.00,0.00,0.00,0.00,0,13.16,0.00,38.71,1,-35,61,0,3,STAT,60,LAT,LON,W,CRC
07/08/25 08:41:07,24.60,596.77,23.90,8.95,0.88,729.72,23.40,41.70,0.00,0.00,0.00,0.00,0.00,0.00,0,13.16,0.00,41.94,1,-34,61,0,3,STAT,60,LAT,LON,W,CRC
07/08/25 08:42:07,24.60,595.75,24.96,9.33,1.11,729.25,23.40,41.60,0.00,0.00,0.00,0.00,0.00,0.00,0,13.16,0.00,22.58,1,-33,61,0,3,STAT,60,LAT,LON,W,CRC
07/08/25 08:43:10,24.60,599.67,23.81,8.82,0.92,728.69,23.30,41.60,0.00,0.00,0.00,0.00,0.00,0.00,0,13.16,0.00,25.81,1,-35,62,0,3,STAT,60,LAT,LON,W,CRC
07/08/25 08:44:10,24.60,602.43,24.88,8.26,1.05,727.66,23.40,41.60,0.00,0.00,0.00,0.00,0.00,0.00,0,13.13,0.00,58.06,1,-36,60,0,3,STAT,60,LAT,LON,W,CRC
07/08/25 08:45:11,24.60,600.67,25.42,8.84,1.51,726.29,23.40,41.60,0.00,0.00,0.00,0.00,0.00,0.00,0,13.16,0.00,22.58,1,-35,60,0,3,STAT,60,LAT,LON,W,CRC
07/08/25 08:46:11,24.60,601.59,25.65,8.26,2.32,724.84,23.30,41.70,0.00,0.00,0.00,0.00,0.00,0.00,0,13.16,0.00,25.81,1,-35,60,0,3,STAT,60,LAT,LON,W,CRC
07/08/25 08:47:11,24.60,601.40,26.03,7.45,2.84,723.48,23.30,41.60,0.00,0.00,0.00,0.00,0.00,0.00,0,13.16,0.00,22.58,1,-35,59,0,3,STAT,60,LAT,LON,W,CRC
07/08/25 08:48:10,24.60,605.50,24.51,8.59,1.62,722.07,23.40,41.60,0.00,0.00,0.00,0.00,0.00,0.00,0,13.16,0.00,25.81,1,-37,61,0,3,STAT,60,LAT,LON,W,CRC
07/08/25 08:49:10,24.60,602.49,25.94,7.51,1.87,721.38,23.30,41.60,0.00,0.00,0.00,0.00,0.00,0.00,0,13.16,0.00,25.81,1,-35,59,0,2,STAT,60,LAT,LON,W,CRC
07/08/25 08:50:10,24.60,604.58,26.18,7.77,1.66,720.59,23.30,41.60,0.00,0.00,0.00,0.00,0.00,0.00,0,13.13,0.00,61.29,1,-36,59,0,3,STAT,60,LAT,LON,W,CRC
07/08/25 08:51:10,24.60,602.66,24.54,8.67,2.24,720.32,23.30,41.60,0.00,0.00,0.00,0.00,0.00,0.00,0,13.16,0.00,22.58,1,-35,61,0,3,STAT,60,LAT,LON,W,CRC
07/08/25 08:52:10,24.60,604.05,25.49,7.65,2.45,720.11,23.30,41.60,0.00,0.00,0.00,0.00,0.00,0.00,0,13.16,0.00,25.81,1,-35,61,0,3,STAT,60,LAT,LON,W,CRC
07/08/25 08:53:09,24.60,604.35,25.50,8.18,2.58,719.41,23.30,41.70,0.00,0.00,0.00,0.00,0.00,0.00,0,13.16,0.00,25.81,1,-35,60,0,3,STAT,60,LAT,LON,W,CRC
07/08/25 08:54:09,24.60,600.06,26.73,7.82,2.49,717.91,23.30,41.60,0.00,0.00,0.00,0.00,0.00,0.00,0,13.16,0.00,38.71,1,-34,58,-1,3,STAT,60,LAT,LON,W,CRC
07/08/25 08:55:09,24.59,606.86,25.80,8.61,1.80,717.32,23.30,41.60,0.00,0.00,0.00,0.00,0.00,0.00,0,13.16,0.00,25.81,1,-36,60,0,3,STAT,60,LAT,LON,W,CRC
07/08/25 08:56:09,24.59,608.06,25.98,8.86,2.09,716.97,23.30,41.60,0.00,0.00,0.00,0.00,0.00,0.00,0,13.16,0.00,25.81,1,-36,59,0,3,STAT,60,LAT,LON,W,CRC
07/08/25 08:57:09,24.58,609.46,26.10,8.13,2.09,716.41,23.30,41.60,0.00,0.00,0.00,0.00,0.00,0.00,0,13.16,0.00,25.81,1,-37,60,0,3,STAT,60,LAT,LON,W,CRC
07/08/25 08:58:07,24.59,609.38,24.56,7.78,2.73,716.16,23.30,41.60,0.00,0.00,0.00,0.00,0.00,0.00,0,13.16,0.00,22.58,1,-37,61,0,3,STAT,60,LAT,LON,W,CRC
07/08/25 08:59:07,24.58,610.47,26.29,8.55,2.67,715.52,23.30,41.60,0.00,0.00,0.00,0.00,0.00,0.00,0,13.16,0.00,25.81,1,-37,60,0,3,STAT,60,LAT,LON,W,CRC
07/08/25 09:00:07,24.58,606.92,24.74,8.17,1.80,715.18,23.30,41.60,0.00,0.00,0.00,0.00,0.00,0.00,0,13.16,0.00,25.81,1,-35,60,0,3,STAT,60,LAT,LON,W,CRC
07/08/25 09:01:07,24.57,612.28,25.56,8.84,0.76,714.98,23.30,41.60,0.00,0.00,0.00,0.00,0.00,0.00,0,13.16,0.00,25.81,1,-37,59,0,3,STAT,60,LAT,LON,W,CRC
07/08/25 09:02:08,24.57,609.48,25.50,8.84,0.45,713.99,23.30,41.60,0.00,0.00,0.00,0.00,0.00,0.00,0,13.16,0.00,38.71,1,-36,60,0,3,STAT,60,LAT,LON,W,CRC
07/08/25 09:03:16,24.57,611.00,26.39,8.51,1.29,712.95,23.30,41.60,0.00,0.00,0.00,0.00,0.00,0.00,0,13.09,0.00,64.52,1,-37,59,0,3,STAT,60,LAT,LON,W,CRC
07/08/25 09:04:11,24.56,616.01,28.16,8.89,1.79,711.62,23.30,41.60,0.00,0.00,0.00,0.00,0.00,0.00,0,13.16,0.00,25.81,1,-39,57,0,3,STAT,60,LAT,LON,W,CRC
07/08/25 09:05:11,24.55,615.43,26.32,8.54,2.17,710.22,23.30,41.60,0.00,0.00,0.00,0.00,0.00,0.00,0,13.16,0.00,22.58,1,-38,58,0,3,STAT,60,LAT,LON,W,CRC
07/08/25 09:06:11,24.53,610.46,25.23,8.28,2.40,709.36,23.30,41.60,0.00,0.00,0.00,0.00,0.00,0.00,0,13.16,0.00,41.94,1,-36,59,0,3,STAT,60,LAT,LON,W,CRC
07/08/25 09:07:11,24.53,612.20,24.85,7.91,2.77,708.90,23.30,41.60,0.00,0.00,0.00,0.00,0.00,0.00,0,13.16,0.00,25.81,1,-36,59,0,3,STAT,60,LAT,LON,W,CRC
07/08/25 09:08:11,24.52,613.72,24.26,8.02,2.13,708.32,23.30,41.60,0.00,0.00,0.00,0.00,0.00,0.00,0,13.16,0.00,22.58,1,-36,61,0,3,STAT,60,LAT,LON,W,CRC
07/08/25 09:09:10,24.52,614.89,24.27,7.86,2.72,708.12,23.30,41.60,0.00,0.00,0.00,0.00,0.00,0.00,0,13.16,0.00,25.81,1,-37,61,0,3,STAT,60,LAT,LON,W,CRC
07/08/25 09:10:10,24.50,609.73,25.93,7.79,2.55,708.04,23.30,41.60,0.00,0.00,0.00,0.00,0.00,0.00,0,13.16,0.00,25.81,1,-35,59,0,2,STAT,60,LAT,LON,W,CRC
07/08/25 09:11:10,24.50,615.89,25.42,9.29,0.95,707.72,23.30,41.60,0.00,0.00,0.00,0.00,0.00,0.00,0,13.16,0.00,25.81,1,-37,59,0,3,STAT,60,LAT,LON,W,CRC
07/08/25 09:12:10,24.50,619.42,25.83,8.60,2.90,707.25,23.30,41.60,0.00,0.00,0.00,0.00,0.00,0.00,0,13.16,0.00,22.58,1,-38,58,0,3,STAT,60,LAT,LON,W,CRC
07/08/25 09:13:10,24.50,616.26,24.89,8.68,1.72,707.09,23.30,41.60,0.00,0.00,0.00,0.00,0.00,0.00,0,13.16,0.00,38.71,1,-37,59,0,3,STAT,60,LAT,LON,W,CRC
07/08/25 09:14:09,24.50,623.34,25.38,8.12,1.79,706.95,23.30,41.60,0.00,0.00,0.00,0.00,0.00,0.00,0,13.16,0.00,25.81,1,-39,59,0,2,STAT,60,LAT,LON,W,CRC
07/08/25 09:15:09,24.50,620.11,26.69,7.80,2.00,705.88,23.30,41.60,0.00,0.00,0.00,0.00,0.00,0.00,0,13.16,0.00,25.81,1,-38,58,0,2,STAT,60,LAT,LON,W,CRC
07/08/25 09:16:09,24.50,622.49,24.89,7.71,2.41,704.73,23.30,41.60,0.00,0.00,0.00,0.00,0.00,0.00,0,13.16,0.00,41.94,1,-38,60,0,2,STAT,60,LAT,LON,W,CRC
07/08/25 09:17:09,24.50,619.57,24.21,8.38,2.65,703.91,23.30,41.60,0.00,0.00,0.00,0.00,0.00,0.00,0,13.16,0.00,22.58,1,-38,60,0,3,STAT,60,LAT,LON,W,CRC
07/08/25 09:18:09,24.50,616.33,25.90,8.95,1.72,703.47,23.30,41.60,0.00,0.00,0.00,0.00,0.00,0.00,0,13.16,0.00,22.58,1,-37,58,0,3,STAT,60,LAT,LON,W,CRC
07/08/25 09:19:12,24.50,620.81,26.21,8.79,0.71,702.66,23.30,41.60,0.00,0.16,0.16,0.16,0.00,0.00,0,13.16,0.00,25.81,1,-38,58,0,2,STAT,60,LAT,LON,W,CRC
07/08/25 09:20:12,24.50,623.42,26.29,8.96,0.85,701.91,23.30,41.50,0.00,0.09,0.09,0.09,0.00,0.00,0,13.13,0.00,61.29,1,-39,57,0,2,STAT,60,LAT,LON,W,CRC
07/08/25 09:21:12,24.50,622.12,26.09,7.68,2.75,701.56,23.30,41.50,0.00,0.03,0.03,0.03,0.00,0.00,0,13.16,0.00,25.81,1,-38,55,0,3,STAT,60,LAT,LON,W,CRC
07/08/25 09:22:13,24.50,621.15,25.54,8.35,2.90,700.70,23.30,41.60,0.00,0.01,0.01,0.01,0.00,0.00,0,13.16,0.00,25.81,1,-38,57,0,3,STAT,60,LAT,LON,W,CRC
07/08/25 09:23:13,24.50,623.02,26.34,8.34,1.92,699.76,23.30,41.60,0.00,0.00,0.00,0.00,0.00,0.00,0,13.16,0.00,25.81,1,-38,57,0,3,STAT,60,LAT,LON,W,CRC
07/08/25 09:24:11,24.50,623.72,26.37,8.38,1.17,698.51,23.30,41.60,0.00,0.00,0.00,0.00,0.00,0.00,0,13.09,0.00,116.13,1,-38,57,0,3,STAT,60,LAT,LON,W,CRC
07/08/25 09:25:11,24.50,626.26,24.72,8.40,0.98,697.13,23.30,41.60,0.00,0.00,0.00,0.00,0.00,0.00,0,13.16,0.00,25.81,1,-40,58,0,2,STAT,60,LAT,LON,W,CRC
07/08/25 09:26:11,24.50,628.88,26.14,9.10,0.01,696.25,23.30,41.60,0.00,0.00,0.00,0.00,0.00,0.00,0,13.16,0.00,22.58,1,-40,58,0,3,STAT,60,LAT,LON,W,CRC
07/08/25 09:27:11,24.50,628.40,26.27,8.53,1.09,695.73,23.30,41.60,0.00,0.00,0.00,0.00,0.00,0.00,0,13.16,0.00,25.81,1,-40,57,0,3,STAT,60,LAT,LON,W,CRC
07/08/25 09:28:11,24.50,625.16,26.78,8.88,0.79,695.26,23.30,41.50,0.00,0.00,0.00,0.00,0.00,0.00,0,13.16,0.00,41.94,1,-39,55,0,3,STAT,60,LAT,LON,W,CRC
07/08/25 09:29:11,24.50,625.05,27.43,8.76,1.87,695.09,23.30,41.60,0.00,0.00,0.00,0.00,0.00,0.00,0,13.16,0.00,25.81,1,-39,55,0,3,STAT,60,LAT,LON,W,CRC
07/08/25 09:30:15,24.50,625.74,26.05,8.03,1.91,694.60,23.30,41.50,0.00,0.00,0.00,0.00,0.00,0.00,0,13.16,0.00,25.81,1,-38,57,0,3,STAT,60,LAT,LON,W,CRC
07/08/25 09:31:15,24.50,625.49,26.38,8.90,1.29,693.49,23.30,41.60,0.00,0.00,0.00,0.00,0.00,0.00,0,13.16,0.00,25.81,1,-39,56,0,3,STAT,60,LAT,LON,W,CRC
07/08/25 09:32:15,24.50,629.08,25.29,8.60,2.07,692.53,23.30,41.50,0.00,0.00,0.00,0.00,0.00,0.00,0,13.16,0.00,38.71,1,-40,57,0,3,STAT,60,LAT,LON,W,CRC
07/08/25 09:33:15,24.50,623.19,26.72,7.48,3.00,691.57,23.30,41.50,0.00,0.00,0.00,0.00,0.00,0.00,0,13.16,0.00,25.81,1,-38,56,0,3,STAT,60,LAT,LON,W,CRC
07/08/25 09:34:10,24.50,630.76,26.13,7.36,3.67,691.22,23.30,41.60,0.00,0.00,0.00,0.00,0.00,0.00,0,13.16,0.00,25.81,1,-40,56,0,3,STAT,60,LAT,LON,W,CRC
07/08/25 09:35:14,24.50,633.42,26.39,7.65,2.56,691.08,23.30,41.50,0.00,0.00,0.00,0.00,0.00,0.00,0,13.16,0.00,22.58,1,-42,57,0,3,STAT,60,LAT,LON,W,CRC
07/08/25 09:36:15,24.50,632.42,25.62,7.39,3.28,691.03,23.30,41.50,0.00,0.00,0.00,0.00,0.00,0.00,0,13.16,0.00,25.81,1,-41,57,0,3,STAT,60,LAT,LON,W,CRC
07/08/25 09:37:15,24.50,635.44,25.12,8.37,1.94,690.47,23.30,41.50,0.00,0.00,0.00,0.00,0.00,0.00,0,13.16,0.00,41.94,1,-41,58,0,3,STAT,60,LAT,LON,W,CRC
07/08/25 09:38:15,24.50,635.54,26.42,8.12,2.65,690.16,23.30,41.50,0.00,0.00,0.00,0.00,0.00,0.00,0,13.16,0.00,41.94,1,-42,57,0,3,STAT,60,LAT,LON,W,CRC
07/08/25 09:39:15,24.50,640.49,26.17,8.18,2.21,689.56,23.30,41.60,0.00,0.00,0.00,0.00,0.00,0.00,0,13.16,0.00,25.81,1,-44,56,0,3,STAT,60,LAT,LON,W,CRC
07/08/25 09:40:14,24.50,640.83,30.86,8.11,2.59,689.21,23.30,41.50,0.00,0.00,0.00,0.00,0.00,0.00,0,13.16,0.00,22.58,1,-43,51,0,3,STAT,60,LAT,LON,W,CRC
07/08/25 09:41:14,24.50,633.51,27.21,8.70,2.42,689.08,23.30,41.50,0.00,0.00,0.00,0.00,0.00,0.00,0,13.16,0.00,25.81,1,-40,56,0,3,STAT,60,LAT,LON,W,CRC
07/08/25 09:42:14,24.50,637.60,26.82,9.00,1.89,689.03,23.30,41.50,0.00,0.00,0.00,0.00,0.00,0.00,0,13.16,0.00,25.81,1,-42,55,0,3,STAT,60,LAT,LON,W,CRC
07/08/25 09:43:14,24.50,635.97,26.88,8.98,1.32,688.36,23.20,41.50,0.00,0.00,0.00,0.00,0.00,0.00,0,13.16,0.00,25.81,1,-42,55,0,3,STAT,60,LAT,LON,W,CRC
07/08/25 09:44:15,24.50,637.15,25.95,8.57,1.90,687.97,23.30,41.50,0.00,0.00,0.00,0.00,0.00,0.00,0,13.13,0.00,38.71,1,-42,56,0,3,STAT,60,LAT,LON,W,CRC
07/08/25 09:45:13,24.50,637.78,28.08,8.31,1.22,687.37,23.30,41.50,0.00,0.18,0.18,0.18,0.00,0.00,0,13.13,0.00,48.39,1,-42,54,0,2,STAT,60,LAT,LON,W,CRC
07/08/25 09:46:13,24.50,636.11,26.60,8.70,1.82,686.90,23.30,41.50,0.00,0.12,0.12,0.12,0.00,0.00,0,13.16,0.00,25.81,1,-41,56,0,2,STAT,60,LAT,LON,W,CRC
07/08/25 09:47:13,24.50,641.59,24.76,8.91,1.35,686.45,23.30,41.50,0.00,0.04,0.04,0.04,0.00,0.00,0,13.16,0.00,41.94,1,-43,58,0,3,STAT,60,LAT,LON,W,CRC
07/08/25 09:48:13,24.50,645.65,25.78,9.36,2.09,685.70,23.30,41.50,0.00,0.01,0.01,0.01,0.00,0.00,0,13.16,0.00,22.58,1,-45,58,0,3,STAT,60,LAT,LON,W,CRC
07/08/25 09:49:13,24.50,642.11,26.16,7.90,2.65,685.25,23.20,41.50,0.00,0.00,0.00,0.00,0.00,0.00,0,13.16,0.00,25.81,1,-43,57,0,2,STAT,60,LAT,LON,W,CRC
07/08/25 09:50:21,24.50,646.44,26.03,8.66,1.67,684.35,23.20,41.50,0.00,0.00,0.00,0.00,0.00,0.00,0,13.13,0.00,74.19,1,-45,57,0,3,STAT,60,LAT,LON,W,CRC
07/08/25 09:51:16,24.50,644.42,27.21,8.33,1.32,683.56,23.20,41.50,0.00,0.00,0.00,0.00,0.00,0.00,0,13.13,0.00,38.71,1,-44,55,0,2,STAT,60,LAT,LON,W,CRC
07/08/25 09:52:16,24.50,645.57,26.84,8.90,1.77,682.32,23.30,41.50,0.00,0.00,0.00,0.00,0.00,0.00,0,13.16,0.00,22.58,1,-45,55,0,3,STAT,60,LAT,LON,W,CRC
07/08/25 09:53:17,24.50,645.45,27.62,8.55,1.88,680.74,23.20,41.50,0.00,0.00,0.00,0.00,0.00,0.00,0,13.16,0.00,25.81,1,-44,55,0,3,STAT,60,LAT,LON,W,CRC
07/08/25 09:54:17,24.50,641.53,26.72,7.43,2.87,680.26,23.30,41.50,0.00,0.00,0.00,0.00,0.00,0.00,0,13.16,0.00,25.81,1,-42,55,0,3,STAT,60,LAT,LON,W,CRC
07/08/25 09:55:17,24.50,642.31,27.01,7.62,2.54,679.96,23.20,41.50,0.00,0.00,0.00,0.00,0.00,0.00,0,13.16,0.00,25.81,1,-43,55,0,3,STAT,60,LAT,LON,W,CRC
07/08/25 09:56:16,24.50,641.01,28.72,8.28,1.83,679.98,23.20,41.50,0.00,0.00,0.00,0.00,0.00,0.00,0,13.16,0.00,22.58,1,-42,50,0,3,STAT,60,LAT,LON,W,CRC
07/08/25 09:57:16,24.49,642.31,28.30,8.66,0.99,679.49,23.20,41.50,0.00,0.00,0.00,0.00,0.00,0.00,0,13.16,0.00,38.71,1,-43,53,0,3,STAT,60,LAT,LON,W,CRC
07/08/25 09:58:16,24.49,645.04,26.25,9.20,1.15,679.01,23.20,41.50,0.00,0.00,0.00,0.00,0.00,0.00,0,13.16,0.00,22.58,1,-44,56,0,3,STAT,60,LAT,LON,W,CRC
07/08/25 09:59:17,24.49,647.76,26.70,8.76,1.46,678.36,23.20,41.50,0.00,0.00,0.00,0.00,0.00,0.00,0,13.16,0.00,25.81,1,-45,54,0,3,STAT,60,LAT,LON,W,CRC
07/08/25 10:00:17,24.49,651.46,27.70,9.22,1.03,677.97,23.20,41.50,0.00,0.00,0.00,0.00,0.00,0.00,0,13.16,0.00,25.81,1,-46,53,0,3,STAT,60,LAT,LON,W,CRC
07/08/25 10:01:16,24.48,653.13,27.56,8.46,2.23,677.33,23.20,41.50,0.00,0.00,0.00,0.00,0.00,0.00,0,13.16,0.00,22.58,1,-47,52,0,3,STAT,60,LAT,LON,W,CRC
07/08/25 10:02:16,24.48,648.06,26.49,9.50,0.72,676.47,23.20,41.50,0.00,0.00,0.00,0.00,0.00,0.00,0,13.16,0.00,25.81,1,-45,55,0,3,STAT,60,LAT,LON,W,CRC
07/08/25 10:03:16,24.48,648.49,25.17,8.79,1.26,676.16,23.20,41.50,0.00,0.00,0.00,0.00,0.00,0.00,0,13.16,0.00,38.71,1,-45,57,0,3,STAT,60,LAT,LON,W,CRC
07/08/25 10:04:16,24.47,649.47,25.93,8.36,1.94,675.44,23.20,41.50,0.00,0.00,0.00,0.00,0.00,0.00,0,13.16,0.00,22.58,1,-45,57,0,3,STAT,60,LAT,LON,W,CRC
07/08/25 10:05:16,24.47,653.68,25.59,8.22,1.94,675.16,23.20,41.50,0.00,0.00,0.00,0.00,0.00,0.00,0,13.16,0.00,25.81,1,-47,57,0,3,STAT,60,LAT,LON,W,CRC
07/08/25 10:06:15,24.47,651.84,32.73,8.64,1.49,674.77,23.20,41.50,0.00,0.00,0.00,0.00,0.00,0.00,0,13.16,0.00,38.71,1,-46,49,0,3,STAT,60,LAT,LON,W,CRC
07/08/25 10:07:15,24.45,649.88,30.24,8.70,1.66,674.19,23.20,41.50,0.00,0.00,0.00,0.00,0.00,0.00,0,13.16,0.00,22.58,1,-45,51,0,3,STAT,60,LAT,LON,W,CRC
07/08/25 10:08:15,24.43,654.16,28.34,9.25,1.06,672.92,23.20,41.50,0.00,0.00,0.00,0.00,0.00,0.00,0,13.16,0.00,25.81,1,-47,53,0,3,STAT,60,LAT,LON,W,CRC
07/08/25 10:09:15,24.42,654.20,27.62,8.39,1.86,672.32,23.20,41.60,0.00,0.00,0.00,0.00,0.00,0.00,0,13.16,0.00,22.58,1,-47,54,0,3,STAT,60,LAT,LON,W,CRC
07/08/25 10:10:15,24.42,657.02,26.83,7.99,3.03,671.76,23.20,41.50,0.00,0.00,0.00,0.00,0.00,0.00,0,13.16,0.00,22.58,1,-47,55,0,3,STAT,60,LAT,LON,W,CRC
07/08/25 10:11:18,24.41,654.95,31.69,7.49,3.30,670.20,23.20,41.50,0.00,0.00,0.00,0.00,0.00,0.00,0,13.13,0.00,58.06,1,-47,49,0,3,STAT,60,LAT,LON,W,CRC
07/08/25 10:12:14,24.40,656.38,29.37,7.42,3.79,669.25,23.20,41.50,0.00,0.00,0.00,0.00,0.00,0.00,0,13.16,0.00,25.81,1,-48,51,0,3,STAT,60,LAT,LON,W,CRC
07/08/25 10:13:14,24.40,656.04,28.20,8.72,2.00,668.59,23.20,41.50,0.00,0.00,0.00,0.00,0.00,0.00,0,13.16,0.00,25.81,1,-48,53,0,3,STAT,60,LAT,LON,W,CRC
07/08/25 10:14:14,24.40,654.61,29.32,8.16,2.01,668.71,23.20,41.50,0.00,0.00,0.00,0.00,0.00,0.00,0,13.16,0.00,38.71,1,-47,51,0,2,STAT,60,LAT,LON,W,CRC
07/08/25 10:15:14,24.39,651.61,26.47,7.98,3.23,668.90,23.20,41.50,0.00,0.00,0.00,0.00,0.00,0.00,0,13.16,0.00,22.58,1,-46,55,0,3,STAT,60,LAT,LON,W,CRC
07/08/25 10:16:14,24.39,657.85,26.17,8.38,2.26,668.62,23.20,41.50,0.00,0.00,0.00,0.00,0.00,0.00,0,13.16,0.00,22.58,1,-48,54,0,3,STAT,60,LAT,LON,W,CRC
07/08/25 10:17:16,24.39,658.84,24.88,9.39,1.09,668.22,23.20,41.50,0.00,0.00,0.00,0.00,0.00,0.00,0,13.16,0.00,25.81,1,-49,56,0,3,STAT,60,LAT,LON,W,CRC
07/08/25 10:18:17,24.39,658.18,24.71,8.05,2.86,667.62,23.20,41.50,0.00,0.00,0.00,0.00,0.00,0.00,0,13.16,0.00,25.81,1,-48,57,0,3,STAT,60,LAT,LON,W,CRC
07/08/25 10:19:17,24.39,661.02,26.52,8.46,2.34,667.22,23.20,41.50,0.00,0.00,0.00,0.00,0.00,0.00,0,13.13,0.00,41.94,1,-49,54,0,3,STAT,60,LAT,LON,W,CRC
07/08/25 10:20:17,24.39,665.52,27.92,9.08,1.64,667.08,23.20,41.50,0.00,0.00,0.00,0.00,0.00,0.00,0,13.16,0.00,25.81,1,-51,52,0,2,STAT,60,LAT,LON,W,CRC
07/08/25 10:21:17,24.39,660.96,25.36,9.26,1.56,666.80,23.20,41.50,0.00,0.00,0.00,0.00,0.00,0.00,0,13.16,0.00,22.58,1,-49,55,0,3,STAT,60,LAT,LON,W,CRC
