co,co2,geo,met,model,no,no2,o3,pm1,pm10,pm25,raw_data_id,rh,sn,temp,timestamp,timestamp_local,url
312.69,625.49,"{'lat': None, 'lon': None}","{'rh': 45.8, 'temp': 23.0, 'wd': 0.0, 'ws': 0.0, 'ws_scalar': 0.0}","{'gas': {'co': 18148, 'co2': 13271, 'no': 18149, 'no2': 18150, 'o3': 18151}, 'pm': {'pm1': 17109, 'pm10': 17111, 'pm25': 17110}}",1.57,10.66,18.11,3.17,14.76,3.67,766936544,45.8,MOD-00623,23.0,2026-08-29T01:46:46,2026-08-28T18:46:46,https://api.quant-aq.com/v1/devices/MOD-00623/data/766936334
320.07,624.04,"{'lat': None, 'lon': None}","{'rh': 45.8, 'temp': 23.0, 'wd': 0.0, 'ws': 0.0, 'ws_scalar': 0.0}","{'gas': {'co': 18148, 'co2': 13271, 'no': 18149, 'no2': 18150, 'o3': 18151}, 'pm': {'pm1': 17109, 'pm10': 17111, 'pm25': 17110}}",1.55,10.97,17.53,2.49,10.74,3.34,766936548,45.8,MOD-00623,23.0,2026-08-29T01:45:46,2026-08-28T18:45:46,https://api.quant-aq.com/v1/devices/MOD-00623/data/766936337
297.93,625.85,"{'lat': None, 'lon': None}","{'rh': 45.8, 'temp': 23.0, 'wd': 0.0, 'ws': 0.0, 'ws_scalar': 0.0}","{'gas': {'co': 18148, 'co2': 13271, 'no': 18149, 'no2': 18150, 'o3': 18151}, 'pm': {'pm1': 17109, 'pm10': 17111, 'pm25': 17110}}",1.58,9.74,19.39,2.58,11.44,3.06,766936546,45.8,MOD-00623,23.0,2026-08-29T01:44:46,2026-08-28T18:44:46,https://api.quant-aq.com/v1/devices/MOD-00623/data/766936336
321.1,625.37,"{'lat': None, 'lon': None}","{'rh': 45.5, 'temp': 23.0, 'wd': 0.0, 'ws': 0.0, 'ws_scalar': 0.0}","{'gas': {'co': 18148, 'co2': 13271, 'no': 18149, 'no2': 18150, 'o3': 18151}, 'pm': {'pm1': 17109, 'pm10': 17111, 'pm25': 17110}}",1.62,10.74,17.68,2.43,11.91,2.93,766936543,45.5,MOD-00623,23.0,2026-08-29T01:43:46,2026-08-28T18:43:46,https://api.quant-aq.com/v1/devices/MOD-00623/data/766936330
331.09,626.69,"{'lat': None, 'lon': None}","{'rh': 45.3, 'temp': 23.0, 'wd': 0.0, 'ws': 0.0, 'ws_scalar': 0.0}","{'gas': {'co': 18148, 'co2': 13271, 'no': 18149, 'no2': 18150, 'o3': 18151}, 'pm': {'pm1': 17109, 'pm10': 17111, 'pm25': 17110}}",1.58,10.8,17.69,2.23,7.06,2.76,766934249,45.3,MOD-00623,23.0,2026-08-29T01:42:46,2026-08-28T18:42:46,https://api.quant-aq.com/v1/devices/MOD-00623/data/766934039
305.77,624.16,"{'lat': None, 'lon': None}","{'rh': 45.3, 'temp': 23.1, 'wd': 0.0, 'ws': 0.0, 'ws_scalar': 0.0}","{'gas': {'co': 18148, 'co2': 13271, 'no': 18149, 'no2': 18150, 'o3': 18151}, 'pm': {'pm1': 17109, 'pm10': 17111, 'pm25': 17110}}",1.67,9.83,19.42,2.34,9.57,2.77,766934247,45.3,MOD-00623,23.1,2026-08-29T01:41:46,2026-08-28T18:41:46,https://api.quant-aq.com/v1/devices/MOD-00623/data/766934037
285.67,621.15,"{'lat': None, 'lon': None}","{'rh': 45.3, 'temp': 23.1, 'wd': 0.0, 'ws': 0.0, 'ws_scalar': 0.0}","{'gas': {'co': 18148, 'co2': 13271, 'no': 18149, 'no2': 18150, 'o3': 18151}, 'pm': {'pm1': 17109, 'pm10': 17111, 'pm25': 17110}}",1.64,9.53,19.08,2.79,5.43,3.32,766934248,45.3,MOD-00623,23.1,2026-08-29T01:40:46,2026-08-28T18:40:46,https://api.quant-aq.com/v1/devices/MOD-00623/data/766934038
288.21,623.44,"{'lat': None, 'lon': None}","{'rh': 45.2, 'temp': 23.1, 'wd': 0.0, 'ws': 0.0, 'ws_scalar': 0.0}","{'gas': {'co': 18148, 'co2': 13271, 'no': 18149, 'no2': 18150, 'o3': 18151}, 'pm': {'pm1': 17109, 'pm10': 17111, 'pm25': 17110}}",1.67,9.25,19.22,2.23,30.21,2.84,766934250,45.2,MOD-00623,23.1,2026-08-29T01:39:46,2026-08-28T18:39:46,https://api.quant-aq.com/v1/devices/MOD-00623/data/766934040
307.0,624.4,"{'lat': None, 'lon': None}","{'rh': 45.3, 'temp': 23.1, 'wd': 0.0, 'ws': 0.0, 'ws_scalar': 0.0}","{'gas': {'co': 18148, 'co2': 13271, 'no': 18149, 'no2': 18150, 'o3': 18151}, 'pm': {'pm1': 17109, 'pm10': 17111, 'pm25': 17110}}",1.63,10.14,18.84,2.79,10.44,3.43,766931969,45.3,MOD-00623,23.1,2026-08-29T01:38:46,2026-08-28T18:38:46,https://api.quant-aq.com/v1/devices/MOD-00623/data/766931759
301.33,623.68,"{'lat': None, 'lon': None}","{'rh': 45.2, 'temp': 23.1, 'wd': 0.0, 'ws': 0.0, 'ws_scalar': 0.0}","{'gas': {'co': 18148, 'co2': 13271, 'no': 18149, 'no2': 18150, 'o3': 18151}, 'pm': {'pm1': 17109, 'pm10': 17111, 'pm25': 17110}}",1.6,10.8,19.06,2.46,5.84,2.92,766931972,45.2,MOD-00623,23.1,2026-08-29T01:37:45,2026-08-28T18:37:45,https://api.quant-aq.com/v1/devices/MOD-00623/data/766931761
280.66,622.24,"{'lat': None, 'lon': None}","{'rh': 45.0, 'temp': 23.2, 'wd': 0.0, 'ws': 0.0, 'ws_scalar': 0.0}","{'gas': {'co': 18148, 'co2': 13271, 'no': 18149, 'no2': 18150, 'o3': 18151}, 'pm': {'pm1': 17109, 'pm10': 17111, 'pm25': 17110}}",1.74,9.27,20.59,2.2,5.19,2.66,766931970,45.0,MOD-00623,23.2,2026-08-29T01:36:45,2026-08-28T18:36:45,https://api.quant-aq.com/v1/devices/MOD-00623/data/766931760
267.13,624.28,"{'lat': None, 'lon': None}","{'rh': 45.0, 'temp': 23.2, 'wd': 0.0, 'ws': 0.0, 'ws_scalar': 0.0}","{'gas': {'co': 18148, 'co2': 13271, 'no': 18149, 'no2': 18150, 'o3': 18151}, 'pm': {'pm1': 17109, 'pm10': 17111, 'pm25': 17110}}",1.72,9.88,20.34,2.06,7.4,2.53,766931971,45.0,MOD-00623,23.2,2026-08-29T01:35:45,2026-08-28T18:35:45,https://api.quant-aq.com/v1/devices/MOD-00623/data/766931762
276.29,622.84,"{'lat': None, 'lon': None}","{'rh': 44.8, 'temp': 23.2, 'wd': 0.0, 'ws': 0.0, 'ws_scalar': 0.0}","{'gas': {'co': 18148, 'co2': 13271, 'no': 18149, 'no2': 18150, 'o3': 18151}, 'pm': {'pm1': 17109, 'pm10': 17111, 'pm25': 17110}}",1.7,9.01,21.64,1.8,27.62,2.4,766929712,44.8,MOD-00623,23.2,2026-08-29T01:34:45,2026-08-28T18:34:45,https://api.quant-aq.com/v1/devices/MOD-00623/data/766929502
277.11,621.03,"{'lat': None, 'lon': None}","{'rh': 44.8, 'temp': 23.2, 'wd': 0.0, 'ws': 0.0, 'ws_scalar': 0.0}","{'gas': {'co': 18148, 'co2': 13271, 'no': 18149, 'no2': 18150, 'o3': 18151}, 'pm': {'pm1': 17109, 'pm10': 17111, 'pm25': 17110}}",1.73,9.61,21.85,2.26,6.83,2.61,766929709,44.8,MOD-00623,23.2,2026-08-29T01:33:45,2026-08-28T18:33:45,https://api.quant-aq.com/v1/devices/MOD-00623/data/766929501
272.06,624.28,"{'lat': None, 'lon': None}","{'rh': 44.4, 'temp': 23.2, 'wd': 0.0, 'ws': 0.0, 'ws_scalar': 0.0}","{'gas': {'co': 18148, 'co2': 13271, 'no': 18149, 'no2': 18150, 'o3': 18151}, 'pm': {'pm1': 17109, 'pm10': 17111, 'pm25': 17110}}",1.75,9.06,21.21,2.59,4.45,3.14,766929711,44.4,MOD-00623,23.2,2026-08-29T01:32:45,2026-08-28T18:32:45,https://api.quant-aq.com/v1/devices/MOD-00623/data/766929500
273.51,618.86,"{'lat': None, 'lon': None}","{'rh': 44.1, 'temp': 23.2, 'wd': 0.0, 'ws': 0.0, 'ws_scalar': 0.0}","{'gas': {'co': 18148, 'co2': 13271, 'no': 18149, 'no2': 18150, 'o3': 18151}, 'pm': {'pm1': 17109, 'pm10': 17111, 'pm25': 17110}}",1.71,9.42,21.11,2.32,16.87,2.84,766929710,44.1,MOD-00623,23.2,2026-08-29T01:31:45,2026-08-28T18:31:45,https://api.quant-aq.com/v1/devices/MOD-00623/data/766929499
259.49,622.48,"{'lat': None, 'lon': None}","{'rh': 44.2, 'temp': 23.2, 'wd': 0.0, 'ws': 0.0, 'ws_scalar': 0.0}","{'gas': {'co': 18148, 'co2': 13271, 'no': 18149, 'no2': 18150, 'o3': 18151}, 'pm': {'pm1': 17109, 'pm10': 17111, 'pm25': 17110}}",1.74,7.44,22.88,1.96,9.36,2.3,766927330,44.2,MOD-00623,23.2,2026-08-29T01:30:45,2026-08-28T18:30:45,https://api.quant-aq.com/v1/devices/MOD-00623/data/766927121
283.11,621.87,"{'lat': None, 'lon': None}","{'rh': 44.6, 'temp': 23.3, 'wd': 0.0, 'ws': 0.0, 'ws_scalar': 0.0}","{'gas': {'co': 18148, 'co2': 13271, 'no': 18149, 'no2': 18150, 'o3': 18151}, 'pm': {'pm1': 17109, 'pm10': 17111, 'pm25': 17110}}",1.78,9.31,21.52,1.89,12.94,2.12,766927335,44.6,MOD-00623,23.3,2026-08-29T01:29:45,2026-08-28T18:29:45,https://api.quant-aq.com/v1/devices/MOD-00623/data/766927125
286.53,623.44,"{'lat': None, 'lon': None}","{'rh': 44.4, 'temp': 23.3, 'wd': 0.0, 'ws': 0.0, 'ws_scalar': 0.0}","{'gas': {'co': 18148, 'co2': 13271, 'no': 18149, 'no2': 18150, 'o3': 18151}, 'pm': {'pm1': 17109, 'pm10': 17111, 'pm25': 17110}}",1.77,9.97,20.83,2.28,16.79,2.9,766927333,44.4,MOD-00623,23.3,2026-08-29T01:28:45,2026-08-28T18:28:45,https://api.quant-aq.com/v1/devices/MOD-00623/data/766927123
275.12,622.48,"{'lat': None, 'lon': None}","{'rh': 44.3, 'temp': 23.3, 'wd': 0.0, 'ws': 0.0, 'ws_scalar': 0.0}","{'gas': {'co': 18148, 'co2': 13271, 'no': 18149, 'no2': 18150, 'o3': 18151}, 'pm': {'pm1': 17109, 'pm10': 17111, 'pm25': 17110}}",1.81,9.36,22.0,2.19,19.26,2.64,766927334,44.3,MOD-00623,23.3,2026-08-29T01:27:45,2026-08-28T18:27:45,https://api.quant-aq.com/v1/devices/MOD-00623/data/766927124
271.16,622.72,"{'lat': None, 'lon': None}","{'rh': 44.1, 'temp': 23.3, 'wd': 0.0, 'ws': 0.0, 'ws_scalar': 0.0}","{'gas': {'co': 18148, 'co2': 13271, 'no': 18149, 'no2': 18150, 'o3': 18151}, 'pm': {'pm1': 17109, 'pm10': 17111, 'pm25': 17110}}",1.77,10.03,19.94,1.98,6.38,2.51,766924980,44.1,MOD-00623,23.3,2026-08-29T01:26:45,2026-08-28T18:26:45,https://api.quant-aq.com/v1/devices/MOD-00623/data/766924772
262.0,620.79,"{'lat': None, 'lon': None}","{'rh': 43.7, 'temp': 23.3, 'wd': 0.0, 'ws': 0.0, 'ws_scalar': 0.0}","{'gas': {'co': 18148, 'co2': 13271, 'no': 18149, 'no2': 18150, 'o3': 18151}, 'pm': {'pm1': 17109, 'pm10': 17111, 'pm25': 17110}}",1.81,8.82,21.37,2.0,16.74,2.41,766924981,43.7,MOD-00623,23.3,2026-08-29T01:25:45,2026-08-28T18:25:45,https://api.quant-aq.com/v1/devices/MOD-00623/data/766924771
272.33,620.43,"{'lat': None, 'lon': None}","{'rh': 43.6, 'temp': 23.3, 'wd': 0.0, 'ws': 0.0, 'ws_scalar': 0.0}","{'gas': {'co': 18148, 'co2': 13271, 'no': 18149, 'no2': 18150, 'o3': 18151}, 'pm': {'pm1': 17109, 'pm10': 17111, 'pm25': 17110}}",1.77,8.52,22.87,1.83,3.51,2.29,766924979,43.6,MOD-00623,23.3,2026-08-29T01:24:44,2026-08-28T18:24:44,https://api.quant-aq.com/v1/devices/MOD-00623/data/766924769
264.58,621.03,"{'lat': None, 'lon': None}","{'rh': 43.7, 'temp': 23.4, 'wd': 0.0, 'ws': 0.0, 'ws_scalar': 0.0}","{'gas': {'co': 18148, 'co2': 13271, 'no': 18149, 'no2': 18150, 'o3': 18151}, 'pm': {'pm1': 17109, 'pm10': 17111, 'pm25': 17110}}",1.84,8.79,21.82,2.05,7.59,2.66,766924982,43.7,MOD-00623,23.4,2026-08-29T01:23:44,2026-08-28T18:23:44,https://api.quant-aq.com/v1/devices/MOD-00623/data/766924770
244.96,616.94,"{'lat': None, 'lon': None}","{'rh': 43.6, 'temp': 23.4, 'wd': 0.0, 'ws': 0.0, 'ws_scalar': 0.0}","{'gas': {'co': 18148, 'co2': 13271, 'no': 18149, 'no2': 18150, 'o3': 18151}, 'pm': {'pm1': 17109, 'pm10': 17111, 'pm25': 17110}}",1.85,8.21,22.98,2.2,13.56,2.53,766922695,43.6,MOD-00623,23.4,2026-08-29T01:22:44,2026-08-28T18:22:44,https://api.quant-aq.com/v1/devices/MOD-00623/data/766922485
262.4,618.02,"{'lat': None, 'lon': None}","{'rh': 43.3, 'temp': 23.4, 'wd': 0.0, 'ws': 0.0, 'ws_scalar': 0.0}","{'gas': {'co': 18148, 'co2': 13271, 'no': 18149, 'no2': 18150, 'o3': 18151}, 'pm': {'pm1': 17109, 'pm10': 17111, 'pm25': 17110}}",1.86,7.67,23.71,1.92,3.72,2.47,766922697,43.3,MOD-00623,23.4,2026-08-29T01:21:44,2026-08-28T18:21:44,https://api.quant-aq.com/v1/devices/MOD-00623/data/766922487
267.8,619.59,"{'lat': None, 'lon': None}","{'rh': 43.2, 'temp': 23.4, 'wd': 0.0, 'ws': 0.0, 'ws_scalar': 0.0}","{'gas': {'co': 18148, 'co2': 13271, 'no': 18149, 'no2': 18150, 'o3': 18151}, 'pm': {'pm1': 17109, 'pm10': 17111, 'pm25': 17110}}",1.82,7.94,23.14,1.47,2.38,1.7,766922698,43.2,MOD-00623,23.4,2026-08-29T01:20:44,2026-08-28T18:20:44,https://api.quant-aq.com/v1/devices/MOD-00623/data/766922488
252.69,619.22,"{'lat': None, 'lon': None}","{'rh': 43.1, 'temp': 23.4, 'wd': 0.0, 'ws': 0.0, 'ws_scalar': 0.0}","{'gas': {'co': 18148, 'co2': 13271, 'no': 18149, 'no2': 18150, 'o3': 18151}, 'pm': {'pm1': 17109, 'pm10': 17111, 'pm25': 17110}}",1.83,6.53,24.34,1.97,9.11,2.37,766922696,43.1,MOD-00623,23.4,2026-08-29T01:19:44,2026-08-28T18:19:44,https://api.quant-aq.com/v1/devices/MOD-00623/data/766922486
273.33,621.99,"{'lat': None, 'lon': None}","{'rh': 43.5, 'temp': 23.4, 'wd': 0.0, 'ws': 0.0, 'ws_scalar': 0.0}","{'gas': {'co': 18148, 'co2': 13271, 'no': 18149, 'no2': 18150, 'o3': 18151}, 'pm': {'pm1': 17109, 'pm10': 17111, 'pm25': 17110}}",1.83,7.67,24.15,1.72,10.41,2.11,766920453,43.5,MOD-00623,23.4,2026-08-29T01:18:44,2026-08-28T18:18:44,https://api.quant-aq.com/v1/devices/MOD-00623/data/766920244
270.98,623.44,"{'lat': None, 'lon': None}","{'rh': 43.5, 'temp': 23.5, 'wd': 0.0, 'ws': 0.0, 'ws_scalar': 0.0}","{'gas': {'co': 18148, 'co2': 13271, 'no': 18149, 'no2': 18150, 'o3': 18151}, 'pm': {'pm1': 17109, 'pm10': 17111, 'pm25': 17110}}",1.86,8.47,22.86,2.0,15.9,2.41,766920454,43.5,MOD-00623,23.5,2026-08-29T01:17:44,2026-08-28T18:17:44,https://api.quant-aq.com/v1/devices/MOD-00623/data/766920243
268.32,619.95,"{'lat': None, 'lon': None}","{'rh': 43.2, 'temp': 23.5, 'wd': 0.0, 'ws': 0.0, 'ws_scalar': 0.0}","{'gas': {'co': 18148, 'co2': 13271, 'no': 18149, 'no2': 18150, 'o3': 18151}, 'pm': {'pm1': 17109, 'pm10': 17111, 'pm25': 17110}}",1.93,8.19,24.37,1.82,7.01,2.2,766920455,43.2,MOD-00623,23.5,2026-08-29T01:16:44,2026-08-28T18:16:44,https://api.quant-aq.com/v1/devices/MOD-00623/data/766920245
268.46,621.03,"{'lat': None, 'lon': None}","{'rh': 43.0, 'temp': 23.5, 'wd': 0.0, 'ws': 0.0, 'ws_scalar': 0.0}","{'gas': {'co': 18148, 'co2': 13271, 'no': 18149, 'no2': 18150, 'o3': 18151}, 'pm': {'pm1': 17109, 'pm10': 17111, 'pm25': 17110}}",1.91,7.65,23.72,1.74,12.06,2.07,766920452,43.0,MOD-00623,23.5,2026-08-29T01:15:44,2026-08-28T18:15:44,https://api.quant-aq.com/v1/devices/MOD-00623/data/766920242
266.96,619.83,"{'lat': None, 'lon': None}","{'rh': 42.8, 'temp': 23.5, 'wd': 0.0, 'ws': 0.0, 'ws_scalar': 0.0}","{'gas': {'co': 18148, 'co2': 13271, 'no': 18149, 'no2': 18150, 'o3': 18151}, 'pm': {'pm1': 17109, 'pm10': 17111, 'pm25': 17110}}",1.89,6.71,23.31,2.1,13.57,2.45,766918229,42.8,MOD-00623,23.5,2026-08-29T01:14:44,2026-08-28T18:14:44,https://api.quant-aq.com/v1/devices/MOD-00623/data/766918020
280.55,622.72,"{'lat': None, 'lon': None}","{'rh': 43.3, 'temp': 23.5, 'wd': 0.0, 'ws': 0.0, 'ws_scalar': 0.0}","{'gas': {'co': 18148, 'co2': 13271, 'no': 18149, 'no2': 18150, 'o3': 18151}, 'pm': {'pm1': 17109, 'pm10': 17111, 'pm25': 17110}}",1.92,8.79,22.75,1.92,3.14,2.32,766918227,43.3,MOD-00623,23.5,2026-08-29T01:13:44,2026-08-28T18:13:44,https://api.quant-aq.com/v1/devices/MOD-00623/data/766918017
286.72,621.39,"{'lat': None, 'lon': None}","{'rh': 42.7, 'temp': 23.5, 'wd': 0.0, 'ws': 0.0, 'ws_scalar': 0.0}","{'gas': {'co': 18148, 'co2': 13271, 'no': 18149, 'no2': 18150, 'o3': 18151}, 'pm': {'pm1': 17109, 'pm10': 17111, 'pm25': 17110}}",1.9,7.15,23.99,1.85,20.09,2.21,766918230,42.7,MOD-00623,23.5,2026-08-29T01:12:44,2026-08-28T18:12:44,https://api.quant-aq.com/v1/devices/MOD-00623/data/766918019
284.71,619.95,"{'lat': None, 'lon': None}","{'rh': 42.8, 'temp': 23.6, 'wd': 0.0, 'ws': 0.0, 'ws_scalar': 0.0}","{'gas': {'co': 18148, 'co2': 13271, 'no': 18149, 'no2': 18150, 'o3': 18151}, 'pm': {'pm1': 17109, 'pm10': 17111, 'pm25': 17110}}",1.97,7.62,23.27,2.09,11.92,2.48,766918228,42.8,MOD-00623,23.6,2026-08-29T01:11:43,2026-08-28T18:11:43,https://api.quant-aq.com/v1/devices/MOD-00623/data/766918018
270.08,621.99,"{'lat': None, 'lon': None}","{'rh': 42.6, 'temp': 23.6, 'wd': 0.0, 'ws': 0.0, 'ws_scalar': 0.0}","{'gas': {'co': 18148, 'co2': 13271, 'no': 18149, 'no2': 18150, 'o3': 18151}, 'pm': {'pm1': 17109, 'pm10': 17111, 'pm25': 17110}}",1.94,7.88,20.42,1.96,23.82,2.43,766915912,42.6,MOD-00623,23.6,2026-08-29T01:10:43,2026-08-28T18:10:43,https://api.quant-aq.com/v1/devices/MOD-00623/data/766915702
257.37,619.95,"{'lat': None, 'lon': None}","{'rh': 42.6, 'temp': 23.6, 'wd': 0.0, 'ws': 0.0, 'ws_scalar': 0.0}","{'gas': {'co': 18148, 'co2': 13271, 'no': 18149, 'no2': 18150, 'o3': 18151}, 'pm': {'pm1': 17109, 'pm10': 17111, 'pm25': 17110}}",1.98,6.9,22.74,2.0,4.22,2.48,766915910,42.6,MOD-00623,23.6,2026-08-29T01:09:43,2026-08-28T18:09:43,https://api.quant-aq.com/v1/devices/MOD-00623/data/766915700
266.8,619.22,"{'lat': None, 'lon': None}","{'rh': 42.6, 'temp': 23.6, 'wd': 0.0, 'ws': 0.0, 'ws_scalar': 0.0}","{'gas': {'co': 18148, 'co2': 13271, 'no': 18149, 'no2': 18150, 'o3': 18151}, 'pm': {'pm1': 17109, 'pm10': 17111, 'pm25': 17110}}",1.93,7.61,23.74,2.3,14.32,2.73,766915911,42.6,MOD-00623,23.6,2026-08-29T01:08:43,2026-08-28T18:08:43,https://api.quant-aq.com/v1/devices/MOD-00623/data/766915701
273.36,622.72,"{'lat': None, 'lon': None}","{'rh': 42.6, 'temp': 23.6, 'wd': 0.0, 'ws': 0.0, 'ws_scalar': 0.0}","{'gas': {'co': 18148, 'co2': 13271, 'no': 18149, 'no2': 18150, 'o3': 18151}, 'pm': {'pm1': 17109, 'pm10': 17111, 'pm25': 17110}}",1.97,7.88,22.25,1.92,2.53,2.29,766915909,42.6,MOD-00623,23.6,2026-08-29T01:07:43,2026-08-28T18:07:43,https://api.quant-aq.com/v1/devices/MOD-00623/data/766915699
258.17,621.15,"{'lat': None, 'lon': None}","{'rh': 42.2, 'temp': 23.7, 'wd': 0.0, 'ws': 0.0, 'ws_scalar': 0.0}","{'gas': {'co': 18148, 'co2': 13271, 'no': 18149, 'no2': 18150, 'o3': 18151}, 'pm': {'pm1': 17109, 'pm10': 17111, 'pm25': 17110}}",2.02,7.09,23.09,2.17,5.92,2.43,766913544,42.2,MOD-00623,23.7,2026-08-29T01:06:43,2026-08-28T18:06:43,https://api.quant-aq.com/v1/devices/MOD-00623/data/766913334
254.07,618.74,"{'lat': None, 'lon': None}","{'rh': 42.2, 'temp': 23.7, 'wd': 0.0, 'ws': 0.0, 'ws_scalar': 0.0}","{'gas': {'co': 18148, 'co2': 13271, 'no': 18149, 'no2': 18150, 'o3': 18151}, 'pm': {'pm1': 17109, 'pm10': 17111, 'pm25': 17110}}",2.03,6.87,23.21,1.96,5.33,2.2,766913546,42.2,MOD-00623,23.7,2026-08-29T01:05:43,2026-08-28T18:05:43,https://api.quant-aq.com/v1/devices/MOD-00623/data/766913336
262.34,618.98,"{'lat': None, 'lon': None}","{'rh': 42.1, 'temp': 23.7, 'wd': 0.0, 'ws': 0.0, 'ws_scalar': 0.0}","{'gas': {'co': 18148, 'co2': 13271, 'no': 18149, 'no2': 18150, 'o3': 18151}, 'pm': {'pm1': 17109, 'pm10': 17111, 'pm25': 17110}}",2.02,6.88,24.13,1.61,4.51,2.02,766913545,42.1,MOD-00623,23.7,2026-08-29T01:04:43,2026-08-28T18:04:43,https://api.quant-aq.com/v1/devices/MOD-00623/data/766913335
294.74,621.39,"{'lat': None, 'lon': None}","{'rh': 42.1, 'temp': 23.7, 'wd': 0.0, 'ws': 0.0, 'ws_scalar': 0.0}","{'gas': {'co': 18148, 'co2': 13271, 'no': 18149, 'no2': 18150, 'o3': 18151}, 'pm': {'pm1': 17109, 'pm10': 17111, 'pm25': 17110}}",2.02,7.09,22.64,2.01,4.33,2.44,766913543,42.1,MOD-00623,23.7,2026-08-29T01:03:43,2026-08-28T18:03:43,https://api.quant-aq.com/v1/devices/MOD-00623/data/766913333
272.44,620.19,"{'lat': None, 'lon': None}","{'rh': 41.9, 'temp': 23.8, 'wd': 0.0, 'ws': 0.0, 'ws_scalar': 0.0}","{'gas': {'co': 18148, 'co2': 13271, 'no': 18149, 'no2': 18150, 'o3': 18151}, 'pm': {'pm1': 17109, 'pm10': 17111, 'pm25': 17110}}",2.06,7.3,22.52,2.12,6.2,2.52,766911239,41.9,MOD-00623,23.8,2026-08-29T01:02:43,2026-08-28T18:02:43,https://api.quant-aq.com/v1/devices/MOD-00623/data/766911029
282.62,623.32,"{'lat': None, 'lon': None}","{'rh': 42.0, 'temp': 23.8, 'wd': 0.0, 'ws': 0.0, 'ws_scalar': 0.0}","{'gas': {'co': 18148, 'co2': 13271, 'no': 18149, 'no2': 18150, 'o3': 18151}, 'pm': {'pm1': 17109, 'pm10': 17111, 'pm25': 17110}}",2.08,6.86,23.22,2.44,16.85,2.7,766911240,42.0,MOD-00623,23.8,2026-08-29T01:01:43,2026-08-28T18:01:43,https://api.quant-aq.com/v1/devices/MOD-00623/data/766911030
274.08,621.39,"{'lat': None, 'lon': None}","{'rh': 41.9, 'temp': 23.8, 'wd': 0.0, 'ws': 0.0, 'ws_scalar': 0.0}","{'gas': {'co': 18148, 'co2': 13271, 'no': 18149, 'no2': 18150, 'o3': 18151}, 'pm': {'pm1': 17109, 'pm10': 17111, 'pm25': 17110}}",2.1,6.66,23.35,3.58,4.89,3.93,766911238,41.9,MOD-00623,23.8,2026-08-29T01:00:43,2026-08-28T18:00:43,https://api.quant-aq.com/v1/devices/MOD-00623/data/766911028
280.44,618.74,"{'lat': None, 'lon': None}","{'rh': 41.6, 'temp': 23.8, 'wd': 0.0, 'ws': 0.0, 'ws_scalar': 0.0}","{'gas': {'co': 18148, 'co2': 13271, 'no': 18149, 'no2': 18150, 'o3': 18151}, 'pm': {'pm1': 17109, 'pm10': 17111, 'pm25': 17110}}",2.05,7.55,22.42,2.9,17.24,3.37,766911241,41.6,MOD-00623,23.8,2026-08-29T00:59:43,2026-08-28T17:59:43,https://api.quant-aq.com/v1/devices/MOD-00623/data/766911031
276.0,619.83,"{'lat': None, 'lon': None}","{'rh': 41.5, 'temp': 23.8, 'wd': 0.0, 'ws': 0.0, 'ws_scalar': 0.0}","{'gas': {'co': 18148, 'co2': 13271, 'no': 18149, 'no2': 18150, 'o3': 18151}, 'pm': {'pm1': 17109, 'pm10': 17111, 'pm25': 17110}}",2.11,6.67,23.38,2.35,16.63,2.72,766908982,41.5,MOD-00623,23.8,2026-08-29T00:58:42,2026-08-28T17:58:42,https://api.quant-aq.com/v1/devices/MOD-00623/data/766908773
266.48,620.79,"{'lat': None, 'lon': None}","{'rh': 41.2, 'temp': 23.9, 'wd': 0.0, 'ws': 0.0, 'ws_scalar': 0.0}","{'gas': {'co': 18148, 'co2': 13271, 'no': 18149, 'no2': 18150, 'o3': 18151}, 'pm': {'pm1': 17109, 'pm10': 17111, 'pm25': 17110}}",2.15,6.86,22.81,1.73,4.98,2.12,766908983,41.2,MOD-00623,23.9,2026-08-29T00:57:42,2026-08-28T17:57:42,https://api.quant-aq.com/v1/devices/MOD-00623/data/766908772
267.44,619.1,"{'lat': None, 'lon': None}","{'rh': 41.0, 'temp': 23.9, 'wd': 0.0, 'ws': 0.0, 'ws_scalar': 0.0}","{'gas': {'co': 18148, 'co2': 13271, 'no': 18149, 'no2': 18150, 'o3': 18151}, 'pm': {'pm1': 17109, 'pm10': 17111, 'pm25': 17110}}",2.13,6.21,23.77,1.85,2.98,2.26,766908981,41.0,MOD-00623,23.9,2026-08-29T00:56:42,2026-08-28T17:56:42,https://api.quant-aq.com/v1/devices/MOD-00623/data/766908771
270.72,619.71,"{'lat': None, 'lon': None}","{'rh': 41.0, 'temp': 23.9, 'wd': 0.0, 'ws': 0.0, 'ws_scalar': 0.0}","{'gas': {'co': 18148, 'co2': 13271, 'no': 18149, 'no2': 18150, 'o3': 18151}, 'pm': {'pm1': 17109, 'pm10': 17111, 'pm25': 17110}}",2.11,6.68,22.49,2.21,3.79,2.55,766908980,41.0,MOD-00623,23.9,2026-08-29T00:55:42,2026-08-28T17:55:42,https://api.quant-aq.com/v1/devices/MOD-00623/data/766908770
285.89,622.36,"{'lat': None, 'lon': None}","{'rh': 41.0, 'temp': 23.9, 'wd': 0.0, 'ws': 0.0, 'ws_scalar': 0.0}","{'gas': {'co': 18148, 'co2': 13271, 'no': 18149, 'no2': 18150, 'o3': 18151}, 'pm': {'pm1': 17109, 'pm10': 17111, 'pm25': 17110}}",2.12,6.21,21.95,2.79,9.22,3.21,766906752,41.0,MOD-00623,23.9,2026-08-29T00:54:42,2026-08-28T17:54:42,https://api.quant-aq.com/v1/devices/MOD-00623/data/766906542
319.35,624.16,"{'lat': None, 'lon': None}","{'rh': 41.4, 'temp': 24.0, 'wd': 0.0, 'ws': 0.0, 'ws_scalar': 0.0}","{'gas': {'co': 18148, 'co2': 13271, 'no': 18149, 'no2': 18150, 'o3': 18151}, 'pm': {'pm1': 17109, 'pm10': 17111, 'pm25': 17110}}",2.18,6.65,21.53,3.35,14.26,3.62,766906755,41.4,MOD-00623,24.0,2026-08-29T00:53:42,2026-08-28T17:53:42,https://api.quant-aq.com/v1/devices/MOD-00623/data/766906546
327.43,620.91,"{'lat': None, 'lon': None}","{'rh': 41.0, 'temp': 24.0, 'wd': 0.0, 'ws': 0.0, 'ws_scalar': 0.0}","{'gas': {'co': 18148, 'co2': 13271, 'no': 18149, 'no2': 18150, 'o3': 18151}, 'pm': {'pm1': 17109, 'pm10': 17111, 'pm25': 17110}}",2.19,7.51,21.07,3.59,5.69,3.89,766906754,41.0,MOD-00623,24.0,2026-08-29T00:52:42,2026-08-28T17:52:42,https://api.quant-aq.com/v1/devices/MOD-00623/data/766906544
271.92,620.91,"{'lat': None, 'lon': None}","{'rh': 41.2, 'temp': 24.0, 'wd': 0.0, 'ws': 0.0, 'ws_scalar': 0.0}","{'gas': {'co': 18148, 'co2': 13271, 'no': 18149, 'no2': 18150, 'o3': 18151}, 'pm': {'pm1': 17109, 'pm10': 17111, 'pm25': 17110}}",2.16,6.66,22.01,2.91,5.45,3.3,766906753,41.2,MOD-00623,24.0,2026-08-29T00:51:42,2026-08-28T17:51:42,https://api.quant-aq.com/v1/devices/MOD-00623/data/766906543
281.83,619.59,"{'lat': None, 'lon': None}","{'rh': 41.1, 'temp': 24.0, 'wd': 0.0, 'ws': 0.0, 'ws_scalar': 0.0}","{'gas': {'co': 18148, 'co2': 13271, 'no': 18149, 'no2': 18150, 'o3': 18151}, 'pm': {'pm1': 17109, 'pm10': 17111, 'pm25': 17110}}",2.17,7.05,22.22,6.52,11.41,6.97,766904444,41.1,MOD-00623,24.0,2026-08-29T00:50:42,2026-08-28T17:50:42,https://api.quant-aq.com/v1/devices/MOD-00623/data/766904234
283.34,618.74,"{'lat': None, 'lon': None}","{'rh': 40.7, 'temp': 24.0, 'wd': 0.0, 'ws': 0.0, 'ws_scalar': 0.0}","{'gas': {'co': 18148, 'co2': 13271, 'no': 18149, 'no2': 18150, 'o3': 18151}, 'pm': {'pm1': 17109, 'pm10': 17111, 'pm25': 17110}}",2.17,6.88,21.46,2.36,3.97,2.67,766904442,40.7,MOD-00623,24.0,2026-08-29T00:49:42,2026-08-28T17:49:42,https://api.quant-aq.com/v1/devices/MOD-00623/data/766904233
281.47,621.87,"{'lat': None, 'lon': None}","{'rh': 40.6, 'temp': 24.1, 'wd': 0.0, 'ws': 0.0, 'ws_scalar': 0.0}","{'gas': {'co': 18148, 'co2': 13271, 'no': 18149, 'no2': 18150, 'o3': 18151}, 'pm': {'pm1': 17109, 'pm10': 17111, 'pm25': 17110}}",2.21,5.91,20.95,2.93,5.66,3.3,766904441,40.6,MOD-00623,24.1,2026-08-29T00:48:42,2026-08-28T17:48:42,https://api.quant-aq.com/v1/devices/MOD-00623/data/766904231
324.11,626.57,"{'lat': None, 'lon': None}","{'rh': 41.2, 'temp': 24.1, 'wd': 0.0, 'ws': 0.0, 'ws_scalar': 0.0}","{'gas': {'co': 18148, 'co2': 13271, 'no': 18149, 'no2': 18150, 'o3': 18151}, 'pm': {'pm1': 17109, 'pm10': 17111, 'pm25': 17110}}",2.23,7.73,20.01,2.91,5.49,3.28,766904443,41.2,MOD-00623,24.1,2026-08-29T00:47:42,2026-08-28T17:47:42,https://api.quant-aq.com/v1/devices/MOD-00623/data/766904232
279.83,621.15,"{'lat': None, 'lon': None}","{'rh': 40.6, 'temp': 24.1, 'wd': 0.0, 'ws': 0.0, 'ws_scalar': 0.0}","{'gas': {'co': 18148, 'co2': 13271, 'no': 18149, 'no2': 18150, 'o3': 18151}, 'pm': {'pm1': 17109, 'pm10': 17111, 'pm25': 17110}}",2.24,6.7,21.58,2.13,2.46,2.41,766902116,40.6,MOD-00623,24.1,2026-08-29T00:46:42,2026-08-28T17:46:42,https://api.quant-aq.com/v1/devices/MOD-00623/data/766901906
275.46,620.67,"{'lat': None, 'lon': None}","{'rh': 40.4, 'temp': 24.1, 'wd': 0.0, 'ws': 0.0, 'ws_scalar': 0.0}","{'gas': {'co': 18148, 'co2': 13271, 'no': 18149, 'no2': 18150, 'o3': 18151}, 'pm': {'pm1': 17109, 'pm10': 17111, 'pm25': 17110}}",2.22,6.56,22.18,2.61,4.16,2.91,766902114,40.4,MOD-00623,24.1,2026-08-29T00:45:41,2026-08-28T17:45:41,https://api.quant-aq.com/v1/devices/MOD-00623/data/766901904
299.22,625.61,"{'lat': None, 'lon': None}","{'rh': 40.6, 'temp': 24.2, 'wd': 0.0, 'ws': 0.0, 'ws_scalar': 0.0}","{'gas': {'co': 18148, 'co2': 13271, 'no': 18149, 'no2': 18150, 'o3': 18151}, 'pm': {'pm1': 17109, 'pm10': 17111, 'pm25': 17110}}",2.26,7.05,19.96,7.84,17.74,8.46,766902115,40.6,MOD-00623,24.2,2026-08-29T00:44:41,2026-08-28T17:44:41,https://api.quant-aq.com/v1/devices/MOD-00623/data/766901905
287.06,622.96,"{'lat': None, 'lon': None}","{'rh': 40.4, 'temp': 24.2, 'wd': 0.0, 'ws': 0.0, 'ws_scalar': 0.0}","{'gas': {'co': 18148, 'co2': 13271, 'no': 18149, 'no2': 18150, 'o3': 18151}, 'pm': {'pm1': 17109, 'pm10': 17111, 'pm25': 17110}}",2.24,6.27,20.59,3.89,4.82,4.32,766902111,40.4,MOD-00623,24.2,2026-08-29T00:43:41,2026-08-28T17:43:41,https://api.quant-aq.com/v1/devices/MOD-00623/data/766901901
273.78,617.9,"{'lat': None, 'lon': None}","{'rh': 41.2, 'temp': 24.2, 'wd': 0.0, 'ws': 0.0, 'ws_scalar': 0.0}","{'gas': {'co': 18148, 'co2': 13271, 'no': 18149, 'no2': 18150, 'o3': 18151}, 'pm': {'pm1': 17109, 'pm10': 17111, 'pm25': 17110}}",2.33,7.01,21.74,2.6,6.34,2.93,766899828,41.2,MOD-00623,24.2,2026-08-29T00:42:41,2026-08-28T17:42:41,https://api.quant-aq.com/v1/devices/MOD-00623/data/766899617
270.72,619.95,"{'lat': None, 'lon': None}","{'rh': 40.3, 'temp': 24.2, 'wd': 0.0, 'ws': 0.0, 'ws_scalar': 0.0}","{'gas': {'co': 18148, 'co2': 13271, 'no': 18149, 'no2': 18150, 'o3': 18151}, 'pm': {'pm1': 17109, 'pm10': 17111, 'pm25': 17110}}",2.27,6.16,22.54,2.23,4.31,2.6,766899830,40.3,MOD-00623,24.2,2026-08-29T00:41:41,2026-08-28T17:41:41,https://api.quant-aq.com/v1/devices/MOD-00623/data/766899620
276.8,620.19,"{'lat': None, 'lon': None}","{'rh': 40.4, 'temp': 24.2, 'wd': 0.0, 'ws': 0.0, 'ws_scalar': 0.0}","{'gas': {'co': 18148, 'co2': 13271, 'no': 18149, 'no2': 18150, 'o3': 18151}, 'pm': {'pm1': 17109, 'pm10': 17111, 'pm25': 17110}}",2.3,6.55,21.71,3.05,9.36,3.5,766899827,40.4,MOD-00623,24.2,2026-08-29T00:40:41,2026-08-28T17:40:41,https://api.quant-aq.com/v1/devices/MOD-00623/data/766899619
264.2,619.95,"{'lat': None, 'lon': None}","{'rh': 40.4, 'temp': 24.3, 'wd': 0.0, 'ws': 0.0, 'ws_scalar': 0.0}","{'gas': {'co': 18148, 'co2': 13271, 'no': 18149, 'no2': 18150, 'o3': 18151}, 'pm': {'pm1': 17109, 'pm10': 17111, 'pm25': 17110}}",2.36,6.15,22.07,3.76,13.52,4.26,766899829,40.4,MOD-00623,24.3,2026-08-29T00:39:41,2026-08-28T17:39:41,https://api.quant-aq.com/v1/devices/MOD-00623/data/766899618
270.35,620.19,"{'lat': None, 'lon': None}","{'rh': 40.4, 'temp': 24.3, 'wd': 0.0, 'ws': 0.0, 'ws_scalar': 0.0}","{'gas': {'co': 18148, 'co2': 13271, 'no': 18149, 'no2': 18150, 'o3': 18151}, 'pm': {'pm1': 17109, 'pm10': 17111, 'pm25': 17110}}",2.34,6.55,22.61,2.29,4.11,2.87,766897539,40.4,MOD-00623,24.3,2026-08-29T00:38:41,2026-08-28T17:38:41,https://api.quant-aq.com/v1/devices/MOD-00623/data/766897330
272.54,618.26,"{'lat': None, 'lon': None}","{'rh': 40.2, 'temp': 24.3, 'wd': 0.0, 'ws': 0.0, 'ws_scalar': 0.0}","{'gas': {'co': 18148, 'co2': 13271, 'no': 18149, 'no2': 18150, 'o3': 18151}, 'pm': {'pm1': 17109, 'pm10': 17111, 'pm25': 17110}}",2.33,6.3,22.41,2.05,3.82,2.53,766897540,40.2,MOD-00623,24.3,2026-08-29T00:37:41,2026-08-28T17:37:41,https://api.quant-aq.com/v1/devices/MOD-00623/data/766897329
257.85,620.55,"{'lat': None, 'lon': None}","{'rh': 40.1, 'temp': 24.3, 'wd': 0.0, 'ws': 0.0, 'ws_scalar': 0.0}","{'gas': {'co': 18148, 'co2': 13271, 'no': 18149, 'no2': 18150, 'o3': 18151}, 'pm': {'pm1': 17109, 'pm10': 17111, 'pm25': 17110}}",2.36,6.08,22.67,1.93,7.97,2.39,766897542,40.1,MOD-00623,24.3,2026-08-29T00:36:41,2026-08-28T17:36:41,https://api.quant-aq.com/v1/devices/MOD-00623/data/766897332
268.69,619.83,"{'lat': None, 'lon': None}","{'rh': 40.0, 'temp': 24.4, 'wd': 0.0, 'ws': 0.0, 'ws_scalar': 0.0}","{'gas': {'co': 18148, 'co2': 13271, 'no': 18149, 'no2': 18150, 'o3': 18151}, 'pm': {'pm1': 17109, 'pm10': 17111, 'pm25': 17110}}",2.4,6.21,21.63,2.81,3.59,3.19,766897545,40.0,MOD-00623,24.4,2026-08-29T00:35:41,2026-08-28T17:35:41,https://api.quant-aq.com/v1/devices/MOD-00623/data/766897335
294.94,625.97,"{'lat': None, 'lon': None}","{'rh': 40.0, 'temp': 24.4, 'wd': 0.0, 'ws': 0.0, 'ws_scalar': 0.0}","{'gas': {'co': 18148, 'co2': 13271, 'no': 18149, 'no2': 18150, 'o3': 18151}, 'pm': {'pm1': 17109, 'pm10': 17111, 'pm25': 17110}}",2.36,6.21,20.72,3.99,9.47,4.68,766895302,40.0,MOD-00623,24.4,2026-08-29T00:34:41,2026-08-28T17:34:41,https://api.quant-aq.com/v1/devices/MOD-00623/data/766895092
310.23,626.33,"{'lat': None, 'lon': None}","{'rh': 41.0, 'temp': 24.4, 'wd': 0.0, 'ws': 0.0, 'ws_scalar': 0.0}","{'gas': {'co': 18148, 'co2': 13271, 'no': 18149, 'no2': 18150, 'o3': 18151}, 'pm': {'pm1': 17109, 'pm10': 17111, 'pm25': 17110}}",2.34,6.48,19.82,2.54,16.83,3.15,766895301,41.0,MOD-00623,24.4,2026-08-29T00:33:41,2026-08-28T17:33:41,https://api.quant-aq.com/v1/devices/MOD-00623/data/766895091
300.51,626.09,"{'lat': None, 'lon': None}","{'rh': 42.0, 'temp': 24.4, 'wd': 0.0, 'ws': 0.0, 'ws_scalar': 0.0}","{'gas': {'co': 18148, 'co2': 13271, 'no': 18149, 'no2': 18150, 'o3': 18151}, 'pm': {'pm1': 17109, 'pm10': 17111, 'pm25': 17110}}",2.31,8.77,17.14,2.46,10.37,2.89,766895299,42.0,MOD-00623,24.4,2026-08-29T00:32:40,2026-08-28T17:32:40,https://api.quant-aq.com/v1/devices/MOD-00623/data/766895087
284.65,622.36,"{'lat': None, 'lon': None}","{'rh': 41.8, 'temp': 24.4, 'wd': 0.0, 'ws': 0.0, 'ws_scalar': 0.0}","{'gas': {'co': 18148, 'co2': 13271, 'no': 18149, 'no2': 18150, 'o3': 18151}, 'pm': {'pm1': 17109, 'pm10': 17111, 'pm25': 17110}}",2.37,8.46,19.56,1.9,9.53,2.23,766895300,41.8,MOD-00623,24.4,2026-08-29T00:31:40,2026-08-28T17:31:40,https://api.quant-aq.com/v1/devices/MOD-00623/data/766895088
298.27,626.09,"{'lat': None, 'lon': None}","{'rh': 41.1, 'temp': 24.4, 'wd': 0.0, 'ws': 0.0, 'ws_scalar': 0.0}","{'gas': {'co': 18148, 'co2': 13271, 'no': 18149, 'no2': 18150, 'o3': 18151}, 'pm': {'pm1': 17109, 'pm10': 17111, 'pm25': 17110}}",2.37,8.19,18.82,2.18,15.61,2.55,766892973,41.1,MOD-00623,24.4,2026-08-29T00:30:40,2026-08-28T17:30:40,https://api.quant-aq.com/v1/devices/MOD-00623/data/766892764
295.4,625.85,"{'lat': None, 'lon': None}","{'rh': 41.1, 'temp': 24.4, 'wd': 0.0, 'ws': 0.0, 'ws_scalar': 0.0}","{'gas': {'co': 18148, 'co2': 13271, 'no': 18149, 'no2': 18150, 'o3': 18151}, 'pm': {'pm1': 17109, 'pm10': 17111, 'pm25': 17110}}",2.34,7.41,20.1,2.38,8.18,2.92,766892975,41.1,MOD-00623,24.4,2026-08-29T00:29:40,2026-08-28T17:29:40,https://api.quant-aq.com/v1/devices/MOD-00623/data/766892765
284.25,629.7,"{'lat': None, 'lon': None}","{'rh': 41.2, 'temp': 24.4, 'wd': 0.0, 'ws': 0.0, 'ws_scalar': 0.0}","{'gas': {'co': 18148, 'co2': 13271, 'no': 18149, 'no2': 18150, 'o3': 18151}, 'pm': {'pm1': 17109, 'pm10': 17111, 'pm25': 17110}}",2.35,9.11,17.53,2.08,17.26,2.42,766892978,41.2,MOD-00623,24.4,2026-08-29T00:28:40,2026-08-28T17:28:40,https://api.quant-aq.com/v1/devices/MOD-00623/data/766892769
284.32,628.5,"{'lat': None, 'lon': None}","{'rh': 41.1, 'temp': 24.4, 'wd': 0.0, 'ws': 0.0, 'ws_scalar': 0.0}","{'gas': {'co': 18148, 'co2': 13271, 'no': 18149, 'no2': 18150, 'o3': 18151}, 'pm': {'pm1': 17109, 'pm10': 17111, 'pm25': 17110}}",2.34,7.91,18.03,2.74,9.68,3.09,766892976,41.1,MOD-00623,24.4,2026-08-29T00:27:40,2026-08-28T17:27:40,https://api.quant-aq.com/v1/devices/MOD-00623/data/766892767
260.13,627.78,"{'lat': None, 'lon': None}","{'rh': 41.1, 'temp': 24.4, 'wd': 0.0, 'ws': 0.0, 'ws_scalar': 0.0}","{'gas': {'co': 18148, 'co2': 13271, 'no': 18149, 'no2': 18150, 'o3': 18151}, 'pm': {'pm1': 17109, 'pm10': 17111, 'pm25': 17110}}",2.37,8.48,17.79,2.33,3.78,2.54,766890676,41.1,MOD-00623,24.4,2026-08-29T00:26:40,2026-08-28T17:26:40,https://api.quant-aq.com/v1/devices/MOD-00623/data/766890465
285.25,627.29,"{'lat': None, 'lon': None}","{'rh': 41.1, 'temp': 24.5, 'wd': 0.0, 'ws': 0.0, 'ws_scalar': 0.0}","{'gas': {'co': 18148, 'co2': 13271, 'no': 18149, 'no2': 18150, 'o3': 18151}, 'pm': {'pm1': 17109, 'pm10': 17111, 'pm25': 17110}}",2.4,7.88,18.93,3.13,13.43,3.36,766890675,41.1,MOD-00623,24.5,2026-08-29T00:25:40,2026-08-28T17:25:40,https://api.quant-aq.com/v1/devices/MOD-00623/data/766890466
277.83,621.75,"{'lat': None, 'lon': None}","{'rh': 41.0, 'temp': 24.4, 'wd': 0.0, 'ws': 0.0, 'ws_scalar': 0.0}","{'gas': {'co': 18148, 'co2': 13271, 'no': 18149, 'no2': 18150, 'o3': 18151}, 'pm': {'pm1': 17109, 'pm10': 17111, 'pm25': 17110}}",2.35,7.42,20.11,2.29,3.38,2.6,766890677,41.0,MOD-00623,24.4,2026-08-29T00:24:40,2026-08-28T17:24:40,https://api.quant-aq.com/v1/devices/MOD-00623/data/766890467
287.87,624.04,"{'lat': None, 'lon': None}","{'rh': 41.3, 'temp': 24.4, 'wd': 0.0, 'ws': 0.0, 'ws_scalar': 0.0}","{'gas': {'co': 18148, 'co2': 13271, 'no': 18149, 'no2': 18150, 'o3': 18151}, 'pm': {'pm1': 17109, 'pm10': 17111, 'pm25': 17110}}",2.35,8.47,18.68,1.99,3.93,2.29,766890674,41.3,MOD-00623,24.4,2026-08-29T00:23:40,2026-08-28T17:23:40,https://api.quant-aq.com/v1/devices/MOD-00623/data/766890464
271.61,628.98,"{'lat': None, 'lon': None}","{'rh': 41.1, 'temp': 24.4, 'wd': 0.0, 'ws': 0.0, 'ws_scalar': 0.0}","{'gas': {'co': 18148, 'co2': 13271, 'no': 18149, 'no2': 18150, 'o3': 18151}, 'pm': {'pm1': 17109, 'pm10': 17111, 'pm25': 17110}}",2.37,7.65,19.98,3.01,4.4,3.41,766888369,41.1,MOD-00623,24.4,2026-08-29T00:22:40,2026-08-28T17:22:40,https://api.quant-aq.com/v1/devices/MOD-00623/data/766888158
269.83,623.68,"{'lat': None, 'lon': None}","{'rh': 41.3, 'temp': 24.4, 'wd': 0.0, 'ws': 0.0, 'ws_scalar': 0.0}","{'gas': {'co': 18148, 'co2': 13271, 'no': 18149, 'no2': 18150, 'o3': 18151}, 'pm': {'pm1': 17109, 'pm10': 17111, 'pm25': 17110}}",2.38,8.47,20.51,3.22,24.96,3.73,766888367,41.3,MOD-00623,24.4,2026-08-29T00:21:40,2026-08-28T17:21:40,https://api.quant-aq.com/v1/devices/MOD-00623/data/766888157
255.53,620.79,"{'lat': None, 'lon': None}","{'rh': 40.8, 'temp': 24.5, 'wd': 0.0, 'ws': 0.0, 'ws_scalar': 0.0}","{'gas': {'co': 18148, 'co2': 13271, 'no': 18149, 'no2': 18150, 'o3': 18151}, 'pm': {'pm1': 17109, 'pm10': 17111, 'pm25': 17110}}",2.43,7.41,20.57,3.07,14.26,3.39,766888368,40.8,MOD-00623,24.5,2026-08-29T00:20:39,2026-08-28T17:20:39,https://api.quant-aq.com/v1/devices/MOD-00623/data/766888159
267.49,621.27,"{'lat': None, 'lon': None}","{'rh': 40.7, 'temp': 24.5, 'wd': 0.0, 'ws': 0.0, 'ws_scalar': 0.0}","{'gas': {'co': 18148, 'co2': 13271, 'no': 18149, 'no2': 18150, 'o3': 18151}, 'pm': {'pm1': 17109, 'pm10': 17111, 'pm25': 17110}}",2.41,7.65,19.54,3.23,4.54,3.5,766888366,40.7,MOD-00623,24.5,2026-08-29T00:19:39,2026-08-28T17:19:39,https://api.quant-aq.com/v1/devices/MOD-00623/data/766888156
276.85,621.63,"{'lat': None, 'lon': None}","{'rh': 40.8, 'temp': 24.5, 'wd': 0.0, 'ws': 0.0, 'ws_scalar': 0.0}","{'gas': {'co': 18148, 'co2': 13271, 'no': 18149, 'no2': 18150, 'o3': 18151}, 'pm': {'pm1': 17109, 'pm10': 17111, 'pm25': 17110}}",2.43,7.2,20.69,3.27,5.01,3.48,766886097,40.8,MOD-00623,24.5,2026-08-29T00:18:39,2026-08-28T17:18:39,https://api.quant-aq.com/v1/devices/MOD-00623/data/766885887
299.89,621.87,"{'lat': None, 'lon': None}","{'rh': 40.7, 'temp': 24.5, 'wd': 0.0, 'ws': 0.0, 'ws_scalar': 0.0}","{'gas': {'co': 18148, 'co2': 13271, 'no': 18149, 'no2': 18150, 'o3': 18151}, 'pm': {'pm1': 17109, 'pm10': 17111, 'pm25': 17110}}",2.37,7.42,19.67,3.17,3.81,3.5,766886096,40.7,MOD-00623,24.5,2026-08-29T00:17:39,2026-08-28T17:17:39,https://api.quant-aq.com/v1/devices/MOD-00623/data/766885886
261.68,622.96,"{'lat': None, 'lon': None}","{'rh': 40.8, 'temp': 24.5, 'wd': 0.0, 'ws': 0.0, 'ws_scalar': 0.0}","{'gas': {'co': 18148, 'co2': 13271, 'no': 18149, 'no2': 18150, 'o3': 18151}, 'pm': {'pm1': 17109, 'pm10': 17111, 'pm25': 17110}}",2.41,7.41,20.57,2.8,11.47,3.14,766886095,40.8,MOD-00623,24.5,2026-08-29T00:16:39,2026-08-28T17:16:39,https://api.quant-aq.com/v1/devices/MOD-00623/data/766885885
292.64,621.51,"{'lat': None, 'lon': None}","{'rh': 41.1, 'temp': 24.5, 'wd': 0.0, 'ws': 0.0, 'ws_scalar': 0.0}","{'gas': {'co': 18148, 'co2': 13271, 'no': 18149, 'no2': 18150, 'o3': 18151}, 'pm': {'pm1': 17109, 'pm10': 17111, 'pm25': 17110}}",2.37,7.88,20.76,3.43,5.39,3.77,766886098,41.1,MOD-00623,24.5,2026-08-29T00:15:39,2026-08-28T17:15:39,https://api.quant-aq.com/v1/devices/MOD-00623/data/766885888
303.64,625.61,"{'lat': None, 'lon': None}","{'rh': 41.2, 'temp': 24.5, 'wd': 0.0, 'ws': 0.0, 'ws_scalar': 0.0}","{'gas': {'co': 18148, 'co2': 13271, 'no': 18149, 'no2': 18150, 'o3': 18151}, 'pm': {'pm1': 17109, 'pm10': 17111, 'pm25': 17110}}",2.39,8.44,20.05,4.87,11.17,5.38,766883622,41.2,MOD-00623,24.5,2026-08-29T00:14:39,2026-08-28T17:14:39,https://api.quant-aq.com/v1/devices/MOD-00623/data/766883412
289.77,626.33,"{'lat': None, 'lon': None}","{'rh': 41.1, 'temp': 24.5, 'wd': 0.0, 'ws': 0.0, 'ws_scalar': 0.0}","{'gas': {'co': 18148, 'co2': 13271, 'no': 18149, 'no2': 18150, 'o3': 18151}, 'pm': {'pm1': 17109, 'pm10': 17111, 'pm25': 17110}}",2.43,8.15,20.18,8.49,18.4,9.49,766883621,41.1,MOD-00623,24.5,2026-08-29T00:13:39,2026-08-28T17:13:39,https://api.quant-aq.com/v1/devices/MOD-00623/data/766883410
276.03,620.67,"{'lat': None, 'lon': None}","{'rh': 40.8, 'temp': 24.5, 'wd': 0.0, 'ws': 0.0, 'ws_scalar': 0.0}","{'gas': {'co': 18148, 'co2': 13271, 'no': 18149, 'no2': 18150, 'o3': 18151}, 'pm': {'pm1': 17109, 'pm10': 17111, 'pm25': 17110}}",2.4,7.65,21.82,2.93,6.93,3.39,766883620,40.8,MOD-00623,24.5,2026-08-29T00:12:39,2026-08-28T17:12:39,https://api.quant-aq.com/v1/devices/MOD-00623/data/766883411
261.75,618.38,"{'lat': None, 'lon': None}","{'rh': 40.7, 'temp': 24.5, 'wd': 0.0, 'ws': 0.0, 'ws_scalar': 0.0}","{'gas': {'co': 18148, 'co2': 13271, 'no': 18149, 'no2': 18150, 'o3': 18151}, 'pm': {'pm1': 17109, 'pm10': 17111, 'pm25': 17110}}",2.45,7.21,21.16,2.02,8.32,2.31,766883619,40.7,MOD-00623,24.5,2026-08-29T00:11:39,2026-08-28T17:11:39,https://api.quant-aq.com/v1/devices/MOD-00623/data/766883409
274.53,623.44,"{'lat': None, 'lon': None}","{'rh': 40.6, 'temp': 24.5, 'wd': 0.0, 'ws': 0.0, 'ws_scalar': 0.0}","{'gas': {'co': 18148, 'co2': 13271, 'no': 18149, 'no2': 18150, 'o3': 18151}, 'pm': {'pm1': 17109, 'pm10': 17111, 'pm25': 17110}}",2.43,7.91,20.79,1.81,6.78,2.14,766881295,40.6,MOD-00623,24.5,2026-08-29T00:10:39,2026-08-28T17:10:39,https://api.quant-aq.com/v1/devices/MOD-00623/data/766881084
272.18,624.76,"{'lat': None, 'lon': None}","{'rh': 40.6, 'temp': 24.6, 'wd': 0.0, 'ws': 0.0, 'ws_scalar': 0.0}","{'gas': {'co': 18148, 'co2': 13271, 'no': 18149, 'no2': 18150, 'o3': 18151}, 'pm': {'pm1': 17109, 'pm10': 17111, 'pm25': 17110}}",2.45,7.41,21.03,2.28,5.38,2.79,766881293,40.6,MOD-00623,24.6,2026-08-29T00:09:39,2026-08-28T17:09:39,https://api.quant-aq.com/v1/devices/MOD-00623/data/766881081
268.83,620.19,"{'lat': None, 'lon': None}","{'rh': 40.7, 'temp': 24.6, 'wd': 0.0, 'ws': 0.0, 'ws_scalar': 0.0}","{'gas': {'co': 18148, 'co2': 13271, 'no': 18149, 'no2': 18150, 'o3': 18151}, 'pm': {'pm1': 17109, 'pm10': 17111, 'pm25': 17110}}",2.48,7.88,21.23,3.7,7.2,4.21,766881294,40.7,MOD-00623,24.6,2026-08-29T00:08:39,2026-08-28T17:08:39,https://api.quant-aq.com/v1/devices/MOD-00623/data/766881082
262.48,622.36,"{'lat': None, 'lon': None}","{'rh': 40.4, 'temp': 24.6, 'wd': 0.0, 'ws': 0.0, 'ws_scalar': 0.0}","{'gas': {'co': 18148, 'co2': 13271, 'no': 18149, 'no2': 18150, 'o3': 18151}, 'pm': {'pm1': 17109, 'pm10': 17111, 'pm25': 17110}}",2.49,7.43,23.32,3.72,19.59,3.98,766881296,40.4,MOD-00623,24.6,2026-08-29T00:07:39,2026-08-28T17:07:39,https://api.quant-aq.com/v1/devices/MOD-00623/data/766881086
255.17,618.14,"{'lat': None, 'lon': None}","{'rh': 40.3, 'temp': 24.6, 'wd': 0.0, 'ws': 0.0, 'ws_scalar': 0.0}","{'gas': {'co': 18148, 'co2': 13271, 'no': 18149, 'no2': 18150, 'o3': 18151}, 'pm': {'pm1': 17109, 'pm10': 17111, 'pm25': 17110}}",2.46,7.04,20.84,1.98,10.76,2.29,766879023,40.3,MOD-00623,24.6,2026-08-29T00:06:39,2026-08-28T17:06:39,https://api.quant-aq.com/v1/devices/MOD-00623/data/766878814
243.06,620.31,"{'lat': None, 'lon': None}","{'rh': 40.6, 'temp': 24.6, 'wd': 0.0, 'ws': 0.0, 'ws_scalar': 0.0}","{'gas': {'co': 18148, 'co2': 13271, 'no': 18149, 'no2': 18150, 'o3': 18151}, 'pm': {'pm1': 17109, 'pm10': 17111, 'pm25': 17110}}",2.48,7.41,21.03,2.02,9.39,2.35,766879025,40.6,MOD-00623,24.6,2026-08-29T00:05:38,2026-08-28T17:05:38,https://api.quant-aq.com/v1/devices/MOD-00623/data/766878813
244.44,619.35,"{'lat': None, 'lon': None}","{'rh': 40.4, 'temp': 24.6, 'wd': 0.0, 'ws': 0.0, 'ws_scalar': 0.0}","{'gas': {'co': 18148, 'co2': 13271, 'no': 18149, 'no2': 18150, 'o3': 18151}, 'pm': {'pm1': 17109, 'pm10': 17111, 'pm25': 17110}}",2.44,6.85,21.41,1.93,5.03,2.27,766879022,40.4,MOD-00623,24.6,2026-08-29T00:04:38,2026-08-28T17:04:38,https://api.quant-aq.com/v1/devices/MOD-00623/data/766878812
237.22,621.63,"{'lat': None, 'lon': None}","{'rh': 40.9, 'temp': 24.7, 'wd': 0.0, 'ws': 0.0, 'ws_scalar': 0.0}","{'gas': {'co': 18148, 'co2': 13271, 'no': 18149, 'no2': 18150, 'o3': 18151}, 'pm': {'pm1': 17109, 'pm10': 17111, 'pm25': 17110}}",2.53,7.84,20.29,1.77,4.9,2.17,766879024,40.9,MOD-00623,24.7,2026-08-29T00:03:38,2026-08-28T17:03:38,https://api.quant-aq.com/v1/devices/MOD-00623/data/766878815
257.53,620.79,"{'lat': None, 'lon': None}","{'rh': 40.6, 'temp': 24.7, 'wd': 0.0, 'ws': 0.0, 'ws_scalar': 0.0}","{'gas': {'co': 18148, 'co2': 13271, 'no': 18149, 'no2': 18150, 'o3': 18151}, 'pm': {'pm1': 17109, 'pm10': 17111, 'pm25': 17110}}",2.51,8.13,21.56,1.63,11.54,1.94,766876748,40.6,MOD-00623,24.7,2026-08-29T00:02:38,2026-08-28T17:02:38,https://api.quant-aq.com/v1/devices/MOD-00623/data/766876537
248.04,617.06,"{'lat': None, 'lon': None}","{'rh': 40.1, 'temp': 24.7, 'wd': 0.0, 'ws': 0.0, 'ws_scalar': 0.0}","{'gas': {'co': 18148, 'co2': 13271, 'no': 18149, 'no2': 18150, 'o3': 18151}, 'pm': {'pm1': 17109, 'pm10': 17111, 'pm25': 17110}}",2.54,7.25,21.18,1.64,17.66,1.95,766876747,40.1,MOD-00623,24.7,2026-08-29T00:01:38,2026-08-28T17:01:38,https://api.quant-aq.com/v1/devices/MOD-00623/data/766876536
240.11,616.09,"{'lat': None, 'lon': None}","{'rh': 40.3, 'temp': 24.7, 'wd': 0.0, 'ws': 0.0, 'ws_scalar': 0.0}","{'gas': {'co': 18148, 'co2': 13271, 'no': 18149, 'no2': 18150, 'o3': 18151}, 'pm': {'pm1': 17109, 'pm10': 17111, 'pm25': 17110}}",2.5,7.03,21.74,2.01,10.52,2.44,766876749,40.3,MOD-00623,24.7,2026-08-29T00:00:38,2026-08-28T17:00:38,https://api.quant-aq.com/v1/devices/MOD-00623/data/766876539
