DATE,TE,CO,NO,NO2,O3,CO2,T,RH,PM1.0,PM2.5,PM10,AQHI
2025-04-06 01:35:31,,,,,,,,,,,,
2025-04-06 01:36:31,,,,,,,,,,,,
2025-04-06 01:37:31,,,,,,,,,,,,
2025-04-06 01:38:31,,,,,,,,,,,,
2025-04-06 01:39:31,,,,,,,,,,,,
2025-04-06 01:40:31,,,,,,,,,,,,
2025-04-06 01:41:31,,,,,,,,,,,,
2025-04-06 01:42:31,,,,,,,,,,,,
2025-04-06 01:43:31,,,,,,,,,,,,
2025-04-06 01:44:31,,,,,,,,,,,,
2025-04-06 01:45:31,,,,,,,,,,,,
2025-04-06 01:46:31,,,,,,,,,,,,
2025-04-06 01:47:31,,,,,,,,,,,,
2025-04-06 01:48:31,,,,,,,,,,,,
2025-04-06 01:49:31,,,,,,,,,,,,
2025-04-06 01:50:31,,,,,,,,,,,,
2025-04-06 01:51:31,,,,,,,,,,,,
2025-04-06 01:52:31,,,,,,,,,,,,
2025-04-06 01:53:31,,,,,,,,,,,,
2025-04-06 01:54:31,,,,,,,,,,,,
2025-04-06 01:55:31,,,,,,,,,,,,
2025-04-06 01:56:31,,,,,,,,,,,,
2025-04-06 01:57:31,,,,,,,,,,,,
2025-04-06 01:58:31,,,,,,,,,,,,
2025-04-06 01:59:31,,,,,,,,,,,,
2025-04-06 02:00:31,,,,,,,,,,,,
2025-04-06 02:01:31,,,,,,,,,,,,
2025-04-06 02:02:31,,,,,,,,,,,,
2025-04-06 02:03:31,,,,,,,,,,,,
2025-04-06 02:04:31,,,,,,,,,,,,
2025-04-06 02:05:31,,,,,,,,,,,,
2025-04-06 02:06:31,,,,,,,,,,,,
2025-04-06 02:07:31,,,,,,,,,,,,
2025-04-06 02:08:31,,,,,,,,,,,,
2025-04-06 02:09:31,,,,,,,,,,,,
2025-04-06 02:10:31,,,,,,,,,,,,
2025-04-06 02:11:31,,,,,,,,,,,,
2025-04-06 02:12:31,,,,,,,,,,,,
2025-04-06 02:13:31,,,,,,,,,,,,
2025-04-06 02:14:31,,,,,,,,,,,,
2025-04-06 02:15:31,,,,,,,,,,,,
2025-04-06 02:16:31,,,,,,,,,,,,
2025-04-06 02:17:31,,,,,,,,,,,,
2025-04-06 02:18:31,,,,,,,,,,,,
2025-04-06 02:19:31,,,,,,,,,,,,
2025-04-06 02:20:31,,,,,,,,,,,,
2025-04-06 02:21:31,,,,,,,,,,,,
2025-04-06 02:22:31,,,,,,,,,,,,
2025-04-06 02:23:31,,,,,,,,,,,,
2025-04-06 02:24:31,,,,,,,,,,,,
2025-04-06 02:25:31,,,,,,,,,,,,
2025-04-06 02:26:31,,,,,,,,,,,,
2025-04-06 02:27:31,,,,,,,,,,,,
2025-04-06 02:28:31,,,,,,,,,,,,
2025-04-06 02:29:31,,,,,,,,,,,,
2025-04-06 02:30:31,,,,,,,,,,,,
2025-04-06 02:31:31,,,,,,,,,,,,
2025-04-06 02:32:31,,,,,,,,,,,,
2025-04-06 02:33:31,,,,,,,,,,,,
2025-04-06 02:34:31,,,,,,,,,,,,
2025-04-06 02:35:31,,,,,,,,,,,,
2025-04-06 02:36:31,,,,,,,,,,,,
2025-04-06 02:37:31,,,,,,,,,,,,
2025-04-06 02:38:31,,,,,,,,,,,,
2025-04-06 02:39:31,,,,,,,,,,,,
2025-04-06 02:40:31,,,,,,,,,,,,
2025-04-06 02:41:31,,,,,,,,,,,,
2025-04-06 02:42:31,,,,,,,,,,,,
2025-04-06 02:43:31,,,,,,,,,,,,
2025-04-06 02:44:31,,,,,,,,,,,,
2025-04-06 02:45:31,,,,,,,,,,,,
2025-04-06 02:46:31,,,,,,,,,,,,
2025-04-06 02:47:31,,,,,,,,,,,,
2025-04-06 02:48:31,,,,,,,,,,,,
2025-04-06 02:49:31,,,,,,,,,,,,
2025-04-06 02:50:31,,,,,,,,,,,,
2025-04-06 02:51:31,,,,,,,,,,,,
2025-04-06 02:52:31,,,,,,,,,,,,
2025-04-06 02:53:31,,,,,,,,,,,,
2025-04-06 02:54:31,,,,,,,,,,,,
2025-04-06 02:55:31,,,,,,,,,,,,
2025-04-06 02:56:31,,,,,,,,,,,,
2025-04-06 02:57:31,,,,,,,,,,,,
2025-04-06 02:58:31,,,,,,,,,,,,
2025-04-06 02:59:31,,,,,,,,,,,,
2025-04-06 03:00:31,,,,,,,,,,,,
2025-04-06 03:01:31,,,,,,,,,,,,
2025-04-06 03:02:31,,,,,,,,,,,,
2025-04-06 03:03:31,,,,,,,,,,,,
2025-04-06 03:04:31,,,,,,,,,,,,
2025-04-06 03:05:31,,,,,,,,,,,,
2025-04-06 03:06:31,,,,,,,,,,,,
2025-04-06 03:07:31,,,,,,,,,,,,
2025-04-06 03:08:31,,,,,,,,,,,,
2025-04-06 03:09:31,,,,,,,,,,,,
2025-04-06 03:10:31,,,,,,,,,,,,
2025-04-06 03:11:31,,,,,,,,,,,,
2025-04-06 03:12:31,,,,,,,,,,,,
2025-04-06 03:13:31,,,,,,,,,,,,
2025-04-06 03:14:31,,,,,,,,,,,,
2025-04-06 03:15:31,,,,,,,,,,,,
2025-04-06 03:16:31,,,,,,,,,,,,
2025-04-06 03:17:31,,,,,,,,,,,,
2025-04-06 03:18:31,,,,,,,,,,,,
2025-04-06 03:19:31,,,,,,,,,,,,
2025-04-06 03:20:31,,,,,,,,,,,,
2025-04-06 03:21:31,,,,,,,,,,,,
2025-04-06 03:22:31,,,,,,,,,,,,
2025-04-06 03:23:31,,,,,,,,,,,,
2025-04-06 03:24:31,,,,,,,,,,,,
2025-04-06 03:25:31,,,,,,,,,,,,
2025-04-06 03:26:31,,,,,,,,,,,,
2025-04-06 03:27:31,,,,,,,,,,,,
2025-04-06 03:28:31,,,,,,,,,,,,
2025-04-06 03:29:31,,,,,,,,,,,,
2025-04-06 03:30:31,,,,,,,,,,,,
2025-04-06 03:31:31,,,,,,,,,,,,
2025-04-06 03:32:31,,,,,,,,,,,,
2025-04-06 03:33:31,,,,,,,,,,,,
2025-04-06 03:34:31,,,,,,,,,,,,
2025-04-06 03:35:31,,,,,,,,,,,,
2025-04-06 03:36:31,,,,,,,,,,,,
2025-04-06 03:37:31,,,,,,,,,,,,
2025-04-06 03:38:31,,,,,,,,,,,,
2025-04-06 03:39:31,,,,,,,,,,,,
2025-04-06 03:40:31,,,,,,,,,,,,
2025-04-06 03:41:31,,,,,,,,,,,,
2025-04-06 03:42:31,,,,,,,,,,,,
2025-04-06 03:43:31,,,,,,,,,,,,
2025-04-06 03:44:31,,,,,,,,,,,,
2025-04-06 03:45:31,,,,,,,,,,,,
2025-04-06 03:46:31,,,,,,,,,,,,
2025-04-06 03:47:31,,,,,,,,,,,,
2025-04-06 03:48:31,,,,,,,,,,,,
2025-04-06 03:49:31,,,,,,,,,,,,
2025-04-06 03:50:31,,,,,,,,,,,,
2025-04-06 03:51:31,,,,,,,,,,,,
2025-04-06 03:52:31,,,,,,,,,,,,
2025-04-06 03:53:31,,,,,,,,,,,,
2025-04-06 03:54:31,,,,,,,,,,,,
2025-04-06 03:55:31,,,,,,,,,,,,
2025-04-06 03:56:31,,,,,,,,,,,,
2025-04-06 03:57:31,,,,,,,,,,,,
2025-04-06 03:58:31,,,,,,,,,,,,
2025-04-06 03:59:31,,,,,,,,,,,,
2025-04-06 04:00:31,,,,,,,,,,,,
2025-04-06 04:01:31,,,,,,,,,,,,
2025-04-06 04:02:31,,,,,,,,,,,,
2025-04-06 04:03:31,,,,,,,,,,,,
2025-04-06 04:04:31,,,,,,,,,,,,
2025-04-06 04:05:31,,,,,,,,,,,,
2025-04-06 04:06:31,,,,,,,,,,,,
2025-04-06 04:07:31,,,,,,,,,,,,
2025-04-06 04:08:31,,,,,,,,,,,,
2025-04-06 04:09:31,,,,,,,,,,,,
2025-04-06 04:10:31,,,,,,,,,,,,
2025-04-06 04:11:31,,,,,,,,,,,,
2025-04-06 04:12:31,,,,,,,,,,,,
2025-04-06 04:13:31,,,,,,,,,,,,
2025-04-06 04:14:31,,,,,,,,,,,,
2025-04-06 04:15:31,,,,,,,,,,,,
2025-04-06 04:16:31,,,,,,,,,,,,
2025-04-06 04:17:31,,,,,,,,,,,,
2025-04-06 04:18:31,,,,,,,,,,,,
2025-04-06 04:19:31,,,,,,,,,,,,
2025-04-06 04:20:31,,,,,,,,,,,,
2025-04-06 04:21:31,,,,,,,,,,,,
2025-04-06 04:22:31,,,,,,,,,,,,
2025-04-06 04:23:31,,,,,,,,,,,,
2025-04-06 04:24:31,,,,,,,,,,,,
2025-04-06 04:25:31,,,,,,,,,,,,
2025-04-06 04:26:31,,,,,,,,,,,,
2025-04-06 04:27:31,,,,,,,,,,,,
2025-04-06 04:28:31,,,,,,,,,,,,
2025-04-06 04:29:31,,,,,,,,,,,,
2025-04-06 04:30:31,,,,,,,,,,,,
2025-04-06 04:31:31,,,,,,,,,,,,
2025-04-06 04:32:31,,,,,,,,,,,,
2025-04-06 04:33:31,,,,,,,,,,,,
2025-04-06 04:34:31,,,,,,,,,,,,
2025-04-06 04:35:31,,,,,,,,,,,,
2025-04-06 04:36:31,,,,,,,,,,,,
2025-04-06 04:37:31,,,,,,,,,,,,
2025-04-06 04:38:31,,,,,,,,,,,,
2025-04-06 04:39:31,,,,,,,,,,,,
2025-04-06 04:40:31,,,,,,,,,,,,
2025-04-06 04:41:31,,,,,,,,,,,,
2025-04-06 04:42:31,,,,,,,,,,,,
2025-04-06 04:43:31,,,,,,,,,,,,
2025-04-06 04:44:31,,,,,,,,,,,,
2025-04-06 04:45:31,,,,,,,,,,,,
2025-04-06 04:46:31,,,,,,,,,,,,
2025-04-06 04:47:31,,,,,,,,,,,,
2025-04-06 04:48:31,,,,,,,,,,,,
2025-04-06 04:49:31,,,,,,,,,,,,
2025-04-06 04:50:31,,,,,,,,,,,,
2025-04-06 04:51:31,,,,,,,,,,,,
2025-04-06 04:52:31,,,,,,,,,,,,
2025-04-06 04:53:31,,,,,,,,,,,,
2025-04-06 04:54:31,,,,,,,,,,,,
2025-04-06 04:55:31,,,,,,,,,,,,
2025-04-06 04:56:31,,,,,,,,,,,,
2025-04-06 04:57:31,,,,,,,,,,,,
2025-04-06 04:58:31,,,,,,,,,,,,
2025-04-06 04:59:31,,,,,,,,,,,,
2025-04-06 05:00:31,,,,,,,,,,,,
2025-04-06 05:01:31,,,,,,,,,,,,
2025-04-06 05:02:31,,,,,,,,,,,,
2025-04-06 05:03:31,,,,,,,,,,,,
2025-04-06 05:04:31,,,,,,,,,,,,
2025-04-06 05:05:31,,,,,,,,,,,,
2025-04-06 05:06:31,,,,,,,,,,,,
2025-04-06 05:07:31,,,,,,,,,,,,
2025-04-06 05:08:31,,,,,,,,,,,,
2025-04-06 05:09:31,,,,,,,,,,,,
2025-04-06 05:10:31,,,,,,,,,,,,
2025-04-06 05:11:31,,,,,,,,,,,,
2025-04-06 05:12:31,,,,,,,,,,,,
2025-04-06 05:13:31,,,,,,,,,,,,
2025-04-06 05:14:31,,,,,,,,,,,,
2025-04-06 05:15:31,,,,,,,,,,,,
2025-04-06 05:16:31,,,,,,,,,,,,
2025-04-06 05:17:31,,,,,,,,,,,,
2025-04-06 05:18:31,,,,,,,,,,,,
2025-04-06 05:19:31,,,,,,,,,,,,
2025-04-06 05:20:31,,,,,,,,,,,,
2025-04-06 05:21:31,,,,,,,,,,,,
2025-04-06 05:22:31,,,,,,,,,,,,
2025-04-06 05:23:31,,,,,,,,,,,,
2025-04-06 05:24:31,,,,,,,,,,,,
2025-04-06 05:25:31,,,,,,,,,,,,
2025-04-06 05:26:31,,,,,,,,,,,,
2025-04-06 05:27:31,,,,,,,,,,,,
2025-04-06 05:28:31,,,,,,,,,,,,
2025-04-06 05:29:31,,,,,,,,,,,,
2025-04-06 05:30:31,,,,,,,,,,,,
2025-04-06 05:31:31,,,,,,,,,,,,
2025-04-06 05:32:31,,,,,,,,,,,,
2025-04-06 05:33:31,,,,,,,,,,,,
2025-04-06 05:34:31,,,,,,,,,,,,
2025-04-06 05:35:31,,,,,,,,,,,,
2025-04-06 05:36:31,,,,,,,,,,,,
2025-04-06 05:37:31,,,,,,,,,,,,
2025-04-06 05:38:31,,,,,,,,,,,,
2025-04-06 05:39:31,,,,,,,,,,,,
2025-04-06 05:40:31,,,,,,,,,,,,
2025-04-06 05:41:31,,,,,,,,,,,,
2025-04-06 05:42:31,,,,,,,,,,,,
2025-04-06 05:43:31,,,,,,,,,,,,
2025-04-06 05:44:31,,,,,,,,,,,,
2025-04-06 05:45:31,,,,,,,,,,,,
2025-04-06 05:46:31,,,,,,,,,,,,
2025-04-06 05:47:31,,,,,,,,,,,,
2025-04-06 05:48:31,,,,,,,,,,,,
2025-04-06 05:49:31,,,,,,,,,,,,
2025-04-06 05:50:31,,,,,,,,,,,,
2025-04-06 05:51:31,,,,,,,,,,,,
2025-04-06 05:52:31,,,,,,,,,,,,
2025-04-06 05:53:31,,,,,,,,,,,,
2025-04-06 05:54:31,,,,,,,,,,,,
2025-04-06 05:55:31,,,,,,,,,,,,
2025-04-06 05:56:31,,,,,,,,,,,,
2025-04-06 05:57:31,,,,,,,,,,,,
2025-04-06 05:58:31,,,,,,,,,,,,
2025-04-06 05:59:31,,,,,,,,,,,,
2025-04-06 06:00:31,,,,,,,,,,,,
2025-04-06 06:01:31,,,,,,,,,,,,
2025-04-06 06:02:31,,,,,,,,,,,,
2025-04-06 06:03:31,,,,,,,,,,,,
2025-04-06 06:04:31,,,,,,,,,,,,
2025-04-06 06:05:31,,,,,,,,,,,,
2025-04-06 06:06:31,,,,,,,,,,,,
2025-04-06 06:07:31,,,,,,,,,,,,
2025-04-06 06:08:31,,,,,,,,,,,,
2025-04-06 06:09:31,,,,,,,,,,,,
2025-04-06 06:10:31,,,,,,,,,,,,
2025-04-06 06:11:31,,,,,,,,,,,,
2025-04-06 06:12:31,,,,,,,,,,,,
2025-04-06 06:13:31,,,,,,,,,,,,
2025-04-06 06:14:31,,,,,,,,,,,,
2025-04-06 06:15:31,,,,,,,,,,,,
2025-04-06 06:16:31,,,,,,,,,,,,
2025-04-06 06:17:31,,,,,,,,,,,,
2025-04-06 06:18:31,,,,,,,,,,,,
2025-04-06 06:19:31,,,,,,,,,,,,
2025-04-06 06:20:31,,,,,,,,,,,,
2025-04-06 06:21:31,,,,,,,,,,,,
2025-04-06 06:22:31,,,,,,,,,,,,
2025-04-06 06:23:31,,,,,,,,,,,,
2025-04-06 06:24:31,,,,,,,,,,,,
2025-04-06 06:25:31,,,,,,,,,,,,
2025-04-06 06:26:31,,,,,,,,,,,,
2025-04-06 06:27:31,,,,,,,,,,,,
2025-04-06 06:28:31,,,,,,,,,,,,
2025-04-06 06:29:31,,,,,,,,,,,,
2025-04-06 06:30:31,,,,,,,,,,,,
2025-04-06 06:31:31,,,,,,,,,,,,
2025-04-06 06:32:31,,,,,,,,,,,,
2025-04-06 06:33:31,,,,,,,,,,,,
2025-04-06 06:34:31,,,,,,,,,,,,
2025-04-06 06:35:31,,,,,,,,,,,,
2025-04-06 06:36:31,,,,,,,,,,,,
2025-04-06 06:37:31,,,,,,,,,,,,
2025-04-06 06:38:31,,,,,,,,,,,,
2025-04-06 06:39:31,,,,,,,,,,,,
2025-04-06 06:40:31,,,,,,,,,,,,
2025-04-06 06:41:31,,,,,,,,,,,,
2025-04-06 06:42:31,,,,,,,,,,,,
2025-04-06 06:43:31,,,,,,,,,,,,
2025-04-06 06:44:31,,,,,,,,,,,,
2025-04-06 06:45:31,,,,,,,,,,,,
2025-04-06 06:46:31,,,,,,,,,,,,
2025-04-06 06:47:31,,,,,,,,,,,,
2025-04-06 06:48:31,,,,,,,,,,,,
2025-04-06 06:49:31,,,,,,,,,,,,
2025-04-06 06:50:31,,,,,,,,,,,,
2025-04-06 06:51:31,,,,,,,,,,,,
2025-04-06 06:52:31,,,,,,,,,,,,
2025-04-06 06:53:31,,,,,,,,,,,,
2025-04-06 06:54:31,,,,,,,,,,,,
2025-04-06 06:55:31,,,,,,,,,,,,
2025-04-06 06:56:31,,,,,,,,,,,,
2025-04-06 06:57:31,,,,,,,,,,,,
2025-04-06 06:58:31,,,,,,,,,,,,
2025-04-06 06:59:31,,,,,,,,,,,,
2025-04-06 07:00:31,,,,,,,,,,,,
2025-04-06 07:01:31,,,,,,,,,,,,
2025-04-06 07:02:31,,,,,,,,,,,,
2025-04-06 07:03:31,,,,,,,,,,,,
2025-04-06 07:04:31,,,,,,,,,,,,
2025-04-06 07:05:31,,,,,,,,,,,,
2025-04-06 07:06:31,,,,,,,,,,,,
2025-04-06 07:07:31,,,,,,,,,,,,
2025-04-06 07:08:31,,,,,,,,,,,,
2025-04-06 07:09:31,,,,,,,,,,,,
2025-04-06 07:10:31,,,,,,,,,,,,
2025-04-06 07:11:31,,,,,,,,,,,,
2025-04-06 07:12:31,,,,,,,,,,,,
2025-04-06 07:13:31,,,,,,,,,,,,
2025-04-06 07:14:31,,,,,,,,,,,,
2025-04-06 07:15:31,,,,,,,,,,,,
2025-04-06 07:16:31,,,,,,,,,,,,
2025-04-06 07:17:31,,,,,,,,,,,,
2025-04-06 07:18:31,,,,,,,,,,,,
2025-04-06 07:19:31,,,,,,,,,,,,
2025-04-06 07:20:31,,,,,,,,,,,,
2025-04-06 07:21:31,,,,,,,,,,,,
2025-04-06 07:22:31,,,,,,,,,,,,
2025-04-06 07:23:31,,,,,,,,,,,,
2025-04-06 07:24:31,,,,,,,,,,,,
2025-04-06 07:25:31,,,,,,,,,,,,
2025-04-06 07:26:31,,,,,,,,,,,,
2025-04-06 07:27:31,,,,,,,,,,,,
2025-04-06 07:28:31,,,,,,,,,,,,
2025-04-06 07:29:31,,,,,,,,,,,,
2025-04-06 07:30:31,,,,,,,,,,,,
2025-04-06 07:31:31,,,,,,,,,,,,
2025-04-06 07:32:31,,,,,,,,,,,,
2025-04-06 07:33:31,,,,,,,,,,,,
2025-04-06 07:34:31,,,,,,,,,,,,
2025-04-06 07:35:31,,,,,,,,,,,,
2025-04-06 07:36:31,,,,,,,,,,,,
2025-04-06 07:37:31,,,,,,,,,,,,
2025-04-06 07:38:31,,,,,,,,,,,,
2025-04-06 07:39:31,,,,,,,,,,,,
2025-04-06 07:40:31,,,,,,,,,,,,
2025-04-06 07:41:31,,,,,,,,,,,,
2025-04-06 07:42:31,,,,,,,,,,,,
2025-04-06 07:43:31,,,,,,,,,,,,
2025-04-06 07:44:31,,,,,,,,,,,,
2025-04-06 07:45:31,,,,,,,,,,,,
2025-04-06 07:46:31,,,,,,,,,,,,
2025-04-06 07:47:31,,,,,,,,,,,,
2025-04-06 07:48:31,,,,,,,,,,,,
2025-04-06 07:49:31,,,,,,,,,,,,
2025-04-06 07:50:31,,,,,,,,,,,,
2025-04-06 07:51:31,,,,,,,,,,,,
2025-04-06 07:52:31,,,,,,,,,,,,
2025-04-06 07:53:31,,,,,,,,,,,,
2025-04-06 07:54:31,,,,,,,,,,,,
2025-04-06 07:55:31,,,,,,,,,,,,
2025-04-06 07:56:31,,,,,,,,,,,,
2025-04-06 07:57:31,,,,,,,,,,,,
2025-04-06 07:58:31,,,,,,,,,,,,
2025-04-06 07:59:31,,,,,,,,,,,,
2025-04-06 08:00:31,,,,,,,,,,,,
2025-04-06 08:01:31,,,,,,,,,,,,
2025-04-06 08:02:31,,,,,,,,,,,,
2025-04-06 08:03:31,,,,,,,,,,,,
2025-04-06 08:04:31,,,,,,,,,,,,
2025-04-06 08:05:31,,,,,,,,,,,,
2025-04-06 08:06:31,,,,,,,,,,,,
2025-04-06 08:07:31,,,,,,,,,,,,
2025-04-06 08:08:31,,,,,,,,,,,,
2025-04-06 08:09:31,,,,,,,,,,,,
2025-04-06 08:10:31,,,,,,,,,,,,
2025-04-06 08:11:31,,,,,,,,,,,,
2025-04-06 08:12:31,,,,,,,,,,,,
2025-04-06 08:13:31,,,,,,,,,,,,
2025-04-06 08:14:31,,,,,,,,,,,,
2025-04-06 08:15:31,,,,,,,,,,,,
2025-04-06 08:16:31,,,,,,,,,,,,
2025-04-06 08:17:31,,,,,,,,,,,,
2025-04-06 08:18:31,,,,,,,,,,,,
2025-04-06 08:19:31,,,,,,,,,,,,
2025-04-06 08:20:31,,,,,,,,,,,,
2025-04-06 08:21:31,,,,,,,,,,,,
2025-04-06 08:22:31,,,,,,,,,,,,
2025-04-06 08:23:31,,,,,,,,,,,,
2025-04-06 08:24:31,,,,,,,,,,,,
2025-04-06 08:25:31,,,,,,,,,,,,
2025-04-06 08:26:31,,,,,,,,,,,,
2025-04-06 08:27:31,,,,,,,,,,,,
2025-04-06 08:28:31,,,,,,,,,,,,
2025-04-06 08:29:31,,,,,,,,,,,,
2025-04-06 08:30:31,,,,,,,,,,,,
2025-04-06 08:31:31,,,,,,,,,,,,
2025-04-06 08:32:31,,,,,,,,,,,,
2025-04-06 08:33:31,,,,,,,,,,,,
2025-04-06 08:34:31,,,,,,,,,,,,
2025-04-06 08:35:31,,,,,,,,,,,,
2025-04-06 08:36:31,,,,,,,,,,,,
2025-04-06 08:37:31,,,,,,,,,,,,
2025-04-06 08:38:31,,,,,,,,,,,,
2025-04-06 08:39:31,,,,,,,,,,,,
2025-04-06 08:40:31,,,,,,,,,,,,
2025-04-06 08:41:31,,,,,,,,,,,,
2025-04-06 08:42:31,,,,,,,,,,,,
2025-04-06 08:43:31,,,,,,,,,,,,
2025-04-06 08:44:31,,,,,,,,,,,,
2025-04-06 08:45:31,,,,,,,,,,,,
2025-04-06 08:46:31,,,,,,,,,,,,
2025-04-06 08:47:31,,,,,,,,,,,,
2025-04-06 08:48:31,,,,,,,,,,,,
2025-04-06 08:49:31,,,,,,,,,,,,
2025-04-06 08:50:31,,,,,,,,,,,,
2025-04-06 08:51:31,,,,,,,,,,,,
2025-04-06 08:52:31,,,,,,,,,,,,
2025-04-06 08:53:31,,,,,,,,,,,,
2025-04-06 08:54:31,,,,,,,,,,,,
2025-04-06 08:55:31,,,,,,,,,,,,
2025-04-06 08:56:31,,,,,,,,,,,,
2025-04-06 08:57:31,,,,,,,,,,,,
2025-04-06 08:58:31,,,,,,,,,,,,
2025-04-06 08:59:31,,,,,,,,,,,,
2025-04-06 09:00:31,,,,,,,,,,,,
2025-04-06 09:01:31,,,,,,,,,,,,
2025-04-06 09:02:31,,,,,,,,,,,,
2025-04-06 09:03:31,,,,,,,,,,,,
2025-04-06 09:04:31,,,,,,,,,,,,
2025-04-06 09:05:31,,,,,,,,,,,,
2025-04-06 09:06:31,,,,,,,,,,,,
2025-04-06 09:07:31,,,,,,,,,,,,
2025-04-06 09:08:31,,,,,,,,,,,,
2025-04-06 09:09:31,,,,,,,,,,,,
2025-04-06 09:10:31,,,,,,,,,,,,
2025-04-06 09:11:31,,,,,,,,,,,,
2025-04-06 09:12:31,,,,,,,,,,,,
2025-04-06 09:13:31,,,,,,,,,,,,
2025-04-06 09:14:31,,,,,,,,,,,,
2025-04-06 09:15:31,,,,,,,,,,,,
2025-04-06 09:16:31,,,,,,,,,,,,
2025-04-06 09:17:31,,,,,,,,,,,,
2025-04-06 09:18:31,,,,,,,,,,,,
2025-04-06 09:19:31,,,,,,,,,,,,
2025-04-06 09:20:31,,,,,,,,,,,,
2025-04-06 09:21:31,,,,,,,,,,,,
2025-04-06 09:22:31,,,,,,,,,,,,
2025-04-06 09:23:31,,,,,,,,,,,,
2025-04-06 09:24:31,,,,,,,,,,,,
2025-04-06 09:25:31,,,,,,,,,,,,
2025-04-06 09:26:31,,,,,,,,,,,,
2025-04-06 09:27:31,,,,,,,,,,,,
2025-04-06 09:28:31,,,,,,,,,,,,
2025-04-06 09:29:31,,,,,,,,,,,,
2025-04-06 09:30:31,,,,,,,,,,,,
2025-04-06 09:31:31,,,,,,,,,,,,
2025-04-06 09:32:31,,,,,,,,,,,,
2025-04-06 09:33:31,,,,,,,,,,,,
2025-04-06 09:34:31,,,,,,,,,,,,
2025-04-06 09:35:31,,,,,,,,,,,,
2025-04-06 09:36:31,,,,,,,,,,,,
2025-04-06 09:37:31,,,,,,,,,,,,
2025-04-06 09:38:31,,,,,,,,,,,,
2025-04-06 09:39:31,,,,,,,,,,,,
2025-04-06 09:40:31,,,,,,,,,,,,
2025-04-06 09:41:31,,,,,,,,,,,,
2025-04-06 09:42:31,,,,,,,,,,,,
2025-04-06 09:43:31,,,,,,,,,,,,
2025-04-06 09:44:31,,,,,,,,,,,,
2025-04-06 09:45:31,,,,,,,,,,,,
2025-04-06 09:46:31,,,,,,,,,,,,
2025-04-06 09:47:31,,,,,,,,,,,,
2025-04-06 09:48:31,,,,,,,,,,,,
2025-04-06 09:49:31,,,,,,,,,,,,
2025-04-06 09:50:31,,,,,,,,,,,,
2025-04-06 09:51:31,,,,,,,,,,,,
2025-04-06 09:52:31,,,,,,,,,,,,
2025-04-06 09:53:31,,,,,,,,,,,,
2025-04-06 09:54:31,,,,,,,,,,,,
2025-04-06 09:55:31,,,,,,,,,,,,
2025-04-06 09:56:31,,,,,,,,,,,,
2025-04-06 09:57:31,,,,,,,,,,,,
2025-04-06 09:58:31,,,,,,,,,,,,
2025-04-06 09:59:31,,,,,,,,,,,,
2025-04-06 10:00:31,,,,,,,,,,,,
2025-04-06 10:01:31,,,,,,,,,,,,
2025-04-06 10:02:31,,,,,,,,,,,,
2025-04-06 10:03:31,,,,,,,,,,,,
2025-04-06 10:04:31,,,,,,,,,,,,
2025-04-06 10:05:31,,,,,,,,,,,,
2025-04-06 10:06:31,,,,,,,,,,,,
2025-04-06 10:07:31,,,,,,,,,,,,
2025-04-06 10:08:31,,,,,,,,,,,,
2025-04-06 10:09:31,,,,,,,,,,,,
2025-04-06 10:10:31,,,,,,,,,,,,
2025-04-06 10:11:31,,,,,,,,,,,,
2025-04-06 10:12:31,,,,,,,,,,,,
2025-04-06 10:13:31,,,,,,,,,,,,
2025-04-06 10:14:31,,,,,,,,,,,,
2025-04-06 10:15:31,,,,,,,,,,,,
2025-04-06 10:16:31,,,,,,,,,,,,
2025-04-06 10:17:31,,,,,,,,,,,,
2025-04-06 10:18:31,,,,,,,,,,,,
2025-04-06 10:19:31,,,,,,,,,,,,
2025-04-06 10:20:31,,,,,,,,,,,,
2025-04-06 10:21:31,,,,,,,,,,,,
2025-04-06 10:22:31,,,,,,,,,,,,
2025-04-06 10:23:31,,,,,,,,,,,,
2025-04-06 10:24:31,,,,,,,,,,,,
2025-04-06 10:25:31,,,,,,,,,,,,
2025-04-06 10:26:31,,,,,,,,,,,,
2025-04-06 10:27:31,,,,,,,,,,,,
2025-04-06 10:28:31,,,,,,,,,,,,
2025-04-06 10:29:31,,,,,,,,,,,,
2025-04-06 10:30:31,,,,,,,,,,,,
2025-04-06 10:31:31,,,,,,,,,,,,
2025-04-06 10:32:31,,,,,,,,,,,,
2025-04-06 10:33:31,,,,,,,,,,,,
2025-04-06 10:34:31,,,,,,,,,,,,
2025-04-06 10:35:31,,,,,,,,,,,,
2025-04-06 10:36:31,,,,,,,,,,,,
2025-04-06 10:37:31,,,,,,,,,,,,
2025-04-06 10:38:31,,,,,,,,,,,,
2025-04-06 10:39:31,,,,,,,,,,,,
2025-04-06 10:40:31,,,,,,,,,,,,
2025-04-06 10:41:31,,,,,,,,,,,,
2025-04-06 10:42:31,,,,,,,,,,,,
2025-04-06 10:43:31,,,,,,,,,,,,
2025-04-06 10:44:31,,,,,,,,,,,,
2025-04-06 10:45:31,,,,,,,,,,,,
2025-04-06 10:46:31,,,,,,,,,,,,
2025-04-06 10:47:31,,,,,,,,,,,,
2025-04-06 10:48:31,,,,,,,,,,,,
2025-04-06 10:49:31,,,,,,,,,,,,
2025-04-06 10:50:31,,,,,,,,,,,,
2025-04-06 10:51:31,,,,,,,,,,,,
2025-04-06 10:52:31,,,,,,,,,,,,
2025-04-06 10:53:31,,,,,,,,,,,,
2025-04-06 10:54:31,,,,,,,,,,,,
2025-04-06 10:55:31,,,,,,,,,,,,
2025-04-06 10:56:31,,,,,,,,,,,,
2025-04-06 10:57:31,,,,,,,,,,,,
2025-04-06 10:58:31,,,,,,,,,,,,
2025-04-06 10:59:31,,,,,,,,,,,,
2025-04-06 11:00:31,,,,,,,,,,,,
2025-04-06 11:01:31,,,,,,,,,,,,
2025-04-06 11:02:31,,,,,,,,,,,,
2025-04-06 11:03:31,,,,,,,,,,,,
2025-04-06 11:04:31,,,,,,,,,,,,
2025-04-06 11:05:31,,,,,,,,,,,,
2025-04-06 11:06:31,,,,,,,,,,,,
2025-04-06 11:07:31,,,,,,,,,,,,
2025-04-06 11:08:31,,,,,,,,,,,,
2025-04-06 11:09:31,,,,,,,,,,,,
2025-04-06 11:10:31,,,,,,,,,,,,
2025-04-06 11:11:31,,,,,,,,,,,,
2025-04-06 11:12:31,,,,,,,,,,,,
2025-04-06 11:13:31,,,,,,,,,,,,
2025-04-06 11:14:31,,,,,,,,,,,,
2025-04-06 11:15:31,,,,,,,,,,,,
2025-04-06 11:16:31,,,,,,,,,,,,
2025-04-06 11:17:31,,,,,,,,,,,,
2025-04-06 11:18:31,,,,,,,,,,,,
2025-04-06 11:19:31,,,,,,,,,,,,
2025-04-06 11:20:31,,,,,,,,,,,,
2025-04-06 11:21:31,,,,,,,,,,,,
2025-04-06 11:22:31,,,,,,,,,,,,
2025-04-06 11:23:31,,,,,,,,,,,,
2025-04-06 11:24:31,,,,,,,,,,,,
2025-04-06 11:25:31,,,,,,,,,,,,
2025-04-06 11:26:31,,,,,,,,,,,,
2025-04-06 11:27:31,,,,,,,,,,,,
2025-04-06 11:28:31,,,,,,,,,,,,
2025-04-06 11:29:31,,,,,,,,,,,,
2025-04-06 11:30:31,,,,,,,,,,,,
2025-04-06 11:31:31,,,,,,,,,,,,
2025-04-06 11:32:31,,,,,,,,,,,,
2025-04-06 11:33:31,,,,,,,,,,,,
2025-04-06 11:34:31,,,,,,,,,,,,
2025-04-06 11:35:31,,,,,,,,,,,,
2025-04-06 11:36:31,,,,,,,,,,,,
2025-04-06 11:37:31,,,,,,,,,,,,
2025-04-06 11:38:31,,,,,,,,,,,,
2025-04-06 11:39:31,,,,,,,,,,,,
2025-04-06 11:40:31,,,,,,,,,,,,
2025-04-06 11:41:31,,,,,,,,,,,,
2025-04-06 11:42:31,,,,,,,,,,,,
2025-04-06 11:43:31,,,,,,,,,,,,
2025-04-06 11:44:31,,,,,,,,,,,,
2025-04-06 11:45:31,,,,,,,,,,,,
2025-04-06 11:46:31,,,,,,,,,,,,
2025-04-06 11:47:31,,,,,,,,,,,,
2025-04-06 11:48:31,,,,,,,,,,,,
2025-04-06 11:49:31,,,,,,,,,,,,
2025-04-06 11:50:31,,,,,,,,,,,,
2025-04-06 11:51:31,,,,,,,,,,,,
2025-04-06 11:52:31,,,,,,,,,,,,
2025-04-06 11:53:31,,,,,,,,,,,,
2025-04-06 11:54:31,,,,,,,,,,,,
2025-04-06 11:55:31,,,,,,,,,,,,
2025-04-06 11:56:31,,,,,,,,,,,,
2025-04-06 11:57:31,,,,,,,,,,,,
2025-04-06 11:58:31,,,,,,,,,,,,
2025-04-06 11:59:31,,,,,,,,,,,,
2025-04-06 12:00:31,,,,,,,,,,,,
2025-04-06 12:01:31,,,,,,,,,,,,
2025-04-06 12:02:31,,,,,,,,,,,,
2025-04-06 12:03:31,,,,,,,,,,,,
2025-04-06 12:04:31,,,,,,,,,,,,
2025-04-06 12:05:31,,,,,,,,,,,,
2025-04-06 12:06:31,,,,,,,,,,,,
2025-04-06 12:07:31,,,,,,,,,,,,
2025-04-06 12:08:31,,,,,,,,,,,,
2025-04-06 12:09:31,,,,,,,,,,,,
2025-04-06 12:10:31,,,,,,,,,,,,
2025-04-06 12:11:31,,,,,,,,,,,,
2025-04-06 12:12:31,,,,,,,,,,,,
2025-04-06 12:13:31,,,,,,,,,,,,
2025-04-06 12:14:31,,,,,,,,,,,,
2025-04-06 12:15:31,,,,,,,,,,,,
2025-04-06 12:16:31,,,,,,,,,,,,
2025-04-06 12:17:31,,,,,,,,,,,,
2025-04-06 12:18:31,,,,,,,,,,,,
2025-04-06 12:19:31,,,,,,,,,,,,
2025-04-06 12:20:31,,,,,,,,,,,,
2025-04-06 12:21:31,,,,,,,,,,,,
2025-04-06 12:22:31,,,,,,,,,,,,
2025-04-06 12:23:31,,,,,,,,,,,,
2025-04-06 12:24:31,,,,,,,,,,,,
2025-04-06 12:25:31,,,,,,,,,,,,
2025-04-06 12:26:31,,,,,,,,,,,,
2025-04-06 12:27:31,,,,,,,,,,,,
2025-04-06 12:28:31,,,,,,,,,,,,
2025-04-06 12:29:31,,,,,,,,,,,,
2025-04-06 12:30:31,,,,,,,,,,,,
2025-04-06 12:31:31,,,,,,,,,,,,
2025-04-06 12:32:31,,,,,,,,,,,,
2025-04-06 12:33:31,,,,,,,,,,,,
2025-04-06 12:34:31,,,,,,,,,,,,
2025-04-06 12:35:31,,,,,,,,,,,,
2025-04-06 12:36:31,,,,,,,,,,,,
2025-04-06 12:37:31,,,,,,,,,,,,
2025-04-06 12:38:31,,,,,,,,,,,,
2025-04-06 12:39:31,,,,,,,,,,,,
2025-04-06 12:40:31,,,,,,,,,,,,
2025-04-06 12:41:31,,,,,,,,,,,,
2025-04-06 12:42:31,,,,,,,,,,,,
2025-04-06 12:43:31,,,,,,,,,,,,
2025-04-06 12:44:31,,,,,,,,,,,,
2025-04-06 12:45:31,,,,,,,,,,,,
2025-04-06 12:46:31,,,,,,,,,,,,
2025-04-06 12:47:31,,,,,,,,,,,,
2025-04-06 12:48:31,,,,,,,,,,,,
2025-04-06 12:49:31,,,,,,,,,,,,
2025-04-06 12:50:31,,,,,,,,,,,,
2025-04-06 12:51:31,,,,,,,,,,,,
2025-04-06 12:52:31,,,,,,,,,,,,
2025-04-06 12:53:31,,,,,,,,,,,,
2025-04-06 12:54:31,,,,,,,,,,,,
2025-04-06 12:55:31,,,,,,,,,,,,
2025-04-06 12:56:31,,,,,,,,,,,,
2025-04-06 12:57:31,,,,,,,,,,,,
2025-04-06 12:58:31,,,,,,,,,,,,
2025-04-06 12:59:31,,,,,,,,,,,,
2025-04-06 13:00:31,,,,,,,,,,,,
2025-04-06 13:01:31,,,,,,,,,,,,
2025-04-06 13:02:31,,,,,,,,,,,,
2025-04-06 13:03:31,,,,,,,,,,,,
2025-04-06 13:04:31,,,,,,,,,,,,
2025-04-06 13:05:31,,,,,,,,,,,,
2025-04-06 13:06:31,,,,,,,,,,,,
2025-04-06 13:07:31,,,,,,,,,,,,
2025-04-06 13:08:31,,,,,,,,,,,,
2025-04-06 13:09:31,,,,,,,,,,,,
2025-04-06 13:10:31,,,,,,,,,,,,
2025-04-06 13:11:31,,,,,,,,,,,,
2025-04-06 13:12:31,,,,,,,,,,,,
2025-04-06 13:13:31,,,,,,,,,,,,
2025-04-06 13:14:31,,,,,,,,,,,,
2025-04-06 13:15:31,,,,,,,,,,,,
2025-04-06 13:16:31,,,,,,,,,,,,
2025-04-06 13:17:31,,,,,,,,,,,,
2025-04-06 13:18:31,,,,,,,,,,,,
2025-04-06 13:19:31,,,,,,,,,,,,
2025-04-06 13:20:31,,,,,,,,,,,,
2025-04-06 13:21:31,,,,,,,,,,,,
2025-04-06 13:22:31,,,,,,,,,,,,
2025-04-06 13:23:31,,,,,,,,,,,,
2025-04-06 13:24:31,,,,,,,,,,,,
2025-04-06 13:25:32,,,,,,,,,,,,
2025-04-06 13:26:32,,,,,,,,,,,,
2025-04-06 13:27:32,,,,,,,,,,,,
2025-04-06 13:28:32,,,,,,,,,,,,
2025-04-06 13:29:32,,,,,,,,,,,,
2025-04-06 13:30:32,,,,,,,,,,,,
2025-04-06 13:31:32,,,,,,,,,,,,
2025-04-06 13:32:32,,,,,,,,,,,,
2025-04-06 13:33:32,,,,,,,,,,,,
2025-04-06 13:34:32,,,,,,,,,,,,
2025-04-06 13:35:32,,,,,,,,,,,,
2025-04-06 13:36:32,,,,,,,,,,,,
2025-04-06 13:37:32,,,,,,,,,,,,
2025-04-06 13:38:32,,,,,,,,,,,,
2025-04-06 13:39:32,,,,,,,,,,,,
2025-04-06 13:40:32,,,,,,,,,,,,
2025-04-06 13:41:32,,,,,,,,,,,,
2025-04-06 13:42:32,,,,,,,,,,,,
2025-04-06 13:43:32,,,,,,,,,,,,
2025-04-06 13:44:32,,,,,,,,,,,,
2025-04-06 13:45:32,,,,,,,,,,,,
2025-04-06 13:46:32,,,,,,,,,,,,
2025-04-06 13:47:32,,,,,,,,,,,,
2025-04-06 13:48:32,,,,,,,,,,,,
2025-04-06 13:49:32,,,,,,,,,,,,
2025-04-06 13:50:32,,,,,,,,,,,,
2025-04-06 13:51:32,,,,,,,,,,,,
2025-04-06 13:52:32,,,,,,,,,,,,
2025-04-06 13:53:32,,,,,,,,,,,,
2025-04-06 13:54:32,,,,,,,,,,,,
2025-04-06 13:55:32,,,,,,,,,,,,
2025-04-06 13:56:32,,,,,,,,,,,,
2025-04-06 13:57:32,,,,,,,,,,,,
2025-04-06 13:58:32,,,,,,,,,,,,
2025-04-06 13:59:32,,,,,,,,,,,,
2025-04-06 14:00:32,,,,,,,,,,,,
2025-04-06 14:01:32,,,,,,,,,,,,
2025-04-06 14:02:32,,,,,,,,,,,,
2025-04-06 14:03:32,,,,,,,,,,,,
2025-04-06 14:04:32,,,,,,,,,,,,
2025-04-06 14:05:32,,,,,,,,,,,,
2025-04-06 14:06:32,,,,,,,,,,,,
2025-04-06 14:07:32,,,,,,,,,,,,
2025-04-06 14:08:32,,,,,,,,,,,,
2025-04-06 14:09:32,,,,,,,,,,,,
2025-04-06 14:10:32,,,,,,,,,,,,
2025-04-06 14:11:32,,,,,,,,,,,,
2025-04-06 14:12:32,,,,,,,,,,,,
2025-04-06 14:13:32,,,,,,,,,,,,
2025-04-06 14:14:32,,,,,,,,,,,,
2025-04-06 14:15:32,,,,,,,,,,,,
2025-04-06 14:16:32,,,,,,,,,,,,
2025-04-06 14:17:32,,,,,,,,,,,,
2025-04-06 14:18:32,,,,,,,,,,,,
2025-04-06 14:19:32,,,,,,,,,,,,
2025-04-06 14:20:32,,,,,,,,,,,,
2025-04-06 14:21:32,,,,,,,,,,,,
2025-04-06 14:22:32,,,,,,,,,,,,
2025-04-06 14:23:32,,,,,,,,,,,,
2025-04-06 14:24:32,,,,,,,,,,,,
2025-04-06 14:25:32,,,,,,,,,,,,
2025-04-06 14:26:32,,,,,,,,,,,,
2025-04-06 14:27:32,,,,,,,,,,,,
2025-04-06 14:28:32,,,,,,,,,,,,
2025-04-06 14:29:32,,,,,,,,,,,,
2025-04-06 14:30:32,,,,,,,,,,,,
2025-04-06 14:31:32,,,,,,,,,,,,
2025-04-06 14:32:32,,,,,,,,,,,,
2025-04-06 14:33:32,,,,,,,,,,,,
2025-04-06 14:34:32,,,,,,,,,,,,
2025-04-06 14:35:32,,,,,,,,,,,,
2025-04-06 14:36:32,,,,,,,,,,,,
2025-04-06 14:37:32,,,,,,,,,,,,
2025-04-06 14:38:32,,,,,,,,,,,,
2025-04-06 14:39:32,,,,,,,,,,,,
2025-04-06 14:40:32,,,,,,,,,,,,
2025-04-06 14:41:32,,,,,,,,,,,,
2025-04-06 14:42:32,,,,,,,,,,,,
2025-04-06 14:43:32,,,,,,,,,,,,
2025-04-06 14:44:32,,,,,,,,,,,,
2025-04-06 14:45:32,,,,,,,,,,,,
2025-04-06 14:46:32,,,,,,,,,,,,
2025-04-06 14:47:32,,,,,,,,,,,,
2025-04-06 14:48:32,,,,,,,,,,,,
2025-04-06 14:49:32,,,,,,,,,,,,
2025-04-06 14:50:32,,,,,,,,,,,,
2025-04-06 14:51:32,,,,,,,,,,,,
2025-04-06 14:52:32,,,,,,,,,,,,
2025-04-06 14:53:32,,,,,,,,,,,,
2025-04-06 14:54:32,,,,,,,,,,,,
2025-04-06 14:55:32,,,,,,,,,,,,
2025-04-06 14:56:32,,,,,,,,,,,,
2025-04-06 14:57:32,,,,,,,,,,,,
2025-04-06 14:58:32,,,,,,,,,,,,
2025-04-06 14:59:32,,,,,,,,,,,,
2025-04-06 15:00:32,,,,,,,,,,,,
2025-04-06 15:01:32,,,,,,,,,,,,
2025-04-06 15:02:32,,,,,,,,,,,,
2025-04-06 15:03:32,,,,,,,,,,,,
2025-04-06 15:04:32,,,,,,,,,,,,
2025-04-06 15:05:32,,,,,,,,,,,,
2025-04-06 15:06:32,,,,,,,,,,,,
2025-04-06 15:07:32,,,,,,,,,,,,
2025-04-06 15:08:32,,,,,,,,,,,,
2025-04-06 15:09:32,,,,,,,,,,,,
2025-04-06 15:10:32,,,,,,,,,,,,
2025-04-06 15:11:32,,,,,,,,,,,,
2025-04-06 15:12:32,,,,,,,,,,,,
2025-04-06 15:13:32,,,,,,,,,,,,
2025-04-06 15:14:32,,,,,,,,,,,,
2025-04-06 15:15:32,,,,,,,,,,,,
2025-04-06 15:16:32,,,,,,,,,,,,
2025-04-06 15:17:32,,,,,,,,,,,,
2025-04-06 15:18:32,,,,,,,,,,,,
2025-04-06 15:19:32,,,,,,,,,,,,
2025-04-06 15:20:32,,,,,,,,,,,,
2025-04-06 15:21:32,,,,,,,,,,,,
2025-04-06 15:22:32,,,,,,,,,,,,
2025-04-06 15:23:32,,,,,,,,,,,,
2025-04-06 15:24:32,,,,,,,,,,,,
2025-04-06 15:25:32,,,,,,,,,,,,
2025-04-06 15:26:32,,,,,,,,,,,,
2025-04-06 15:27:32,,,,,,,,,,,,
2025-04-06 15:28:32,,,,,,,,,,,,
2025-04-06 15:29:32,,,,,,,,,,,,
2025-04-06 15:30:32,,,,,,,,,,,,
2025-04-06 15:31:32,,,,,,,,,,,,
2025-04-06 15:32:32,,,,,,,,,,,,
2025-04-06 15:33:32,,,,,,,,,,,,
2025-04-06 15:34:32,,,,,,,,,,,,
2025-04-06 15:35:32,,,,,,,,,,,,
2025-04-06 15:36:32,,,,,,,,,,,,
2025-04-06 15:37:32,,,,,,,,,,,,
2025-04-06 15:38:32,,,,,,,,,,,,
2025-04-06 15:39:32,,,,,,,,,,,,
2025-04-06 15:40:32,,,,,,,,,,,,
2025-04-06 15:41:32,,,,,,,,,,,,
2025-04-06 15:42:32,,,,,,,,,,,,
2025-04-06 15:43:32,,,,,,,,,,,,
2025-04-06 15:44:32,,,,,,,,,,,,
2025-04-06 15:45:32,,,,,,,,,,,,
2025-04-06 15:46:32,,,,,,,,,,,,
2025-04-06 15:47:32,,,,,,,,,,,,
2025-04-06 15:48:32,,,,,,,,,,,,
2025-04-06 15:49:32,,,,,,,,,,,,
2025-04-06 15:50:32,,,,,,,,,,,,
2025-04-06 15:51:32,,,,,,,,,,,,
2025-04-06 15:52:32,,,,,,,,,,,,
2025-04-06 15:53:32,,,,,,,,,,,,
2025-04-06 15:54:32,,,,,,,,,,,,
2025-04-06 15:55:32,,,,,,,,,,,,
2025-04-06 15:56:32,,,,,,,,,,,,
2025-04-06 15:57:32,,,,,,,,,,,,
2025-04-06 15:58:32,,,,,,,,,,,,
2025-04-06 15:59:32,,,,,,,,,,,,
2025-04-06 16:00:32,,,,,,,,,,,,
2025-04-06 16:01:32,,,,,,,,,,,,
2025-04-06 16:02:32,,,,,,,,,,,,
2025-04-06 16:03:32,,,,,,,,,,,,
2025-04-06 16:04:32,,,,,,,,,,,,
2025-04-06 16:05:32,,,,,,,,,,,,
2025-04-06 16:06:32,,,,,,,,,,,,
2025-04-06 16:07:32,,,,,,,,,,,,
2025-04-06 16:08:32,,,,,,,,,,,,
2025-04-06 16:09:32,,,,,,,,,,,,
2025-04-06 16:10:32,,,,,,,,,,,,
2025-04-06 16:11:32,,,,,,,,,,,,
2025-04-06 16:12:32,,,,,,,,,,,,
2025-04-06 16:13:32,,,,,,,,,,,,
2025-04-06 16:14:32,,,,,,,,,,,,
2025-04-06 16:15:32,,,,,,,,,,,,
2025-04-06 16:16:32,,,,,,,,,,,,
2025-04-06 16:17:32,,,,,,,,,,,,
2025-04-06 16:18:32,,,,,,,,,,,,
2025-04-06 16:19:32,,,,,,,,,,,,
2025-04-06 16:20:32,,,,,,,,,,,,
2025-04-06 16:21:32,,,,,,,,,,,,
2025-04-06 16:22:32,,,,,,,,,,,,
2025-04-06 16:23:32,,,,,,,,,,,,
2025-04-06 16:24:32,,,,,,,,,,,,
2025-04-06 16:25:32,,,,,,,,,,,,
2025-04-06 16:26:32,,,,,,,,,,,,
2025-04-06 16:27:32,,,,,,,,,,,,
2025-04-06 16:28:32,,,,,,,,,,,,
2025-04-06 16:29:32,,,,,,,,,,,,
2025-04-06 16:30:32,,,,,,,,,,,,
2025-04-06 16:31:32,,,,,,,,,,,,
2025-04-06 16:32:32,,,,,,,,,,,,
2025-04-06 16:33:32,,,,,,,,,,,,
2025-04-06 16:34:32,,,,,,,,,,,,
2025-04-06 16:35:32,,,,,,,,,,,,
2025-04-06 16:36:32,,,,,,,,,,,,
2025-04-06 16:37:32,,,,,,,,,,,,
2025-04-06 16:38:32,,,,,,,,,,,,
2025-04-06 16:39:32,,,,,,,,,,,,
2025-04-06 16:40:32,,,,,,,,,,,,
2025-04-06 16:41:32,,,,,,,,,,,,
2025-04-06 16:42:32,,,,,,,,,,,,
2025-04-06 16:43:32,,,,,,,,,,,,
2025-04-06 16:44:32,,,,,,,,,,,,
2025-04-06 16:45:32,,,,,,,,,,,,
2025-04-06 16:46:32,,,,,,,,,,,,
2025-04-06 16:47:32,,,,,,,,,,,,
2025-04-06 16:48:32,,,,,,,,,,,,
2025-04-06 16:49:32,,,,,,,,,,,,
2025-04-06 16:50:32,,,,,,,,,,,,
2025-04-06 16:51:32,,,,,,,,,,,,
2025-04-06 16:52:32,,,,,,,,,,,,
2025-04-06 16:53:32,,,,,,,,,,,,
2025-04-06 16:54:32,,,,,,,,,,,,
2025-04-06 16:55:32,,,,,,,,,,,,
2025-04-06 16:56:32,,,,,,,,,,,,
2025-04-06 16:57:32,,,,,,,,,,,,
2025-04-06 16:58:32,,,,,,,,,,,,
2025-04-06 16:59:32,,,,,,,,,,,,
2025-04-06 17:00:32,,858.451,1.8900000000000001,22.7115,17.868,568.9,13.4,81.3,3.13,3.8,11.35,3.0261808979139673
2025-04-06 17:01:32,,863.0380000000001,1.8900000000000001,22.218,17.904,568.06,13.4,81.2,3.58,4.56,8.09,3.0238722141901144
2025-04-06 17:02:32,,876.975,1.8900000000000001,21.9975,18.48,566.37,13.4,80.7,3.31,4.34,10.46,3.0233967391769276
2025-04-06 17:03:32,,864.908,1.8900000000000001,21.504,19.032,565.65,13.3,80.4,3.38,4.15,9.3,3.0175928879902285
2025-04-06 17:04:32,,857.5270000000002,1.8900000000000001,22.491000000000003,18.528,567.22,13.3,80.6,3.5,4.7,9.8,3.0308712951357393
2025-04-06 17:05:32,,859.4630000000001,1.8900000000000001,21.724500000000003,17.52,566.13,13.3,81.0,3.05,4.14,17.65,3.0156762261449885
2025-04-06 17:06:32,,862.8620000000001,1.8900000000000001,22.732499999999998,19.848,570.11,13.3,80.7,2.63,3.29,21.67,3.028761782868564
2025-04-06 17:07:32,,856.6030000000001,1.8900000000000001,21.966,17.46,571.07,13.3,81.2,3.13,4.38,10.59,3.0212228353560393
2025-04-06 17:08:32,,861.4870000000001,1.8900000000000001,23.205000000000002,17.892,570.59,13.3,81.3,3.53,4.37,19.77,3.029565149208811
2025-04-06 17:09:32,,867.13,1.8900000000000001,23.436,16.896,572.76,13.3,81.6,3.9,5.02,14.36,3.0360692346044384
2025-04-06 17:10:32,,866.9320000000001,1.8900000000000001,21.4935,18.947999999999997,569.99,13.3,80.7,3.33,4.52,10.04,3.033904499777298
2025-04-06 17:11:32,,865.48,1.8900000000000001,22.701,17.856,568.9,13.3,81.4,3.15,3.93,6.48,3.0336415597069615
2025-04-06 17:12:32,,863.1370000000001,1.8900000000000001,22.197000000000003,17.376,570.59,13.3,81.5,3.35,4.54,12.73,3.0303850583175587
2025-04-06 17:13:32,,857.5380000000001,1.8900000000000001,22.218,18.432,567.34,13.2,81.0,3.28,4.51,13.26,3.0315541942848063
2025-04-06 17:14:32,,858.5060000000001,1.8900000000000001,22.942500000000003,18.756,569.99,13.2,81.5,3.18,4.25,14.43,3.0370049650840993
2025-04-06 17:15:32,,867.8340000000002,1.8900000000000001,23.183999999999997,16.884,569.87,13.2,81.7,2.71,3.78,13.33,3.035584675191374
2025-04-06 17:16:32,,873.466,1.8900000000000001,22.417500000000004,18.168,575.29,13.2,82.0,3.28,4.49,10.24,3.036378868466023
2025-04-06 17:17:32,,859.1,1.8900000000000001,22.921499999999998,17.291999999999998,575.05,13.2,81.9,3.34,4.64,14.29,3.0373297235616024
2025-04-06 17:18:32,,860.8270000000001,1.971,22.6695,17.268,575.29,13.2,82.0,3.09,4.37,8.41,3.036315163918275
2025-04-06 17:19:32,,860.1560000000001,1.8900000000000001,22.932000000000002,17.796,570.71,13.2,81.7,3.49,4.54,12.83,3.0382983186520183
2025-04-06 17:20:32,,854.205,1.8900000000000001,22.428,18.684,571.91,13.2,81.8,3.45,4.63,18.38,3.0404486260794137
2025-04-06 17:21:32,,865.4580000000001,1.8900000000000001,22.428,19.176,569.87,13.1,81.7,3.78,5.16,9.23,3.0446999853601193
2025-04-06 17:22:32,,861.5310000000001,1.8900000000000001,22.407,18.168,569.75,13.1,82.1,3.07,4.17,15.48,3.0441988079109197
2025-04-06 17:23:32,,864.908,1.971,22.89,17.628,570.47,13.1,82.4,2.88,4.26,25.49,3.044461051304352
2025-04-06 17:24:32,,856.7240000000002,1.8900000000000001,22.1655,18.672,568.54,13.1,81.9,3.54,4.43,16.44,3.0447236476617032
2025-04-06 17:25:32,,857.1750000000001,1.8900000000000001,22.1655,18.672,568.3,13.1,81.9,3.76,4.76,11.4,3.045561677135083
2025-04-06 17:26:32,,860.475,1.971,22.155,17.195999999999998,570.83,13.1,82.3,3.63,4.68,9.89,3.0433151143368127
2025-04-06 17:27:32,,861.2230000000001,1.971,23.142,18.516,571.07,13.1,82.5,3.68,5.08,19.93,3.047367921503751
2025-04-06 17:28:32,,865.205,1.971,23.3835,17.58,567.58,13.1,82.6,3.5,4.51,7.74,3.049247318689492
2025-04-06 17:29:32,,858.5280000000001,1.971,22.8585,17.976,572.15,13.0,82.9,3.69,5.02,9.2,3.0509928245591005
2025-04-06 17:30:32,,862.5210000000001,1.917,23.604000000000003,16.116,575.05,13.0,83.0,3.51,4.67,9.45,3.05102164108457
2025-04-06 17:31:32,,861.6960000000001,1.971,22.8585,16.608,574.32,13.0,82.9,3.06,4.05,18.88,3.0489513222323397
2025-04-06 17:32:32,,864.0280000000001,1.971,23.3625,17.543999999999997,575.17,13.0,82.8,3.41,4.89,10.08,3.050984297562385
2025-04-06 17:33:32,,865.0070000000001,1.971,23.121000000000002,17.568,571.19,13.0,82.7,2.83,4.02,19.88,3.0511270182267314
2025-04-06 17:34:32,,867.0310000000001,1.917,23.604000000000003,17.496,576.25,13.0,83.0,3.31,4.36,16.93,3.05278898497858
2025-04-06 17:35:32,,868.087,1.971,22.617,17.543999999999997,573.36,13.0,82.8,3.95,5.01,8.11,3.052933615524816
2025-04-06 17:36:32,,863.7310000000001,1.971,22.8795,17.592,573.48,13.0,82.6,4.07,5.2,7.33,3.0539850597847438
2025-04-06 17:37:32,,866.2060000000001,1.971,23.110500000000002,16.139999999999997,573.6,13.0,82.9,4.38,5.68,9.23,3.0541011964582694
2025-04-06 17:38:32,,867.0310000000001,2.1510000000000002,22.8585,17.496,575.17,13.0,83.0,3.28,4.47,7.72,3.054016074090632
2025-04-06 17:39:32,,865.1060000000001,1.917,23.1,17.964,572.88,12.9,83.0,3.34,4.56,11.75,3.055166472546935
2025-04-06 17:40:32,,867.658,2.1510000000000002,23.5935,16.535999999999998,573.96,12.9,83.2,3.54,4.68,13.57,3.0556105834777862
2025-04-06 17:41:32,,860.354,2.1510000000000002,22.344,16.968,573.96,12.9,83.3,3.08,4.11,14.33,3.053391594691778
2025-04-06 17:42:32,,861.0250000000001,2.1510000000000002,23.824500000000004,16.896,574.68,12.9,83.6,3.55,4.88,11.0,3.054970005149862
2025-04-06 17:43:32,,864.105,2.1510000000000002,23.0685,15.947999999999999,572.88,12.9,83.7,3.43,4.51,20.93,3.0534911975079435
2025-04-06 17:44:32,,864.798,2.1510000000000002,23.079,16.488,575.53,12.9,83.4,3.34,4.55,17.34,3.0527653500797127
2025-04-06 17:45:32,,867.0530000000001,2.1510000000000002,23.583000000000002,16.032,575.05,12.9,83.4,3.57,4.66,13.95,3.052602533079489
2025-04-06 17:46:32,,863.808,2.1510000000000002,23.331,16.464,577.82,12.9,83.5,3.51,4.66,18.12,3.0524677899816557
2025-04-06 17:47:32,,865.0290000000001,1.917,23.1,17.028,572.4,12.9,83.1,3.92,5.25,17.82,3.05311690028413
2025-04-06 17:48:32,,864.8750000000001,2.1510000000000002,23.331,16.512,575.77,12.9,83.3,3.68,4.69,12.76,3.053056997767273
2025-04-06 17:49:32,,864.4240000000001,2.1510000000000002,23.835,16.056,574.2,12.9,83.3,3.61,4.84,16.95,3.053526055326349
2025-04-06 17:50:32,,867.5810000000001,2.1510000000000002,23.583000000000002,16.056,575.65,12.9,83.3,3.27,4.37,7.18,3.053122150355384
2025-04-06 17:51:32,,861.8720000000001,1.917,22.596,16.56,572.88,12.9,83.1,3.73,4.93,13.01,3.0521228695556313
2025-04-06 17:52:32,,861.1790000000001,2.1510000000000002,23.331,16.944,573.84,12.9,83.4,3.37,4.64,7.92,3.052466910351206
2025-04-06 17:53:32,,863.3570000000001,2.1510000000000002,23.824500000000004,16.464,574.8,12.9,83.5,3.26,4.4,11.28,3.0529070832699396
2025-04-06 17:54:32,,857.1750000000001,2.1510000000000002,24.549,15.431999999999999,575.29,12.9,83.9,3.17,4.19,5.66,3.053299509297596
2025-04-06 17:55:32,,864.633,2.1510000000000002,22.826999999999998,16.427999999999997,572.15,12.9,83.6,3.38,4.49,7.81,3.0522292841739236
2025-04-06 17:56:32,,864.9300000000001,2.1510000000000002,23.31,16.38,578.78,12.9,83.8,3.26,4.39,17.23,3.051794345503716
2025-04-06 17:57:32,,866.976,2.1510000000000002,23.079,15.995999999999999,575.77,12.9,83.5,3.35,4.39,9.12,3.050689079920749
2025-04-06 17:58:32,,869.2310000000001,2.1510000000000002,22.585500000000003,16.464,576.73,12.9,83.5,3.54,5.13,11.06,3.049908716836661
2025-04-06 17:59:32,,865.546,2.1510000000000002,23.5725,15.972,574.92,12.9,83.6,2.7,3.59,15.26,3.048927871443678
2025-04-06 18:00:32,,858.616,2.1510000000000002,23.0685,16.38,577.45,12.9,83.8,3.05,4.33,9.42,3.0481912175731893
2025-04-06 18:01:32,,883.366,2.205,24.3075,14.975999999999999,578.06,12.9,83.9,2.6,3.53,8.89,3.0473999532869382
2025-04-06 18:02:32,,871.4090000000001,2.1510000000000002,22.826999999999998,15.515999999999998,577.7,12.9,83.6,3.01,4.08,6.88,3.0454824870976065
2025-04-06 18:03:32,,864.5560000000002,2.1510000000000002,23.0685,15.947999999999999,575.17,12.9,83.7,2.86,3.79,6.9,3.0440864905778144
2025-04-06 18:04:32,,866.283,2.1510000000000002,22.8165,15.456,577.82,12.9,83.8,3.12,4.26,7.51,3.0423470892226
2025-04-06 18:05:32,,861.85,2.1510000000000002,22.575,16.86,578.42,12.9,83.7,2.82,3.76,7.83,3.0411008841571334
2025-04-06 18:06:32,,866.129,2.1510000000000002,23.5515,15.408,581.19,12.9,84.0,2.99,4.07,17.45,3.040224843223108
2025-04-06 18:07:32,,869.825,2.1510000000000002,23.058000000000003,14.975999999999999,578.9,12.9,83.9,2.71,3.44,8.13,3.037988684781253
2025-04-06 18:08:32,,859.7270000000001,2.1510000000000002,24.044999999999998,15.384,580.47,12.9,84.1,2.78,3.71,5.83,3.0375313029309527
2025-04-06 18:09:32,,866.503,2.1510000000000002,23.299500000000002,14.004,583.48,12.9,84.1,2.52,3.59,7.3,3.03506930248099
2025-04-06 18:10:32,,872.058,2.1510000000000002,24.528,13.427999999999999,585.16,12.9,84.5,2.67,3.89,7.7,3.033930624433369
2025-04-06 18:11:32,,886.8090000000001,2.1510000000000002,23.772000000000002,14.292,583.12,12.9,84.7,2.95,3.98,14.85,3.032610491820272
2025-04-06 18:12:32,,881.826,2.1510000000000002,23.793000000000003,13.931999999999999,584.2,13.0,84.3,2.75,4.03,6.25,3.0311263305110576
2025-04-06 18:13:32,,871.673,2.1510000000000002,23.31,13.547999999999998,583.84,13.0,84.0,2.75,3.68,5.45,3.0286323012489285
2025-04-06 18:14:32,,868.0540000000001,2.1510000000000002,23.562,13.547999999999998,584.44,13.0,84.0,2.99,3.9,7.87,3.026629586089577
2025-04-06 18:15:32,,869.033,2.1510000000000002,23.320500000000003,14.04,582.63,13.0,83.9,2.85,3.6,9.56,3.024560185398001
2025-04-06 18:16:32,,867.7460000000001,2.1510000000000002,24.538500000000003,13.44,586.97,13.0,84.4,2.68,3.6,14.99,3.0234901771540055
2025-04-06 18:17:32,,868.6700000000001,2.1510000000000002,22.323000000000004,15.443999999999999,579.14,13.0,83.8,2.63,3.47,4.5,3.021281075470629
2025-04-06 18:18:32,,871.9810000000001,2.1510000000000002,23.079,15.035999999999998,583.48,13.0,83.6,2.83,3.5,10.23,3.019694335210782
2025-04-06 18:19:32,,863.4780000000001,2.1510000000000002,22.837500000000002,15.072,578.66,13.0,83.5,2.77,3.45,6.21,3.017883457046673
2025-04-06 18:20:32,,866.558,2.1510000000000002,22.837500000000002,15.035999999999998,578.54,13.0,83.6,2.63,3.3,6.2,3.016007252001522
2025-04-06 18:21:32,,857.8240000000001,2.1510000000000002,23.0685,14.988,579.98,13.0,83.8,2.64,3.48,21.48,3.014490038965397
2025-04-06 18:22:32,,864.3030000000001,2.1510000000000002,22.3335,15.035999999999998,581.79,13.0,83.6,2.64,3.37,12.57,3.012220687049141
2025-04-06 18:23:32,,864.171,2.1510000000000002,22.3545,16.068,578.06,13.0,83.2,2.45,3.04,5.84,3.010482468159761
2025-04-06 18:24:32,,862.576,2.1510000000000002,22.837500000000002,14.604,578.54,13.0,83.5,2.29,2.97,6.16,3.0083347195729195
2025-04-06 18:25:32,,865.6560000000001,2.1510000000000002,23.331,14.123999999999999,577.57,13.0,83.6,2.53,3.37,5.83,3.0066547258946024
2025-04-06 18:26:32,,866.4810000000001,2.1510000000000002,22.575,15.011999999999999,580.71,13.0,83.7,2.64,3.5,19.73,3.004872759530733
2025-04-06 18:27:32,,859.3420000000001,2.1510000000000002,22.837500000000002,14.58,578.06,13.0,83.6,2.45,3.15,6.99,3.002943805967166
2025-04-06 18:28:32,,874.2360000000001,2.1510000000000002,22.3335,15.504,581.07,13.0,83.6,2.46,2.97,10.5,3.0010203149219423
2025-04-06 18:29:32,,867.6250000000001,2.1510000000000002,22.596,15.096,576.61,13.0,83.4,2.31,2.72,5.77,2.999022281033475
2025-04-06 18:30:32,,864.908,2.1510000000000002,22.344,14.639999999999999,578.3,13.0,83.4,2.32,3.12,6.13,2.996776771289814
2025-04-06 18:31:32,,861.366,2.1510000000000002,23.320500000000003,14.495999999999999,581.67,13.0,83.9,2.14,2.77,6.6,2.995226943700686
2025-04-06 18:32:32,,867.6800000000001,2.1510000000000002,23.0685,14.495999999999999,581.55,13.0,83.9,2.4,3.23,4.92,2.9937110302528613
2025-04-06 18:33:32,,865.3480000000001,2.1510000000000002,23.31,13.547999999999998,579.26,13.0,84.0,2.05,2.73,10.58,2.991671954901665
2025-04-06 18:34:32,,865.3480000000001,2.1510000000000002,22.8165,13.092,582.27,13.0,84.0,2.57,3.33,5.45,2.9892782912177345
2025-04-06 18:35:32,,870.3750000000001,2.1510000000000002,23.541000000000004,12.947999999999999,581.43,13.0,84.5,2.6,3.56,13.1,2.987613639542406
2025-04-06 18:36:32,,867.229,2.1510000000000002,22.575,14.495999999999999,582.39,13.0,83.9,2.56,3.22,18.45,2.9857992626716303
2025-04-06 18:37:32,,865.128,2.1510000000000002,22.575,14.556000000000001,581.67,13.0,83.7,2.29,3.04,15.07,2.9839676375352613
2025-04-06 18:38:32,,863.544,2.1510000000000002,23.562,12.636,583.72,13.0,84.0,2.42,3.22,6.33,2.9820999694960846
2025-04-06 18:39:32,,866.1070000000001,2.1510000000000002,22.837500000000002,14.58,579.98,13.0,83.6,2.79,3.59,10.29,2.980836853768666
2025-04-06 18:40:32,,869.572,2.1510000000000002,23.5725,13.607999999999999,578.18,13.0,83.8,2.89,3.4,13.31,2.9796310050879296
2025-04-06 18:41:32,,866.558,2.1510000000000002,23.079,13.2,582.99,13.0,83.6,2.92,3.74,11.3,2.97798348087914
2025-04-06 18:42:32,,862.4990000000001,2.1510000000000002,23.079,13.668000000000001,579.62,13.0,83.6,2.42,3.23,5.79,2.9763723100181823
2025-04-06 18:43:32,,860.6950000000002,2.1510000000000002,22.3335,14.58,578.9,13.0,83.6,2.96,3.65,14.24,2.9748258925206867
2025-04-06 18:44:32,,873.1030000000001,2.1510000000000002,23.562,13.116,579.74,13.0,83.9,2.78,3.78,12.31,2.9736405066518437
2025-04-06 18:45:32,,867.1520000000002,2.1510000000000002,23.0685,13.092,579.5,13.0,84.0,2.52,3.24,7.3,2.9718288959711017
2025-04-06 18:46:32,,865.5020000000002,2.1510000000000002,23.5725,13.607999999999999,582.63,13.0,83.8,2.5,3.36,8.87,2.97075742324039
2025-04-06 18:47:32,,863.7750000000001,2.1510000000000002,23.5725,14.556000000000001,583.72,13.0,83.7,2.73,3.26,4.47,2.9701195362060853
2025-04-06 18:48:32,,865.7330000000001,2.1510000000000002,22.092,15.072,580.1,13.0,83.5,2.56,3.49,11.98,2.968678367724695
2025-04-06 18:49:32,,864.226,2.1510000000000002,22.575,14.1,580.22,13.0,83.7,2.53,3.38,5.04,2.9671314491767373
2025-04-06 18:50:32,,865.205,2.1510000000000002,23.331,13.668000000000001,581.55,13.0,83.6,2.75,3.46,9.76,2.9660254741646734
2025-04-06 18:51:32,,868.6700000000001,2.1510000000000002,23.814,12.684,584.56,13.0,83.8,2.58,3.35,4.84,2.964804094139692
2025-04-06 18:52:32,,866.1950000000002,2.1510000000000002,22.585500000000003,13.692,575.65,13.0,83.5,2.87,3.65,7.0,2.9632645691106085
2025-04-06 18:53:32,,866.03,2.1510000000000002,23.079,13.632,582.51,13.0,83.7,2.96,3.58,6.01,2.9620657285300402
2025-04-06 18:54:32,,866.1070000000001,2.1510000000000002,22.585500000000003,13.2,580.22,13.0,83.6,2.78,3.37,13.34,2.960239770343316
2025-04-06 18:55:32,,866.7780000000001,2.1510000000000002,23.320500000000003,13.116,578.54,13.0,83.9,2.94,3.7,8.82,2.9590824654914503
2025-04-06 18:56:32,,862.796,2.1510000000000002,23.320500000000003,13.152000000000001,580.22,13.0,83.8,2.94,3.54,6.2,2.9578968222278608
2025-04-06 18:57:32,,865.128,2.1510000000000002,22.575,14.1,581.19,13.0,83.7,2.75,3.73,11.53,2.9566853976495815
2025-04-06 18:58:32,,880.6270000000002,2.1510000000000002,23.31,13.524,580.95,13.0,84.1,3.03,3.91,8.32,2.9558409847732072
2025-04-06 18:59:32,,881.155,2.1510000000000002,23.562,12.636,582.27,13.0,84.0,2.85,3.62,12.93,2.954691343704518
2025-04-06 19:00:32,,876.337,2.1510000000000002,22.323000000000004,14.064,581.07,13.0,83.8,2.44,3.33,10.18,2.9531879249294044
2025-04-06 19:01:32,,864.1490000000001,2.1510000000000002,23.320500000000003,13.607999999999999,580.1,13.0,83.8,2.44,3.18,10.54,2.9521554453453533
2025-04-06 19:02:32,,867.075,2.1510000000000002,23.058000000000003,13.524,583.36,13.0,84.1,2.4,3.27,6.57,2.950956180892822
2025-04-06 19:03:32,,867.229,2.1510000000000002,22.8165,13.116,579.86,13.0,83.9,2.46,3.23,12.81,2.949423385974438
2025-04-06 19:04:32,,866.7780000000001,2.1510000000000002,22.8165,13.584,579.62,13.0,83.9,2.4,3.25,9.84,2.948117597657007
2025-04-06 19:05:32,,864.523,2.1510000000000002,22.8165,13.116,581.91,13.0,83.9,2.35,3.55,7.63,2.9467508417058994
2025-04-06 19:06:32,,868.6700000000001,2.1510000000000002,22.575,13.152000000000001,581.67,13.0,83.8,2.52,3.19,5.69,2.945124909647549
2025-04-06 19:07:32,,861.9710000000001,2.1510000000000002,23.079,13.632,577.21,13.0,83.7,2.59,3.46,4.68,2.9441550646934167
2025-04-06 19:08:32,,864.38,2.1510000000000002,22.837500000000002,14.604,579.02,13.0,83.5,2.82,3.57,5.68,2.9434726617061364
2025-04-06 19:09:32,,866.4810000000001,2.1510000000000002,23.079,13.176,577.82,13.0,83.7,2.74,3.56,7.28,2.9423839004569237
2025-04-06 19:10:32,,865.9530000000001,2.1510000000000002,23.0685,12.228,581.79,13.0,83.8,2.39,3.34,12.97,2.940849318701857
2025-04-06 19:11:32,,859.9250000000001,2.1510000000000002,23.31,12.168000000000001,582.27,13.0,84.0,2.91,3.86,12.67,2.939655488414687
2025-04-06 19:12:32,,866.7780000000001,2.1510000000000002,23.562,13.584,583.12,13.0,83.9,3.26,4.22,6.98,2.9393228732260046
2025-04-06 19:13:32,,864.523,2.1510000000000002,23.0685,12.66,582.27,13.0,83.9,2.97,3.87,9.35,2.9381989687145174
2025-04-06 19:14:32,,865.4250000000001,2.1510000000000002,23.814,11.28,582.63,13.0,83.9,2.55,3.32,6.73,2.936840183511232
2025-04-06 19:15:32,,864.4460000000001,2.1510000000000002,24.3075,11.256,583.24,13.0,84.0,2.58,3.53,14.77,2.935874722458461
2025-04-06 19:16:32,,872.421,2.1510000000000002,23.803500000000003,11.196,585.16,13.0,84.2,2.65,3.43,12.63,2.9345519992059304
2025-04-06 19:17:32,,877.0850000000002,2.1510000000000002,23.0685,11.712,585.52,13.0,84.0,2.68,3.63,9.65,2.9330560536564234
2025-04-06 19:18:32,,872.6520000000002,2.1510000000000002,23.562,12.203999999999999,579.98,13.0,83.9,2.26,3.26,11.94,2.931944415805102
2025-04-06 19:19:32,,869.9460000000001,2.1510000000000002,23.562,11.748,582.63,13.0,83.9,2.38,3.14,16.62,2.930638882728734
2025-04-06 19:20:32,,870.2320000000001,2.1510000000000002,23.31,11.688,583.36,13.0,84.1,2.42,3.18,6.84,2.9291903303058513
2025-04-06 19:21:32,,870.3200000000002,2.1510000000000002,23.814,11.256,580.22,13.0,84.0,2.39,3.18,7.91,2.927907091448924
2025-04-06 19:22:32,,865.051,2.1510000000000002,23.0685,12.228,584.08,13.0,83.8,2.45,3.5,10.43,2.926655221572807
2025-04-06 19:23:32,,872.2780000000001,2.1510000000000002,22.575,12.228,583.72,13.0,83.8,2.62,3.69,10.2,2.9251898209737366
2025-04-06 19:24:32,,867.7570000000001,2.1510000000000002,22.575,12.228,582.99,13.0,83.8,2.47,3.48,6.91,2.9236766985796674
2025-04-06 19:25:32,,866.558,2.1510000000000002,22.837500000000002,13.2,581.31,13.0,83.6,2.52,3.3,11.88,2.9226266918662103
2025-04-06 19:26:32,,868.5820000000001,2.1510000000000002,23.562,12.66,583.48,13.0,83.9,2.56,3.5,18.9,2.921884700960805
2025-04-06 19:27:32,,867.6030000000001,2.1510000000000002,22.8165,11.712,583.48,13.0,84.0,2.24,3.13,13.54,2.9202715900023204
2025-04-06 19:28:32,,874.0710000000001,2.1510000000000002,23.299500000000002,10.68,587.09,13.0,84.4,2.75,3.48,8.57,2.918706777493947
2025-04-06 19:29:32,,866.3270000000001,2.1510000000000002,22.8165,12.203999999999999,581.43,13.0,83.9,2.42,3.42,8.2,2.917397847871244
2025-04-06 19:30:32,,864.369,2.1510000000000002,22.5645,12.143999999999998,584.44,13.0,84.1,2.63,3.43,11.76,2.9159460888371664
2025-04-06 19:31:32,,864.523,2.1510000000000002,22.575,12.66,583.36,13.0,83.9,2.77,3.72,5.21,2.9147855730268146
2025-04-06 19:32:32,,862.565,2.1510000000000002,23.31,11.688,583.72,13.0,84.1,2.53,3.42,6.32,2.913628015970175
2025-04-06 19:33:32,,860.541,2.1510000000000002,22.575,12.228,584.68,13.0,83.8,2.61,3.4,8.99,2.9122541306888854
2025-04-06 19:34:32,,862.4990000000001,2.1510000000000002,21.840000000000003,12.288,582.87,13.0,83.6,2.49,3.06,17.5,2.9104100430105353
2025-04-06 19:35:32,,864.8200000000002,2.1510000000000002,22.806,11.688,583.24,13.0,84.1,2.23,2.85,10.44,2.9088553534888626
2025-04-06 19:36:32,,870.0010000000001,2.1510000000000002,22.554000000000002,11.136,586.01,13.0,84.4,2.59,3.17,13.75,2.9070959432120773
2025-04-06 19:37:32,,866.6240000000001,2.1510000000000002,22.5645,11.219999999999999,586.13,13.0,84.1,2.62,3.33,7.72,2.905439682847621
2025-04-06 19:38:32,,863.5990000000002,2.1510000000000002,23.037000000000003,11.112,586.73,13.0,84.5,2.58,3.33,13.38,2.90402283401889
2025-04-06 19:39:32,,868.8020000000001,2.1510000000000002,22.806,11.652000000000001,587.81,13.0,84.2,2.8,3.62,6.45,2.90276105686963
2025-04-06 19:40:32,,865.1940000000001,2.1510000000000002,22.3125,11.652000000000001,585.28,13.0,84.2,3.01,3.51,10.93,2.9012210049653366
2025-04-06 19:41:32,,866.547,2.1510000000000002,22.3125,10.739999999999998,587.09,13.0,84.2,2.78,3.31,19.58,2.899349037674265
2025-04-06 19:42:32,,869.0990000000002,2.1510000000000002,22.7955,10.68,586.73,13.0,84.4,2.4,3.24,7.91,2.897713940461062
2025-04-06 19:43:32,,868.3180000000001,2.1510000000000002,22.806,10.668000000000001,586.85,13.1,84.4,2.64,3.5,16.53,2.8961748415283375
2025-04-06 19:44:32,,877.58,2.1510000000000002,22.071,10.752,586.97,13.1,84.1,2.62,3.5,6.38,2.894300299143111
2025-04-06 19:45:32,,893.0130000000001,2.1510000000000002,22.575,11.243999999999998,585.89,13.1,84.0,2.83,3.45,6.63,2.892847909286566
2025-04-06 19:46:32,,891.7370000000001,2.1510000000000002,22.575,11.268,585.64,13.1,83.9,3.1,3.76,15.37,2.8915074935192746
2025-04-06 19:47:32,,884.2790000000001,2.1510000000000002,23.31,10.728,580.47,13.1,84.2,2.62,3.05,13.69,2.890191303172435
2025-04-06 19:48:32,,896.0930000000001,2.1510000000000002,22.323000000000004,10.296,586.13,13.1,84.1,2.67,3.41,5.4,2.888358592584828
2025-04-06 19:49:32,,910.3050000000001,2.1510000000000002,22.806,9.743999999999998,581.31,13.1,84.4,2.82,3.46,27.93,2.886635030521543
2025-04-06 19:50:32,,918.5990000000002,2.1510000000000002,22.5645,10.728,586.49,13.1,84.2,2.57,3.18,6.72,2.8850336410154567
2025-04-06 19:51:32,,903.3200000000002,2.1510000000000002,22.8165,9.828,585.16,13.1,84.1,2.55,3.1,5.59,2.883281933915806
2025-04-06 19:52:32,,885.566,2.1510000000000002,21.840000000000003,11.784,587.21,13.1,83.7,2.58,3.38,3.72,2.8817325557897946
2025-04-06 19:53:32,,870.551,1.971,21.3885,12.527999999999999,582.75,13.1,82.7,2.86,3.49,3.92,2.880231472850671
2025-04-06 19:54:32,,866.1840000000001,1.971,20.895,13.043999999999999,579.38,13.1,82.5,2.94,3.33,5.72,2.8786171672218623
2025-04-06 19:55:32,,859.705,1.971,22.386000000000003,13.44,579.02,13.1,82.7,2.86,3.43,4.01,2.8778887845789436
2025-04-06 19:56:32,,862.4990000000001,1.971,21.147000000000002,13.931999999999999,578.3,13.1,82.6,2.9,3.42,4.46,2.876712559307531
2025-04-06 19:57:32,,860.8710000000001,1.971,21.619500000000002,12.972,579.74,13.0,82.8,2.93,3.59,9.78,2.8755404898564425
2025-04-06 19:58:32,,858.0770000000001,1.971,22.365000000000002,11.568,581.79,13.0,82.9,2.8,3.4,6.39,2.8742793765023342
2025-04-06 19:59:32,,858.7700000000001,1.971,22.134,12.576,579.98,13.0,82.6,3.07,3.9,6.0,2.873344379827464
2025-04-06 20:00:32,,851.6200000000001,1.971,21.6405,12.6,579.74,13.0,82.5,2.61,3.05,4.88,2.871117507443493
2025-04-06 20:01:32,,852.0490000000001,2.1510000000000002,21.861,12.431999999999999,581.67,13.0,83.1,2.59,3.16,6.56,2.8690011790960748
2025-04-06 20:02:32,,855.6680000000001,2.1510000000000002,21.861,11.976,581.19,13.0,83.1,2.72,3.0,4.23,2.8667068276949004
2025-04-06 20:03:32,,851.4440000000001,2.1510000000000002,22.102500000000003,11.46,583.36,13.0,83.3,2.69,3.13,8.67,2.8645360380545495
2025-04-06 20:04:32,,854.491,2.1510000000000002,22.585500000000003,11.927999999999999,583.96,12.9,83.3,2.77,3.33,3.42,2.8623158426373996
2025-04-06 20:05:32,,859.0010000000001,1.917,22.585500000000003,11.472,585.4,12.9,83.3,2.54,3.35,3.84,2.860770249664946
2025-04-06 20:06:32,,854.1940000000001,1.917,22.102500000000003,12.9,582.99,12.9,83.1,2.38,2.76,2.98,2.858324566129811
2025-04-06 20:07:32,,852.7640000000001,1.917,22.596,11.952,581.55,12.9,83.2,2.71,3.41,6.28,2.8567785804861847
2025-04-06 20:08:32,,856.823,2.1510000000000002,21.8505,11.952,582.99,12.9,83.2,3.08,3.7,9.25,2.854243971802245
2025-04-06 20:09:32,,853.8200000000002,1.917,22.102500000000003,12.011999999999999,582.87,12.9,83.0,2.82,3.42,13.72,2.8517822319108017
2025-04-06 20:10:32,,857.2740000000001,1.917,22.344,12.876,584.44,12.9,83.2,2.51,3.36,3.7,2.8501284384591523
2025-04-06 20:11:32,,854.491,2.1510000000000002,22.344,11.472,580.22,12.9,83.3,2.61,3.17,9.15,2.8479155968961094
2025-04-06 20:12:32,,850.9490000000001,2.1510000000000002,22.344,12.876,582.51,12.9,83.2,2.5,3.16,6.94,2.846324993032488
2025-04-06 20:13:32,,853.919,1.917,22.826999999999998,12.408,582.87,12.8,83.3,2.43,3.02,3.85,2.844484531172693
2025-04-06 20:14:32,,855.8770000000002,1.971,22.344,12.0,584.68,12.8,83.1,2.63,3.3,3.78,2.8420001155133194
2025-04-06 20:15:32,,859.254,1.971,22.575,11.915999999999999,582.87,12.8,83.4,2.77,3.28,7.84,2.8401448224857777
2025-04-06 20:16:32,,855.3490000000002,1.917,22.092,12.431999999999999,580.59,12.8,83.2,2.91,3.54,4.46,2.8380848644432146
2025-04-06 20:17:32,,857.8460000000001,1.971,22.3545,13.884,582.39,12.8,82.9,2.95,3.47,5.19,2.836525814508721
2025-04-06 20:18:32,,858.4290000000001,1.917,22.826999999999998,10.572000000000001,586.97,12.8,83.3,2.95,3.36,6.07,2.834402066542046
2025-04-06 20:19:32,,852.7750000000001,1.971,23.31,11.4,582.75,12.8,83.6,2.45,3.17,8.8,2.8323759002012276
2025-04-06 20:20:32,,854.59,1.9800000000000002,23.0685,10.943999999999999,586.73,12.8,83.6,2.82,3.26,4.82,2.8300859438006136
2025-04-06 20:21:32,,860.6070000000001,1.971,22.826999999999998,11.46,585.52,12.8,83.4,2.68,3.36,8.97,2.8275762829919358
2025-04-06 20:22:32,,857.9010000000001,1.917,22.575,11.915999999999999,586.01,12.8,83.4,2.67,3.27,5.74,2.8256146688200268
2025-04-06 20:23:32,,858.3520000000001,1.971,23.320500000000003,10.991999999999999,583.72,12.8,83.4,3.0,3.63,5.1,2.8237370811175753
2025-04-06 20:24:32,,862.3450000000001,1.971,23.320500000000003,11.424,588.78,12.8,83.5,3.04,3.7,9.15,2.822000504667393
2025-04-06 20:25:32,,856.7240000000002,2.205,22.5645,10.956000000000001,586.01,12.7,83.6,2.38,3.27,10.62,2.819571826244256
2025-04-06 20:26:32,,856.647,2.205,23.299500000000002,10.92,583.48,12.7,83.7,2.93,3.46,6.42,2.8179835422692316
2025-04-06 20:27:32,,864.325,2.205,23.058000000000003,11.388,587.93,12.7,83.7,2.97,3.59,5.56,2.8154956085730776
2025-04-06 20:28:32,,860.1780000000001,2.205,22.806,10.895999999999999,590.34,12.7,83.8,2.7,3.49,4.61,2.813024257916715
2025-04-06 20:29:32,,861.4540000000001,2.205,23.541000000000004,10.404,587.21,12.7,83.9,2.64,3.37,9.28,2.810730249251039
2025-04-06 20:30:32,,861.3770000000002,2.205,23.289,10.835999999999999,590.58,12.7,84.0,2.85,3.42,8.6,2.808729321236991
2025-04-06 20:31:32,,862.73,2.205,23.541000000000004,10.835999999999999,593.11,12.7,84.0,2.62,3.2,4.33,2.807163979195854
2025-04-06 20:32:32,,861.8280000000001,2.205,23.037000000000003,9.911999999999999,592.51,12.7,84.0,2.97,3.69,4.0,2.8044915726765924
2025-04-06 20:33:32,,856.493,2.205,23.289,10.404,584.92,12.7,83.9,2.53,3.01,4.38,2.80223819774789
2025-04-06 20:34:32,,864.6990000000001,2.205,22.554000000000002,9.972,591.06,12.7,83.8,3.07,3.81,7.0,2.799422594593097
2025-04-06 20:35:32,,862.73,2.205,23.541000000000004,9.911999999999999,590.7,12.7,84.0,2.51,3.15,7.36,2.7971714299057218
2025-04-06 20:36:32,,870.254,2.205,24.024,8.94,591.91,12.7,84.2,2.99,3.61,6.76,2.794800660016771
2025-04-06 20:37:32,,860.772,2.205,24.276000000000003,8.94,591.91,12.7,84.2,2.95,3.57,4.0,2.7927238989407988
2025-04-06 20:38:32,,858.3740000000001,2.205,23.299500000000002,9.059999999999999,594.56,12.7,83.8,2.81,3.6,4.45,2.790269360240708
2025-04-06 20:39:32,,865.601,2.205,23.0475,10.44,590.7,12.7,83.8,2.61,3.24,6.94,2.7877268291894337
2025-04-06 20:40:32,,856.493,2.205,23.289,9.947999999999999,588.66,12.7,83.9,2.83,3.79,7.22,2.7854471826633125
2025-04-06 20:41:32,,865.073,2.205,22.543499999999998,10.404,591.43,12.7,83.9,2.64,3.23,4.04,2.783416346690356
2025-04-06 20:42:32,,859.3530000000001,2.205,23.5515,10.008,588.29,12.7,83.7,2.7,3.38,5.11,2.780906101955672
2025-04-06 20:43:32,,857.4720000000001,2.205,23.5515,9.972,589.5,12.7,83.8,3.11,3.81,5.12,2.7792266728465798
2025-04-06 20:44:32,,864.248,2.205,23.5515,9.516,592.15,12.7,83.8,3.07,3.76,10.32,2.777231133033763
2025-04-06 20:45:32,,863.7200000000001,2.205,23.793000000000003,9.024,590.46,12.7,83.9,2.95,3.46,4.45,2.7749937914222556
2025-04-06 20:46:32,,862.433,2.205,23.0475,9.516,594.32,12.7,83.8,2.78,3.36,5.33,2.7725135140109383
2025-04-06 20:47:32,,867.1740000000001,2.205,23.289,9.888,591.06,12.7,84.1,2.94,3.73,15.04,2.7701447734407516
2025-04-06 20:48:32,,861.3770000000002,2.205,24.0345,9.456,591.31,12.7,84.0,3.02,3.77,7.01,2.7682009157430394
2025-04-06 20:49:32,,861.5310000000001,2.205,23.793000000000003,8.592,587.09,12.7,83.8,3.21,3.83,10.04,2.765761937507596
2025-04-06 20:50:32,,865.5240000000001,2.205,23.289,9.947999999999999,591.43,12.7,83.9,3.33,3.98,5.08,2.7637566016743316
2025-04-06 20:51:32,,861.157,2.205,23.058000000000003,9.084,589.38,12.7,83.7,3.08,3.6,7.82,2.7614700918660455
2025-04-06 20:52:32,,861.9490000000001,1.9800000000000002,23.0475,10.02,588.17,12.6,83.7,3.51,4.42,7.28,2.75927844221217
2025-04-06 20:53:32,,864.655,1.9800000000000002,23.793000000000003,10.02,588.41,12.6,83.7,3.03,3.81,9.14,2.7572486595300014
2025-04-06 20:54:32,,862.323,2.205,23.541000000000004,9.528,589.38,12.6,83.8,2.75,3.37,3.85,2.75485141232112
2025-04-06 20:55:32,,874.6650000000001,1.9800000000000002,23.5515,9.588,591.18,12.6,83.6,2.97,3.66,11.64,2.753003646113045
2025-04-06 20:56:32,,903.8590000000002,2.205,23.289,9.984,590.1,12.6,83.8,3.12,3.78,6.48,2.750987605070412
2025-04-06 20:57:32,,894.1460000000001,2.205,23.5305,9.443999999999999,591.43,12.6,84.1,3.11,3.96,9.65,2.7491977381686907
2025-04-06 20:58:32,,879.615,2.205,23.52,8.484,592.39,12.6,84.2,2.83,3.54,6.76,2.746922520396066
2025-04-06 20:59:32,,868.725,2.205,22.7955,9.564,589.62,12.6,83.7,3.25,3.84,5.69,2.744768382053662
2025-04-06 21:00:32,,868.6370000000001,2.205,23.541000000000004,9.528,589.38,12.6,83.8,3.0,3.59,3.89,2.742821190897078
2025-04-06 21:01:32,,871.1120000000001,2.205,23.772000000000002,9.443999999999999,592.03,12.6,84.1,2.98,3.54,18.52,2.7409721726102845
2025-04-06 21:02:32,,873.455,2.205,23.5305,9.011999999999999,592.27,12.6,84.0,3.2,3.88,13.73,2.739375908507484
2025-04-06 21:03:32,,873.9060000000001,2.205,23.2785,9.468,592.15,12.6,84.0,3.03,3.8,16.49,2.7376070826584233
2025-04-06 21:04:32,,868.1090000000002,2.205,23.5305,9.036,588.54,12.6,83.9,3.29,4.23,6.45,2.7360844312396484
2025-04-06 21:05:32,,875.49,1.9800000000000002,22.7955,10.02,591.18,12.6,83.7,2.77,3.26,9.24,2.734083816777584
2025-04-06 21:06:32,,880.9130000000001,1.9800000000000002,23.0475,10.476,594.32,12.6,83.7,3.12,3.89,5.86,2.7323736291018363
2025-04-06 21:07:32,,868.9560000000001,1.971,22.5645,10.56,589.5,12.6,83.4,3.32,4.19,7.75,2.7310597775854077
2025-04-06 21:08:32,,870.0010000000001,1.9800000000000002,23.541000000000004,9.072,590.7,12.6,83.8,3.16,3.7,4.47,2.7289954900873115
2025-04-06 21:09:32,,871.8820000000001,1.9800000000000002,23.299500000000002,9.564,592.15,12.6,83.7,3.22,4.01,6.65,2.727823009089038
2025-04-06 21:10:32,,871.6510000000001,2.205,24.024,8.544,593.59,12.6,84.0,3.31,4.01,7.87,2.726204943119985
2025-04-06 21:11:32,,871.9590000000002,1.9800000000000002,24.538500000000003,10.043999999999999,593.35,12.6,83.6,3.33,3.94,10.68,2.7253318979212646
2025-04-06 21:12:32,,871.8050000000001,2.205,23.793000000000003,9.528,594.44,12.6,83.8,3.3,3.95,4.75,2.724039568532143
2025-04-06 21:13:32,,874.5880000000001,1.9800000000000002,24.044999999999998,9.096,591.67,12.6,83.7,3.4,4.09,5.04,2.7232099727236405
2025-04-06 21:14:32,,872.5530000000001,2.205,24.7695,8.088,596.85,12.6,84.0,3.26,4.08,9.48,2.7222537353764724
2025-04-06 21:15:32,,875.336,2.205,24.528,9.036,597.21,12.6,83.9,3.31,3.95,4.81,2.72147347240997
2025-04-06 21:16:32,,869.7040000000001,1.9800000000000002,23.793000000000003,8.664,593.71,12.6,83.6,3.32,3.82,6.16,2.71979812444948
2025-04-06 21:17:32,,870.683,1.9800000000000002,23.803500000000003,8.7,593.35,12.6,83.5,3.46,4.23,5.67,2.7187520199426154
2025-04-06 21:18:32,,869.2640000000001,1.971,23.5725,9.768,592.15,12.6,83.0,3.22,3.82,4.45,2.7175488786201263
2025-04-06 21:19:32,,868.8350000000002,1.971,24.549,9.66,591.31,12.5,83.4,3.33,4.26,5.47,2.7170100506521346
2025-04-06 21:20:32,,867.2510000000001,1.9800000000000002,24.528,7.728,593.83,12.5,83.7,3.15,3.79,8.06,2.7158305765485995
2025-04-06 21:21:32,,867.6250000000001,1.9800000000000002,24.78,8.16,596.24,12.5,83.8,3.12,3.73,7.2,2.714737141068406
2025-04-06 21:22:32,,865.436,1.9800000000000002,25.032,8.652,595.28,12.5,83.7,3.52,4.25,7.9,2.714404619985771
2025-04-06 21:23:32,,871.3100000000001,1.9800000000000002,24.2865,8.196,591.55,12.5,83.7,3.06,3.71,6.75,2.713224047347405
2025-04-06 21:24:32,,870.8590000000002,1.971,25.032,7.271999999999999,592.87,12.5,83.7,2.88,3.55,4.58,2.7123005644119407
2025-04-06 21:25:32,,873.268,1.971,25.032,7.332,593.59,12.5,83.5,3.26,3.98,6.34,2.711306549728407
2025-04-06 21:26:32,,884.4000000000001,1.9800000000000002,25.273500000000002,7.271999999999999,596.48,12.5,83.7,3.73,4.47,7.51,2.7106063045515634
2025-04-06 21:27:32,,879.8130000000001,1.9800000000000002,24.78,7.704,593.47,12.5,83.8,3.48,4.38,7.39,2.7098643625694807
2025-04-06 21:28:32,,866.437,1.971,23.0685,9.78,591.43,12.5,83.0,3.44,3.98,8.27,2.7088243966203547
2025-04-06 21:29:32,,872.5310000000001,1.971,24.055500000000002,9.228,593.23,12.5,83.3,3.61,4.22,4.96,2.708214534385518
2025-04-06 21:30:32,,877.2610000000001,1.9800000000000002,24.538500000000003,7.763999999999999,592.03,12.5,83.6,3.18,3.81,6.52,2.7074516350747637
2025-04-06 21:31:32,,869.5830000000001,1.9800000000000002,25.032,7.763999999999999,593.59,12.5,83.6,3.5,4.39,25.02,2.7067434021735495
2025-04-06 21:32:32,,869.0550000000001,1.9800000000000002,25.777500000000003,5.892,595.76,12.5,83.7,3.37,4.18,4.71,2.705793917084023
2025-04-06 21:33:32,,880.7920000000001,1.9800000000000002,26.019000000000002,5.4239999999999995,594.8,12.5,83.7,3.56,4.29,9.0,2.705142002417329
2025-04-06 21:34:32,,883.7950000000001,1.9800000000000002,26.512500000000003,5.832,598.41,12.5,83.9,3.65,4.23,10.34,2.705036093502422
2025-04-06 21:35:32,,885.3130000000001,1.9800000000000002,25.273500000000002,6.803999999999999,594.92,12.5,83.7,3.74,4.33,5.82,2.7042862315299705
2025-04-06 21:36:32,,874.016,1.9800000000000002,26.764499999999998,6.803999999999999,594.56,12.5,83.7,3.35,4.15,10.03,2.704297909177772
2025-04-06 21:37:32,,882.475,1.9800000000000002,25.515,6.359999999999999,595.88,12.4,83.7,3.71,4.42,7.19,2.703688269678697
2025-04-06 21:38:32,,877.7450000000001,1.971,24.78,7.836,592.63,12.4,83.4,3.39,4.05,5.88,2.7030977470625275
2025-04-06 21:39:32,,878.416,1.9800000000000002,25.0215,6.816,592.87,12.4,83.7,3.24,3.98,15.37,2.701995946437518
2025-04-06 21:40:32,,885.0380000000001,1.9800000000000002,25.756500000000003,6.755999999999999,595.28,12.4,83.9,3.17,3.83,6.29,2.701167789864434
2025-04-06 21:41:32,,873.6640000000001,1.9800000000000002,24.507,7.656,593.83,12.4,84.0,2.99,3.53,9.55,2.7001913666199533
2025-04-06 21:42:32,,871.4860000000001,1.9800000000000002,24.0135,8.148,594.56,12.4,83.9,3.02,3.69,7.5,2.699162189182984
2025-04-06 21:43:32,,873.9830000000001,1.9800000000000002,24.528,8.232,591.79,12.4,83.6,3.02,3.59,16.0,2.6983568725093168
2025-04-06 21:44:32,,871.794,1.971,24.78,8.723999999999998,594.32,12.4,83.5,3.05,3.78,10.15,2.697667951198314
2025-04-06 21:45:32,,871.1340000000001,1.9800000000000002,25.2945,8.352,590.82,12.4,83.2,3.11,3.85,5.93,2.697516221370979
2025-04-06 21:46:32,,866.2610000000001,1.971,23.331,11.315999999999999,593.96,12.4,82.5,3.12,3.58,6.32,2.69679758550589
2025-04-06 21:47:32,,870.9140000000001,1.971,23.814,9.815999999999999,590.94,12.4,82.9,3.02,3.48,6.8,2.6956019874597255
2025-04-06 21:48:32,,860.7610000000001,1.971,22.585500000000003,10.368,590.34,12.4,82.6,2.86,3.55,4.04,2.694494752085569
2025-04-06 21:49:32,,857.23,1.971,23.079,10.847999999999999,590.82,12.4,82.5,3.02,3.65,5.6,2.6938661700954354
2025-04-06 21:50:32,,860.6840000000001,1.971,23.320500000000003,9.42,591.18,12.4,82.7,2.69,3.37,9.45,2.6926121306466344
2025-04-06 21:51:32,,866.1070000000001,1.971,22.3335,11.712,589.02,12.4,82.7,2.79,3.36,3.93,2.6916313429177174
2025-04-06 21:52:32,,866.558,1.971,23.079,10.331999999999999,590.58,12.4,82.7,2.53,3.11,4.09,2.690755550040694
2025-04-06 21:53:32,,861.8170000000001,1.971,21.840000000000003,11.339999999999998,591.06,12.4,82.4,2.85,3.55,3.89,2.6894981850197466
2025-04-06 21:54:32,,862.565,1.971,22.826999999999998,10.824,591.06,12.4,82.6,2.91,3.76,4.97,2.689029002850242
2025-04-06 21:55:32,,864.1600000000001,1.971,22.102500000000003,10.908,589.62,12.4,82.3,2.75,3.31,3.81,2.6877120375224894
2025-04-06 21:56:32,,862.268,1.971,22.596,11.796,590.82,12.4,82.4,2.56,3.28,4.02,2.6869090764339725
2025-04-06 21:57:32,,860.6840000000001,1.971,23.320500000000003,10.331999999999999,592.39,12.4,82.7,2.62,3.24,8.0,2.686048289890027
2025-04-06 21:58:32,,867.9880000000002,1.971,23.331,11.28,591.18,12.4,82.6,2.69,3.2,4.2,2.685225849401622
2025-04-06 21:59:32,,867.141,1.971,22.806,9.299999999999999,592.03,12.4,83.1,2.45,2.96,5.72,2.6837324850262996
2025-04-06 22:00:32,,864.666,1.971,23.0685,10.308,593.35,12.4,82.8,2.56,3.24,4.95,2.682979432113708
2025-04-06 22:01:32,,862.8620000000001,1.971,22.575,10.308,590.7,12.4,82.8,2.33,2.96,8.7,2.681616124212928
2025-04-06 22:02:32,,860.8380000000001,1.971,21.840000000000003,11.315999999999999,591.91,12.4,82.5,2.76,3.5,6.52,2.6804607762046175
2025-04-06 22:03:32,,862.114,1.971,22.826999999999998,10.824,590.58,12.4,82.6,2.55,2.98,3.57,2.679739409290594
2025-04-06 22:04:32,,858.88,1.971,22.826999999999998,12.168000000000001,586.85,12.4,82.7,2.34,2.83,7.62,2.679226453038547
2025-04-06 22:05:32,,878.7790000000001,1.971,21.8295,11.784,592.63,12.3,82.5,2.51,3.22,6.01,2.6782875691566677
2025-04-06 22:06:32,,896.8630000000002,2.034,22.8585,10.127999999999998,585.76,12.3,81.9,2.21,2.92,3.99,2.677479456224519
2025-04-06 22:07:32,,887.755,2.034,23.3415,11.472,588.05,12.3,82.0,2.31,2.99,6.44,2.676858502129645
2025-04-06 22:08:32,,887.1500000000001,1.971,23.0895,10.488,589.26,12.3,82.2,2.22,2.76,4.09,2.6755797116045277
2025-04-06 22:09:32,,884.7520000000002,2.034,23.352,10.607999999999999,586.25,12.3,81.8,1.93,2.56,2.86,2.6747079420593005
2025-04-06 22:10:32,,874.5990000000002,2.034,23.6145,9.324,588.66,12.3,81.5,2.15,2.64,4.35,2.6739470558086706
2025-04-06 22:11:32,,859.6940000000001,2.034,23.6145,9.78,587.69,12.3,81.5,1.89,2.85,3.98,2.6731395740472363
2025-04-06 22:12:32,,855.019,2.034,24.6015,10.643999999999998,587.81,12.3,81.7,2.18,2.56,3.01,2.672352462333545
2025-04-06 22:13:32,,864.2700000000001,2.034,24.0975,9.636,589.38,12.3,82.0,1.77,2.23,7.02,2.67154135831325
2025-04-06 22:14:32,,857.9670000000001,2.034,23.866500000000002,11.184,588.29,12.3,81.4,1.7,2.26,2.76,2.6712623623312495
2025-04-06 22:15:32,,854.2930000000001,2.034,23.142,10.415999999999999,589.02,12.3,80.9,2.25,2.94,5.96,2.6703129151563303
2025-04-06 22:16:32,,855.4920000000001,2.034,24.129,10.356,587.33,12.3,81.1,2.01,2.46,5.61,2.669972383854776
2025-04-06 22:17:32,,853.3140000000001,2.034,23.8875,11.292,586.25,12.3,81.0,1.95,2.58,3.03,2.6699664775139964
2025-04-06 22:18:32,,855.7890000000001,2.034,24.370500000000003,9.839999999999998,590.34,12.3,81.3,1.94,2.45,3.4,2.66945737165977
2025-04-06 22:19:32,,848.936,2.034,24.1185,10.728,587.21,12.3,81.4,1.79,2.28,2.99,2.669203271709181
2025-04-06 22:20:32,,847.5830000000001,2.034,25.8615,10.272,587.81,12.3,81.4,1.76,2.21,19.18,2.669753542489789
2025-04-06 22:21:32,,864.523,2.034,24.129,11.268,588.17,12.3,81.1,2.16,2.44,15.76,2.669713734694353
2025-04-06 22:22:32,,851.8840000000001,2.034,24.381,10.812,583.96,12.3,81.1,2.09,2.68,4.09,2.6697148054211937
2025-04-06 22:23:32,,858.9460000000001,2.034,23.625,9.839999999999998,587.81,12.3,81.3,2.15,2.62,6.42,2.669245719150576
2025-04-06 22:24:32,,857.6370000000001,2.034,23.877,10.824,588.78,12.2,81.1,1.99,2.52,3.78,2.6692087959246464
2025-04-06 22:25:32,,859.3420000000001,2.034,24.843,10.164,590.34,12.2,81.8,2.06,2.69,3.73,2.6691263846606366
2025-04-06 22:26:32,,854.59,2.034,24.0765,10.08,590.34,12.2,82.1,2.0,2.36,13.13,2.668329428117079
2025-04-06 22:27:32,,846.758,2.034,24.57,10.02,590.82,12.2,82.3,2.0,2.58,5.25,2.66853068553151
2025-04-06 22:28:32,,851.037,1.971,24.3075,11.304,590.7,12.2,82.6,1.75,2.24,4.48,2.668866184614896
2025-04-06 22:29:32,,854.436,1.971,24.318,9.107999999999999,590.7,12.2,82.3,1.77,2.22,4.97,2.6683734425083347
2025-04-06 22:30:32,,851.961,2.034,24.087000000000003,11.016,592.51,12.2,82.0,1.92,2.47,10.3,2.6685208740340833
2025-04-06 22:31:32,,855.03,1.971,24.3075,9.9,592.63,12.2,82.7,1.82,2.33,13.28,2.668185250006283
2025-04-06 22:32:32,,850.6630000000001,1.971,23.320500000000003,9.048,590.7,12.2,82.5,1.92,2.33,5.15,2.6671447290632644
2025-04-06 22:33:32,,851.4440000000001,2.034,22.8585,11.616,589.02,12.2,81.5,1.98,2.57,23.94,2.6668865439287317
2025-04-06 22:34:32,,852.5880000000001,2.034,23.121000000000002,10.799999999999999,586.49,12.2,81.2,1.89,2.4,3.9,2.6668936587158245
2025-04-06 22:35:32,,871.6950000000002,2.034,24.6015,11.136,586.97,12.2,81.6,1.6,2.11,6.15,2.667394220424446
2025-04-06 22:36:32,,861.839,2.034,23.3625,11.616,588.66,12.2,81.5,1.74,2.22,5.52,2.6676690406892174
2025-04-06 22:37:32,,854.1610000000001,2.034,24.108,11.16,591.31,12.2,81.5,1.75,2.26,4.13,2.6681058651939695
2025-04-06 22:38:32,,851.3670000000001,2.034,23.110500000000002,10.68,589.98,12.2,81.6,1.67,2.06,5.95,2.667685228429084
2025-04-06 22:39:32,,856.9880000000002,2.034,23.121000000000002,12.18,588.17,12.1,81.2,1.43,1.8,14.31,2.6675128501406244
2025-04-06 22:40:32,,845.1630000000001,2.034,15.813,11.232,587.09,12.1,81.3,1.75,2.2,9.49,2.663964007273935
2025-04-06 22:41:32,,849.3870000000001,2.034,23.121000000000002,12.66,587.45,12.1,81.1,1.62,2.28,6.8,2.6646333230611092
2025-04-06 22:42:32,,847.2090000000002,2.034,20.149500000000003,12.684,588.54,12.1,81.0,1.55,1.94,4.15,2.663616144621555
2025-04-06 22:43:32,,843.744,2.025,16.737000000000002,13.2,587.57,12.1,80.8,1.51,2.01,5.62,2.6610764057573393
2025-04-06 22:44:32,,841.5550000000001,2.034,23.3625,12.6,587.09,12.1,81.3,1.42,2.2,2.63,2.6618839432803227
2025-04-06 22:45:32,,852.3130000000001,2.034,22.6065,12.576,592.39,12.1,81.4,1.7,2.04,5.13,2.6619156948480653
2025-04-06 22:46:32,,847.2090000000002,2.034,21.724500000000003,12.228,587.69,12.1,81.0,1.36,1.7,7.77,2.661251972929977
2025-04-06 22:47:32,,847.2420000000001,2.025,17.020500000000002,13.668000000000001,587.09,12.0,80.8,1.37,1.8,2.05,2.6587878574111676
2025-04-06 22:48:32,,841.962,2.034,23.3625,13.104,587.93,12.0,81.2,1.25,1.8,3.14,2.6596718710277285
2025-04-06 22:49:32,,841.7310000000001,2.034,23.5935,12.564,589.38,12.0,81.5,1.14,1.68,8.16,2.660395404865529
2025-04-06 22:50:32,,851.3670000000001,2.034,22.8585,13.068,591.18,12.0,81.3,1.31,1.89,6.71,2.6608738441562783
2025-04-06 22:51:32,,846.087,2.034,24.328500000000002,11.592,587.45,12.0,81.7,1.45,1.99,13.17,2.6618113815415683
2025-04-06 22:52:32,,851.2130000000001,2.034,23.5935,12.564,585.76,12.0,81.5,1.36,1.8,4.08,2.662457295563986
2025-04-06 22:53:32,,851.7740000000001,2.034,22.8585,13.572000000000001,586.85,11.9,81.2,1.26,1.85,8.8,2.663029120993621
2025-04-06 22:54:32,,837.8590000000002,2.034,23.604000000000003,13.139999999999999,585.04,11.9,81.1,1.54,2.15,4.89,2.664035685359624
2025-04-06 22:55:32,,845.4600000000002,2.034,23.352,13.116,589.02,11.9,81.2,1.2,1.64,3.79,2.663934517528076
2025-04-06 22:56:32,,841.9840000000002,2.034,26.0715,12.084,590.22,11.9,81.6,1.56,2.03,5.8,2.6653776726597767
2025-04-06 22:57:32,,842.8860000000001,2.034,24.328500000000002,12.54,586.25,11.9,81.6,1.49,1.93,5.52,2.666106922517158
2025-04-06 22:58:32,,845.1630000000001,2.034,23.583000000000002,12.252,588.66,11.9,81.0,1.37,1.82,2.93,2.6664709233311354
2025-04-06 22:59:32,,843.964,2.025,17.262,14.136,588.17,11.9,80.8,1.33,1.72,2.16,2.664039382772641
2025-04-06 23:00:32,,842.3140000000001,1.953,22.869000000000003,13.739999999999998,586.73,11.9,80.6,1.28,1.66,1.74,2.6645894058227593
2025-04-06 23:01:32,,841.841,2.034,23.352,14.027999999999999,587.45,11.9,81.2,1.02,1.48,4.56,2.665320060308285
2025-04-06 23:02:32,,838.112,2.034,23.3415,14.04,588.54,11.8,81.2,1.39,1.88,12.14,2.6663266464714668
2025-04-06 23:03:32,,838.7060000000001,2.034,24.0765,13.02,587.69,11.8,81.6,1.2,1.66,8.06,2.667331011694593
2025-04-06 23:04:32,,840.3560000000001,2.034,23.562,13.415999999999999,588.29,11.8,81.8,1.22,1.61,2.19,2.667775798858296
2025-04-06 23:05:32,,838.937,2.034,23.3415,13.104,588.78,11.8,81.3,1.21,1.76,5.48,2.668191293154081
2025-04-06 23:06:32,,837.1880000000001,2.034,23.562,12.96,589.14,11.8,81.8,1.25,1.7,6.19,2.6686254945004544
2025-04-06 23:07:32,,847.066,2.034,23.0895,14.472,587.69,11.8,81.3,1.34,1.96,18.06,2.6692089757955935
2025-04-06 23:08:32,,846.8350000000002,2.034,23.5725,13.476,590.82,11.8,81.6,1.39,1.98,8.66,2.6700181925117503
2025-04-06 23:09:32,,845.1080000000001,2.034,23.824500000000004,13.043999999999999,591.18,11.8,81.5,1.49,1.91,9.78,2.6707402093230677
2025-04-06 23:10:32,,854.018,2.034,23.320500000000003,14.424,593.11,11.7,81.5,1.37,1.9,2.61,2.67127008394684
2025-04-06 23:11:32,,859.826,2.034,23.3415,13.656,589.14,11.7,81.0,1.38,1.7,1.94,2.6719907980597593
2025-04-06 23:12:32,,842.8420000000001,1.9260000000000002,22.617,15.684,588.29,11.7,80.2,1.17,1.57,4.79,2.6725162037233723
2025-04-06 23:13:32,,842.1490000000001,1.9260000000000002,16.1385,14.243999999999998,590.34,11.7,80.5,1.68,2.14,2.75,2.6696403194956466
2025-04-06 23:14:32,,844.5360000000001,2.034,23.5725,13.968,590.82,11.7,81.5,1.23,1.63,5.55,2.670356315407074
2025-04-06 23:15:32,,840.312,2.034,23.562,12.996,591.18,11.7,81.7,1.15,1.56,6.07,2.670688442553927
2025-04-06 23:16:32,,839.7180000000001,2.034,22.585500000000003,14.484,590.22,11.7,81.3,1.28,1.91,6.09,2.67109007042698
2025-04-06 23:17:32,,849.7500000000001,1.953,13.146,15.131999999999998,594.08,11.7,80.6,1.15,1.57,2.99,2.666582236240987
2025-04-06 23:18:32,,840.169,2.034,23.583000000000002,14.484,590.82,11.7,81.3,1.17,1.58,3.0,2.667606010258279
2025-04-06 23:19:32,,843.1060000000001,2.034,24.066000000000003,13.943999999999999,590.46,11.7,81.6,1.07,1.53,2.62,2.6682716281325156
2025-04-06 23:20:32,,838.8820000000001,2.034,23.31,14.808,589.02,11.7,81.8,1.26,1.72,3.8,2.6690997945678596
2025-04-06 23:21:32,,843.1390000000001,2.034,21.5775,14.472,590.22,11.6,81.4,1.18,1.74,6.42,2.6689533203817035
2025-04-06 23:22:32,,845.35,1.9260000000000002,17.094,16.128,587.09,11.6,80.3,1.12,1.59,4.6,2.667128084015787
2025-04-06 23:23:32,,842.49,1.9260000000000002,15.5085,15.623999999999999,587.45,11.6,80.5,1.28,1.77,3.84,2.6642703746204055
2025-04-06 23:24:32,,835.4830000000001,2.007,20.4225,15.995999999999999,587.81,11.6,80.8,1.27,1.82,4.24,2.6637235554475365
2025-04-06 23:25:32,,841.258,2.034,23.814,14.447999999999999,590.94,11.6,81.5,1.05,1.57,7.63,2.6648814033811994
2025-04-06 23:26:32,,842.589,2.034,23.7825,13.824,593.96,11.6,82.1,1.04,1.46,2.24,2.665427511532891
2025-04-06 23:27:32,,842.8310000000001,2.034,23.058000000000003,14.364,595.76,11.6,81.8,1.15,1.77,8.04,2.6658119562026648
2025-04-06 23:28:32,,842.0060000000001,2.034,23.058000000000003,14.843999999999998,594.56,11.6,81.7,0.92,1.18,3.66,2.666468845115929
2025-04-06 23:29:32,,840.2900000000001,2.034,23.583000000000002,15.035999999999998,594.44,11.6,81.0,1.25,1.75,3.16,2.6674031440722494
2025-04-06 23:30:32,,838.9150000000001,2.034,24.549,13.956000000000001,595.4,11.6,81.6,1.13,1.54,3.64,2.668411825322591
2025-04-06 23:31:32,,840.0590000000001,2.034,23.5725,14.952,592.15,11.6,81.3,1.16,1.43,7.41,2.669153217129896
2025-04-06 23:32:32,,835.087,2.034,23.320500000000003,14.952,592.39,11.6,81.3,1.1,1.49,3.53,2.670168859512058
2025-04-06 23:33:32,,841.258,2.034,23.562,15.36,593.83,11.6,81.5,0.95,1.38,3.04,2.6713037998335034
2025-04-06 23:34:32,,844.822,2.034,23.058000000000003,15.395999999999999,596.36,11.5,81.4,0.88,1.14,2.3,2.6724125480986047
2025-04-06 23:35:32,,840.466,2.007,22.826999999999998,16.368,589.86,11.5,81.2,0.91,1.41,1.73,2.6734830353382897
2025-04-06 23:36:32,,836.033,2.034,21.588,16.848,591.18,11.5,81.1,1.18,1.44,2.72,2.6740428614743363
2025-04-06 23:37:32,,846.0430000000001,2.007,22.826999999999998,16.872,589.5,11.5,81.0,0.79,1.13,1.7,2.675007993826323
2025-04-06 23:38:32,,836.407,2.034,22.826999999999998,16.823999999999998,590.1,11.5,81.2,1.11,1.39,1.61,2.6764482894658936
2025-04-06 23:39:32,,846.197,2.007,21.5775,17.387999999999998,588.54,11.5,80.8,0.8,1.21,2.81,2.6772264282959095
2025-04-06 23:40:32,,838.7170000000001,2.034,23.0475,15.78,589.5,11.5,81.7,1.13,1.66,1.97,2.678239827654484
2025-04-06 23:41:32,,840.6090000000002,2.034,22.554000000000002,16.26,589.62,11.5,81.6,1.03,1.3,4.26,2.6794319403929654
2025-04-06 23:42:32,,841.3570000000001,2.034,23.0475,16.212,592.15,11.5,81.8,1.09,1.38,4.13,2.680461984267989
2025-04-06 23:43:32,,840.6090000000002,2.034,22.554000000000002,16.26,588.78,11.5,81.6,0.95,1.54,10.57,2.6812116497977705
2025-04-06 23:44:32,,838.266,2.034,23.0475,16.235999999999997,590.46,11.5,81.7,1.06,1.35,2.67,2.682283877993745
2025-04-06 23:45:32,,845.1960000000001,2.034,23.058000000000003,15.828,590.94,11.5,81.5,1.0,1.37,3.84,2.683354070659492
2025-04-06 23:46:32,,843.172,2.034,23.320500000000003,15.911999999999999,588.78,11.5,81.2,1.12,1.38,2.19,2.684813819180206
2025-04-06 23:47:32,,844.2170000000001,2.034,23.5515,15.347999999999999,590.58,11.5,81.6,1.27,1.6,2.19,2.6859594050205837
2025-04-06 23:48:32,,847.187,2.034,24.0345,15.792,586.97,11.4,81.7,1.05,1.45,1.73,2.6871837159047103
2025-04-06 23:49:32,,846.5710000000001,2.034,24.024,14.819999999999999,590.1,11.4,81.9,1.26,1.57,3.29,2.688502205114274
2025-04-06 23:50:32,,852.291,2.034,24.2655,14.315999999999999,595.88,11.4,82.1,1.06,1.31,1.51,2.689531057455418
