DATE,CO,NO,NO2,O3,CO2,PM2.5,AQHI,NO2_contrib,O3_contrib,PM2_5_contrib,Top_AQHI_contributor
2025-08-30 20:59:00,0.18616281473509985,3.2545731109655716,5.390804666668675,54.9294507499533,431.1377172621167,13.995604958433564,,,,,
2025-08-30 21:14:00,0.18815877770729983,3.298265999846105,5.618934222257441,54.65607519310909,431.69584666861664,13.942913082973462,,,,,
2025-08-30 21:29:00,0.19201454070326648,3.8544246665336717,5.602670444469709,52.814139754058914,432.8371479135364,13.99988636792924,,,,,
2025-08-30 21:44:00,0.19339047403473314,4.002064666556804,5.885839777820706,53.036651566043055,432.5933816537599,14.15348601378727,,,,,
2025-08-30 21:59:00,0.19716804441599983,4.214582444330803,5.820496000009841,51.217283536885574,434.1333565809999,14.021979206511961,,,,,
2025-08-30 22:14:00,0.19655896296380007,5.627100222129804,5.973324888852906,40.037111367768674,433.85184440572,14.092100934616568,,,,,
2025-08-30 22:29:00,0.19755365924959986,4.7801746665359675,6.029780666690138,44.11144377796334,432.81454106203347,14.163054806162844,,,,,
2025-08-30 22:44:00,0.19739955553416647,4.192231777634869,5.507657333327976,47.367416707579146,434.15184696359313,14.198079474829703,,,,,
2025-08-30 22:59:00,0.19928214817439993,5.035340666759063,5.5801324761857725,33.41654266691649,440.3857327608906,14.156423232139328,,,,,
2025-08-30 23:14:00,0.20084873336303333,5.300222222361104,6.132271333326767,31.99792888886113,441.9182199903703,14.1339221329477,,,,,
2025-08-30 23:29:00,0.2009392741100667,4.701743111221905,6.191667777756035,31.93035733341081,441.81476020324016,14.07072531138975,,,,,
2025-08-30 23:44:00,0.1995607037180669,7.354573777997999,6.250390666642668,33.77916888904733,440.9576586045306,13.900977234612423,3,0.14171129928410903,0.6669735723473458,0.19131512836854517,O3
2025-08-30 23:59:00,0.1987488296236334,5.088579110934904,5.669984666594573,36.43483822265466,436.4839090799376,13.918940700658593,3,0.14564138080431152,0.658610208305746,0.19574841088994246,O3
2025-08-31 00:14:00,0.19707663704890022,4.9686755554056425,5.668838666619106,32.634906222313326,440.07752429713366,13.94904347462748,3,0.15003523251592574,0.6484469698978514,0.2015177975862228,O3
2025-08-31 00:29:00,0.21458571114270003,6.44016755578044,6.979162888915466,28.22436311134878,464.63218410302056,13.679091164671899,3,0.15777679600904013,0.6347831920742618,0.20744001191669806,O3
2025-08-31 00:44:00,0.21695353336126671,10.78624755672675,8.071722000034674,26.672312444466517,465.00409741121035,13.861866491907943,3,0.1679660707436276,0.6181209340367594,0.21391299521961304,O3
2025-08-31 00:59:00,0.21480121486020007,11.58082800110248,10.1933686668943,19.632216444344493,480.9550286592864,13.723839006942892,3,0.18446838750975164,0.5941608270629091,0.22137078542733932,O3
2025-08-31 01:14:00,0.21389782968376678,9.610657778622228,9.329806888942336,20.926518222088873,477.8832890432966,13.813339770665277,3,0.19645686011636943,0.5778867847232368,0.2256563551603937,O3
2025-08-31 01:29:00,0.2229544815151666,5.885914000111574,7.932757333332203,25.457579333267468,475.9773156866065,13.897624263092158,3,0.2059620091172032,0.5632381862397601,0.23079980464303676,O3
2025-08-31 01:44:00,0.21881455558719992,11.689226890087275,8.94710177794893,26.137509111031473,474.8965450286666,14.065318978751126,3,0.21983085063279467,0.5437906507316211,0.23637849863558416,O3
2025-08-31 01:59:00,0.2086317111323001,11.315824445611316,8.238349555653397,27.06205333327068,446.6302408066931,13.86584976978527,3,0.22741429196082258,0.5357438954915628,0.2368418125476147,O3
2025-08-31 02:14:00,0.2089808444674668,11.084952889563619,9.539835555689299,24.7083804442678,463.6843400414366,14.293264209412605,3,0.23671612557471045,0.5255881968113352,0.2376956776139544,O3
2025-08-31 02:29:00,0.20301412966386684,10.717384222864585,9.499696222306799,21.97440755529259,468.8987627002003,14.101769094815797,3,0.24696901528137144,0.5135410698822016,0.23948991483642695,O3
2025-08-31 02:44:00,0.19497109999889992,8.828368666562607,11.79925088890986,19.260191777767687,485.62723884134954,14.040209184556765,3,0.26354648536328634,0.494655512412391,0.24179800222432266,O3
2025-08-31 02:59:00,0.19088558888053314,10.297761778596895,11.870188222370327,17.623924222353207,487.75369203843644,13.966034240963833,3,0.28365659367451584,0.47101178108620495,0.24533162523927915,O3
2025-08-31 03:14:00,0.19550500740429982,10.543912000832625,12.108770666932118,14.734553111128118,489.08872021168315,14.203309326837974,3,0.3042419345089842,0.447100280462847,0.24865778502816885,O3
2025-08-31 03:29:00,0.20981091855976666,10.78051511198085,12.07668955577721,15.569951999892282,481.61777298470656,14.19062693924501,3,0.31993218959430036,0.42900979757970265,0.251058012825997,O3
2025-08-31 03:44:00,0.19743820001609982,9.343467110809632,11.962255333407388,13.507950222337783,497.12788126659666,14.069067668345577,3,0.33409326442727105,0.41171706873539204,0.2541896668373369,O3
2025-08-31 03:59:00,0.18347767408050003,9.324783555369256,10.955360889043826,13.800688222339886,495.6487140391134,14.017629909527962,3,0.33862671366681896,0.40487271932255836,0.2565005670106227,O3
2025-08-31 04:14:00,0.18304130371453348,9.286034221956132,10.782526889152228,12.053382222238938,525.0177394748137,14.00640294671,3,0.3463186216475849,0.39410145084751635,0.2595799275048987,O3
2025-08-31 04:29:00,0.18103105186250013,8.883758221964303,10.482914666918589,10.829091777755538,521.1979638267268,14.139312613558708,3,0.3596896410346245,0.3757133055648496,0.2645970534005259,O3
2025-08-31 04:44:00,0.18241214445070017,8.725617110797936,10.151605555838895,8.65311977759483,523.7795862729769,14.17954721578273,2,0.37308119254341937,0.35485137687691587,0.27206743057966476,NO2
2025-08-31 04:59:00,0.18019277037140013,8.40316533313777,9.951033111341198,9.505647333279594,525.5940822867003,14.126210149109095,2,0.38810451215356084,0.3321533146011498,0.27974217324528944,NO2
2025-08-31 05:14:00,0.18154403704790004,8.467487999809737,9.711341111363168,8.566527111057162,528.9238982101267,14.20333956127828,2,0.40029169279247173,0.3117137982325696,0.2879945089749587,NO2
2025-08-31 05:29:00,0.18061131112120016,8.490007777473302,9.605581333542366,8.613819555433595,524.1137268664801,14.111187915405665,2,0.4108130794453745,0.29384539047868796,0.29534153007593755,NO2
2025-08-31 05:44:00,0.18006056296626677,7.756026666353872,9.596875777994633,8.746957777682264,522.5110143863033,14.156298785369081,2,0.415107966731571,0.28114468716803714,0.30374734610039184,NO2
2025-08-31 05:59:00,0.18327038889899994,8.109106888643804,9.649462444682534,8.170100222213634,532.3909875204067,14.086117852166147,2,0.41870155576355955,0.26931873093228154,0.31197971330415897,NO2
2025-08-31 06:14:00,0.17852357779016667,8.016907777480307,9.605077333537567,7.972291777748267,527.1962088462501,14.18352075319182,2,0.419680144350378,0.2613323095014598,0.3189875461481622,NO2
2025-08-31 06:29:00,0.18457994075320006,8.049300222034706,9.670938222431067,7.695560666629866,533.8805287759068,14.302740267841695,2,0.4217895835485,0.25105857647669866,0.32715183997480135,NO2
2025-08-31 06:44:00,0.1777827962971,8.035123555281174,9.509092222426867,7.996601111104765,529.4258501653034,14.241912192787364,2,0.4216795525762273,0.24417822779148454,0.33414221963228813,NO2
2025-08-31 06:59:00,0.17688961481246676,7.846087110867438,9.4457991113475,8.613772222161062,530.9733686347736,14.045963450869234,2,0.4233485417870527,0.23682549881921547,0.3398259593937318,NO2
2025-08-31 07:14:00,0.18005681112346666,8.033521555275641,9.591650444677102,8.460383555523665,532.9751390213668,14.373049633837955,2,0.42393408939943067,0.23154556947631946,0.3445203411242499,NO2
2025-08-31 07:29:00,0.18174548519210007,8.15927133301104,9.633601333531233,8.058310444423899,529.6235679210766,14.15018313098835,2,0.4247774060497108,0.22745906007784653,0.3477635338724427,NO2
2025-08-31 07:44:00,0.1887329481743668,8.78982955544149,11.15158777805003,8.421961777697836,530.7695324621467,14.014063990617272,2,0.42724922465002035,0.22630106422423737,0.34644971112574224,NO2
2025-08-31 07:59:00,0.19697557780493327,10.127473999912796,11.739456222453862,8.677422222138198,480.2981568303536,13.80310382094816,2,0.43206095349700635,0.2235374340632682,0.34440161243972545,NO2
2025-08-31 08:14:00,0.1927763407780001,10.780411555552362,11.815624888983027,8.033797777769333,526.0192256146033,13.810882558829263,2,0.4372540014376671,0.2210866240021393,0.3416593745601936,NO2
2025-08-31 08:29:00,0.21280419633973344,15.534331778368342,14.896214666015288,9.219733111156005,541.6826586635067,15.240143538971996,2,0.4462651665284884,0.21746940944232565,0.33626542402918597,NO2
2025-08-31 08:44:00,0.18658516299563344,15.842836222622005,12.519244444137518,11.162242000240798,540.54934225594,16.425223700401673,2,0.4476292191360065,0.218335808837892,0.33403497202610155,NO2
2025-08-31 08:59:00,0.18617355557876666,18.93676955652599,12.1620968885942,9.700734666762937,544.6308980821068,16.06313005524552,2,0.4492529284075968,0.2181463888711988,0.3326006827212044,NO2
2025-08-31 09:14:00,0.18060604447243336,19.021286667557327,12.088949999652195,12.210144666947171,529.8414465135597,16.141065818181175,2,0.44827792702953656,0.22235050497190537,0.32937156799855805,NO2
2025-08-31 09:29:00,0.18342342966933334,22.79307444452098,12.338965110809793,12.409319555813836,525.2460617790533,16.553159976328885,2,0.44700807966153994,0.22686788326191099,0.3261240370765491,NO2
2025-08-31 09:44:00,0.1788431347918334,22.717758444493988,12.131536888573196,12.812633111247603,519.0664674754166,16.639984765631283,2,0.44550501954304694,0.23131624555849217,0.3231787348984609,NO2
2025-08-31 09:59:00,0.17771052366496679,24.040694888319347,11.799237555316672,16.214146222283155,516.6110031429301,16.532797409428102,2,0.44115945277532387,0.2398164107279806,0.31902413649669553,NO2
2025-08-31 10:14:00,0.1739991817427669,24.750959554865396,11.595654221896032,20.044375777913658,498.49032317763715,16.8529804266367,2,0.43320972238780536,0.25371643394020055,0.3130738436719941,NO2
2025-08-31 10:29:00,0.15211998344250013,22.656428444527293,7.217917213477366,25.90699892281423,467.02913077082053,16.516068151589955,2,0.41355016432882,0.2785762721949785,0.3078735634762015,NO2
2025-08-31 10:44:00,0.15170260451366685,22.654953333427958,6.9706569912453045,29.369110786033826,462.9136692242636,16.54150807740768,2,0.3896925152447158,0.3072913038182964,0.30301618093698773,NO2
2025-08-31 10:59:00,0.15125813277133357,22.48902711120163,5.729430358800701,32.79261606819968,458.0673341640937,16.865117416210513,3,0.3616702623802338,0.3394311710427967,0.2988985665769695,NO2
2025-08-31 11:14:00,0.14451773328980017,18.073281334999322,5.213806119468066,34.27651811120564,455.63094716670685,16.88988755342368,3,0.33298314722810546,0.37256954816558807,0.29444730460630647,O3
2025-08-31 11:29:00,0.14642663701053352,20.343679112603283,5.158343897242266,35.97083444466032,454.74082817687014,16.834779232231565,3,0.3006709806987072,0.40848264498890546,0.29084637431238736,O3
2025-08-31 11:44:00,0.14373998515626682,17.295392222334,4.975074786130666,37.8167237777963,450.5219686997067,16.671985437744475,3,0.2743075749565906,0.4412742789905681,0.2844181460528414,O3
2025-08-31 11:59:00,0.14388709635110009,12.579828000182708,5.470688666571695,39.38232155642399,443.2200749135636,16.988871958391904,3,0.24933409937082945,0.473606918880685,0.27705898174848553,O3
2025-08-31 12:14:00,0.14380950376290016,14.788922667104018,5.412701555431429,40.18455555616802,442.76918531332353,17.48345297425985,3,0.2263069998049673,0.5024831703129874,0.27120982988204534,O3
2025-08-31 12:29:00,0.1792905481451001,10.264801999850503,5.476338888858001,42.78655822276667,441.4541850012035,17.926910101376542,3,0.20344291986476176,0.531681811711535,0.26487526842370335,O3
2025-08-31 12:44:00,0.1534127111344667,7.910277333389034,4.697692222257366,43.71284177844006,435.9914328643304,17.604932343514953,3,0.18080329968387224,0.560546109240433,0.2586505910756947,O3
2025-08-31 12:59:00,0.1454299630028669,7.1637388888535,4.2707035555760635,52.80180645463103,437.5389624412204,17.75800440521489,3,0.15793215440840933,0.5909981341993276,0.25106971139226314,O3
2025-08-31 13:14:00,0.14029309632793355,6.757557555529997,4.220222444461964,54.03069322954467,433.690247706834,17.341312691703656,3,0.13748505444716314,0.6184313286743452,0.2440836168784916,O3
2025-08-31 13:29:00,0.1397681778025002,6.469122222230465,4.294743555582498,53.71521864275398,435.05164044858384,16.53128100517532,3,0.1273383402541951,0.6358716332641368,0.2367900264816681,O3
2025-08-31 13:44:00,0.13980675558346672,6.961691777775633,4.070278461559163,57.340691823246225,436.5578757743503,15.595107173690439,3,0.1179212184672871,0.6530589969236459,0.22901978460906705,O3
2025-08-31 13:59:00,0.13391708141786682,6.989559777948532,2.8783504102978994,44.51731511175706,433.40037000488735,15.235074184489655,4,0.11140574431760654,0.6630364678598063,0.22555778782258715,O3
2025-08-31 14:14:00,0.13872486663000005,6.972172666663831,2.869753965862199,44.41656577837639,435.2239867037074,14.251794694222177,4,0.10620557713898597,0.6723066924266075,0.22148773043440656,O3
2025-08-31 14:29:00,0.13627380736340006,6.877189333309399,2.8110815214128646,44.49929711170373,433.13050610477717,13.739141020470605,4,0.10130564743926225,0.681196816812641,0.2174975357480968,O3
2025-08-31 14:44:00,0.13395263983786673,6.7971953338491335,2.581945299182534,44.49865622283073,432.48713823451374,13.369704144856305,4,0.09659235559073923,0.689551545220095,0.2138560991891658,O3
2025-08-31 14:59:00,0.13232875838206684,0.9436523418103339,2.227163435925402,73.73943168161733,430.9283876514702,13.490066294576136,4,0.08735963983247677,0.7092604215699071,0.20337993859761608,O3
2025-08-31 15:14:00,0.14187154077359992,1.4396062221647026,3.355654222169235,74.03733139008524,430.76432940787015,13.345756177328198,4,0.08080667493317988,0.7265086182661927,0.19268470680062735,O3
2025-08-31 15:29:00,0.13871311854346655,2.4923464443332035,5.2665771111265025,69.52191459342652,431.3339725306739,13.633551514292595,4,0.07834762689012469,0.7382746280134388,0.18337774509643653,O3
2025-08-31 15:44:00,0.19755971112830015,3.2588335555098706,5.3384113333486365,63.8136094431807,431.592529453357,14.02136031249633,4,0.07790784513095342,0.745945277100673,0.17614687776837354,O3
2025-08-31 15:59:00,0.18473417779619997,3.192036222157405,5.33542444446057,60.50470871102632,431.4396318975904,13.553064327062689,4,0.07928632821377506,0.7498172694516634,0.17089640233456158,O3
2025-08-31 16:14:00,0.16444491848790005,2.8591035554379376,4.895306888873332,60.90506890057818,431.3289178190637,13.539158762406442,4,0.0800639885456989,0.7536303652582367,0.1663056461960644,O3
2025-08-31 16:29:00,0.1632571258928001,3.025883777675571,5.087346666646867,60.44349624898981,430.8996117718034,13.77460182175429,4,0.08095182950325795,0.7564405606471154,0.1626076098496266,O3
2025-08-31 16:44:00,0.18774468883353335,3.505792888831768,5.555901794900802,57.38997961822686,431.50056575546995,13.643746916423407,4,0.08346945685458312,0.7559408086199991,0.16058973452541772,O3
2025-08-31 16:59:00,0.1962995185421001,2.9611599998868368,5.798766239350305,55.550830536256925,433.029203701643,13.64677432448963,4,0.0871711525566314,0.7562361535777448,0.15659269386562386,O3
2025-08-31 17:14:00,0.21546003708746658,2.9974702221602394,6.678395111153105,44.21144714584936,434.259167293936,14.33322291590768,4,0.09308597664153245,0.751233910123849,0.15568011323461856,O3
2025-08-31 17:29:00,0.21718199264483332,3.6825522221530047,6.37008377782737,46.95723533439521,434.26182508210974,14.20010276868015,4,0.09823307040346826,0.7470602103922318,0.15470671920429999,O3
2025-08-31 17:44:00,0.21988754077333322,5.384880666615964,6.21365111117654,43.05109092307866,432.68985850989964,13.890920013218723,4,0.10382071996947463,0.7417623417843185,0.1544169382462068,O3
2025-08-31 17:59:00,0.22626522968026683,6.981268666785969,6.6457664445600075,37.743609589779965,433.31831402911973,14.073332440490528,4,0.11468887107752394,0.725517863593849,0.15979326532862703,O3
2025-08-31 18:14:00,0.22824734078886677,7.1141637778906,6.6474088889884415,37.059209555220335,434.1572354616332,14.632092131906429,4,0.12454071446464855,0.7088506409764853,0.16660864455886612,O3
2025-08-31 18:29:00,0.22876124450550014,7.486643777984234,6.872294889027372,34.00553444457996,437.68764208344317,13.78817590520417,4,0.13231007861988017,0.6945152951306235,0.17317462624949637,O3
2025-08-31 18:44:00,0.2349992889467335,7.9334553337612626,7.098770317603509,32.10873422195431,439.3303240492,14.178885670904101,4,0.1402980219114958,0.6803303383870752,0.179371639701429,O3
2025-08-31 18:59:00,0.23151371116113356,8.429782889356428,6.867697333487804,32.79415311096265,438.5229154830869,14.512099230786895,4,0.1475976042717076,0.6665142297999257,0.18588816592836668,O3
2025-08-31 19:14:00,0.24972604446473348,7.944389333755394,6.729808444558408,31.93937999989765,442.0728484278837,15.227836129070749,3,0.1559901664152251,0.6503402418488514,0.19366959173592346,O3
2025-08-31 19:29:00,0.26712728892730025,8.631930889313226,8.0355915557267,27.15607488884925,461.4686361353,14.539968479353615,3,0.1680179034284979,0.6302276972989281,0.20175439927257402,O3
2025-08-31 19:44:00,0.2786109740960334,8.1853984448638,8.169098666783606,26.449901333290132,459.6264126359401,14.367371234209429,3,0.17978374544592574,0.6103333032126335,0.20988295134144083,O3
2025-08-31 19:59:00,0.2873494370501668,6.749744222476229,9.107985333578204,24.553267555536088,474.8778725972199,14.472890775197076,3,0.19368334051682837,0.58793991198196,0.2183767475012116,O3
2025-08-31 20:14:00,0.3056959037223337,6.897059111377259,9.785079111477163,20.26011355598348,478.9002218727128,14.403617454343179,3,0.20628323390250558,0.5692275576651985,0.2244892084322959,O3
2025-08-31 20:29:00,0.3029505629744004,8.518395111516138,10.322774444861137,19.442477333771123,480.60898013108624,14.225048330921586,3,0.22237160040286114,0.5459719632993507,0.2316564362977881,O3
2025-08-31 20:44:00,0.2992086518725671,3.421622222221337,9.531737111386024,22.600143777664723,471.0018495661427,14.607087707099868,3,0.23549271027882565,0.5267185192740828,0.23778877044709165,O3
2025-08-31 20:59:00,0.32502269632663366,7.194637111424031,12.364202889454939,17.86320600038179,490.65054792449655,14.759982997981322,3,0.2535089976011028,0.504015820511548,0.2424751818873492,O3
2025-08-31 21:14:00,0.37968592787124794,10.087578000639322,12.48204844483374,16.8249851112055,493.7512104386066,14.45741408312433,3,0.27279748707782076,0.4807589801446977,0.24644353277748154,O3
2025-08-31 21:29:00,0.4285865704383663,13.363408446339625,13.298465555902721,15.372250444616485,492.9637939500334,14.146955511666906,3,0.2928702415584448,0.45703440071454215,0.250095357727013,O3
2025-08-31 21:44:00,0.3299871629965669,12.577241557208731,12.619764222570605,17.620500000222336,494.21753190770346,14.458869671363493,3,0.30977698178748897,0.437573929605511,0.252649088607,O3
2025-08-31 21:59:00,0.33655851854923363,14.258891777288483,14.299210444623787,15.176825111210558,498.6501030936167,14.146871324571393,3,0.3323376514489056,0.41311131195264916,0.25455103659844525,O3
2025-08-31 22:14:00,0.2855507999870006,14.377772443706059,13.969424000210921,15.171763111193727,494.81176504804284,14.0922850922252,3,0.3549178877824525,0.38967773622771784,0.2554043759898296,O3
2025-08-31 22:29:00,0.2358391555805332,14.468758221643485,14.386515333802178,11.07757577794797,512.2517720576598,13.888936815679884,3,0.37575704337109095,0.3671154874808707,0.2571274691480383,NO2
2025-08-31 22:44:00,0.23446925928706658,14.305537777482185,14.858785555750309,11.659100666854231,515.3944187471665,13.972553895154821,3,0.39658517941042204,0.34504204403641764,0.2583727765531603,NO2
2025-08-31 22:59:00,0.22829683709566664,13.110193110398926,13.817955333717839,13.863070888813484,491.5750656282198,14.031668224142146,3,0.4117214911533237,0.3290855215510636,0.25919298729561274,NO2
2025-08-31 23:14:00,0.23618405188389985,13.537509777104894,13.825558444850545,12.93696022226491,495.58922509297986,13.998623659646231,3,0.4235429681597466,0.31739252824794817,0.25906450359230515,NO2
2025-08-31 23:29:00,0.23379200003936657,13.631161110392338,13.872658444875007,9.659535333271391,506.51640897786655,14.07930279980042,3,0.43628554864809627,0.30305865791383974,0.260655793438064,NO2
2025-08-31 23:44:00,0.2255185926468335,12.700042888106605,13.875068445021338,11.918910000130808,533.9546125309403,13.925809447103989,3,0.45147746154939916,0.2870416115910968,0.261480926859504,NO2
2025-08-31 23:59:00,0.22855648152753347,12.488615777041572,14.000741333729973,12.18220777793737,530.0598359041501,13.833835421217962,3,0.45903218407496543,0.27919830615854296,0.2617695097664916,NO2
2025-09-01 00:14:00,0.22871827412530008,12.398049554826438,13.843877333772971,11.853942889058606,526.45988837941,14.046689878722443,3,0.46532829670137643,0.2721346862699279,0.2625370170286957,NO2
2025-09-01 00:29:00,0.23168798522623338,13.21192577714348,14.044944889309608,11.663771555732502,469.7684562772974,13.798614175623914,3,0.46969703447728184,0.2670367378906901,0.26326622763202806,NO2
2025-09-01 00:44:00,0.22479695561003335,10.471702888516887,13.632304222707901,11.316070889009037,528.2231483198868,14.017071389124053,2,0.47672564322113353,0.2583844049166553,0.2648899518622112,NO2
2025-09-01 00:59:00,0.2196757741187332,10.312954888614092,13.189654667015938,8.074575777567132,529.3596684332933,14.07147512874836,2,0.4811085787594343,0.24990381115524485,0.26898761008532085,NO2
2025-09-01 01:14:00,0.21917512227106664,10.159305110904828,12.563369777894913,7.716618444324135,538.039647628293,14.133717631355552,2,0.4853988970505616,0.24083302943953885,0.2737680735098995,NO2
2025-09-01 01:29:00,0.21730780374436667,10.22335955527052,12.120697777866646,7.829724222114734,530.1034198533798,14.025430555961503,2,0.4846934988376029,0.23790215172407464,0.2774043494383225,NO2
2025-09-01 01:44:00,0.20860643705769993,10.03266799976749,11.815639333422483,7.793394666579329,529.9788653784967,14.207625568075594,2,0.48323073648639886,0.23453456830302377,0.2822346952105773,NO2
2025-09-01 01:59:00,0.20114445927673325,9.83378999966669,11.64165488898615,8.211668888704901,528.9504017534799,14.095918014796395,2,0.4848674109753982,0.22791900924783898,0.2872135797767628,NO2
2025-09-01 02:14:00,0.23056978523276672,10.736226888350288,12.372738889019613,7.256149777732999,530.4038882387932,14.001619132762455,2,0.4878009016126608,0.2205529335764386,0.2916461648109006,NO2
2025-09-01 02:29:00,0.22302757040643326,10.393516221906355,11.879760000127519,7.009219555476335,544.4415956939836,14.047668113074385,2,0.4871053708541282,0.21795365250213422,0.2949409766437376,NO2
2025-09-01 02:44:00,0.23008265560113345,12.521261777052814,12.570230444571514,7.714393777664569,532.7785933045567,13.938820816688345,2,0.4889677822324846,0.2124123361549265,0.2986198816125889,NO2
2025-09-01 02:59:00,0.2277169852293667,10.170329332592429,11.694777333384431,5.799161333230366,522.6364731132531,14.165657025694928,2,0.4910664752434114,0.20383501964556944,0.30509850511101916,NO2
2025-09-01 03:14:00,0.22346977040766652,9.846464221631225,11.881904444521725,6.709152888814971,529.7103113964602,14.016415252769846,2,0.49291543503938684,0.19684955753117742,0.31023500742943577,NO2
2025-09-01 03:29:00,0.2192546963297999,9.765197555101729,11.638916000082087,6.6615417777097345,533.8021394432602,13.97607813611981,2,0.4937309818460298,0.19007319130513717,0.316195826848833,NO2
2025-09-01 03:44:00,0.2066486666856998,9.659737999569264,11.36345333349028,6.686138888808369,533.092828170687,13.704712387794014,2,0.49489078567604944,0.18377382712655235,0.3213353871973982,NO2
2025-09-01 03:59:00,0.20319446668700006,9.470430221939257,11.02587133351342,6.7388659999077385,534.219142594427,13.699997858586435,2,0.4928556088694505,0.18296722330159582,0.32417716782895367,NO2
2025-09-01 04:14:00,0.19722431853990008,9.186092221858196,10.507170000254854,6.875604666611704,532.8413359094637,13.671805825997797,2,0.49053247265464534,0.1829755933989688,0.32649193394638587,NO2
2025-09-01 04:29:00,0.19886683704686678,10.250231777948194,10.56962533359749,6.845697111043471,518.8271805437208,13.44435431463175,2,0.48934440429553544,0.1824465121133096,0.32820908359115497,NO2
2025-09-01 04:44:00,0.1973058296432001,10.403224889112158,10.49214600011126,6.806183999906272,519.0992534907781,13.52373930839294,2,0.4886544023536133,0.18179181382743947,0.3295537838189473,NO2
2025-09-01 04:59:00,0.1918501148292,9.646925778020861,9.706058666876231,6.761068222144206,515.1298685700831,13.42721519276907,2,0.4873070922939192,0.18068173912762758,0.3320111685784532,NO2
2025-09-01 05:14:00,0.1887957592747999,7.983944222076169,9.59411711133023,7.324996888791003,539.1593429754204,13.541650424042395,2,0.48249138042200684,0.1828081476278272,0.33470047195016595,NO2
2025-09-01 05:29:00,0.18443461111603335,7.851313999731706,9.560860889120933,7.565462666614936,530.59055079541,13.609025666558985,2,0.47790798397598905,0.18555559240461889,0.33653642361939207,NO2
2025-09-01 05:44:00,0.1857723111150333,9.323041111286129,9.374411555775165,7.056921999930674,515.9910117284292,13.517967494295933,2,0.4728230651698213,0.18670507898654667,0.340471855843632,NO2
2025-09-01 05:59:00,0.19298611110970007,9.213566000052664,9.742777555798199,8.47789777761883,542.9257252024306,13.583463267855157,2,0.4666492694256641,0.19328539649685883,0.3400653340774771,NO2
2025-09-01 06:14:00,0.18606039259166668,9.448230444634394,9.465395777976866,7.022655777711973,514.2470565526398,13.482456607748304,2,0.4619738484173219,0.19584927461107854,0.34217687697159954,NO2
2025-09-01 06:29:00,0.1840098495823333,7.826506888778499,9.279690666867362,7.109456888816705,537.2600257988804,13.405905973752656,2,0.45721948439940474,0.19868559074517664,0.3440949248554186,NO2
2025-09-01 06:44:00,0.19047352222826672,9.539667333477695,9.721905111329566,7.936956666604404,546.871629722584,13.614131289668611,2,0.45256561665748335,0.20231752657784902,0.34511685676466763,NO2
2025-09-01 06:59:00,0.19016864816423334,9.41015000015086,9.564238222434334,7.432139333293671,547.020676421044,13.505071380594956,2,0.4489476594632836,0.20483726715544526,0.34621507338127117,NO2
2025-09-01 07:14:00,0.18597248889249995,9.469842889098826,9.362166889090664,7.083288666596373,547.0476372503572,13.396712663953494,2,0.4465624451845685,0.20625214720673674,0.34718540760869476,NO2
2025-09-01 07:29:00,0.17286400739740018,7.699703110894302,9.522053111321597,9.383156888830731,524.8952325080702,13.697469378734855,2,0.4414207189012613,0.21171972045129897,0.3468595606474398,NO2
2025-09-01 07:44:00,0.1749022740848667,7.745684222050602,9.63631533348043,9.554445777743064,535.6815420639401,13.685426800584846,2,0.43658732901169967,0.2174313400666838,0.34598133092161654,NO2
2025-09-01 07:59:00,0.18121218891706667,9.293675555358938,9.782535777957099,8.698212222207426,487.60227274541,13.464128929734347,2,0.4347392122824058,0.22089640022276077,0.34436438749483345,NO2
2025-09-01 08:14:00,0.18663204446723344,10.420956000025171,10.664300000066534,9.022160444370423,486.8922069119594,13.494265728838116,2,0.4353567092067028,0.22309342586498962,0.34154986492830763,NO2
2025-09-01 08:29:00,0.19071144448853358,16.402807111368663,12.390556666351754,10.03930355563563,484.295052822427,13.37754805500112,2,0.4390501314385075,0.22524230370867884,0.33570756485281367,NO2
2025-09-01 08:44:00,0.18343951855753335,15.39197044507901,11.535038221878693,9.719616000089061,541.5900161375702,13.388782512806822,2,0.44098035250419193,0.22816425133574955,0.33085539616005855,NO2
2025-09-01 08:59:00,0.17580733334469997,15.281617334007011,11.464740221891061,10.523616000104967,531.3459609326196,13.124143467160774,2,0.44287671181392785,0.2304719264363961,0.326651361749676,NO2
2025-09-01 09:14:00,0.17669457779196668,16.490858222482665,11.528257555205895,10.86955088902993,535.9650463135434,13.114980746631542,2,0.44357160961909575,0.23544536293852336,0.3209830274423809,NO2
2025-09-01 09:29:00,0.17875134588833344,20.64768733461363,11.696301999583039,12.379243777974306,524.8263404822831,13.1682134802554,2,0.4434604610757484,0.24224264230177023,0.3142968966224814,NO2
2025-09-01 09:44:00,0.1753322592543667,22.719006000078302,11.289508444143427,16.553970222198522,518.7521199433565,13.397713877919628,2,0.43858721645153237,0.2547951547497619,0.3066176287987058,NO2
2025-09-01 09:59:00,0.17218760510780015,22.365618222483636,10.89645155514229,19.326708666672694,520.95015998597,13.29317003800423,2,0.4305708905357412,0.271914205015357,0.2975149044489018,NO2
2025-09-01 10:14:00,0.17188623533193353,20.86795155682229,7.181256102368495,20.704922000128796,498.3157739292737,13.312913546733661,2,0.41480469699498096,0.29380464824977637,0.2913906547552427,NO2
2025-09-01 10:29:00,0.15722497033813335,22.66054466678263,7.125761845955735,27.885511367217315,472.39754119144044,13.272880603932208,2,0.3956723866841652,0.321783796038226,0.28254381727760886,NO2
2025-09-01 10:44:00,0.15375110308516685,22.453966222408965,6.780562546798433,29.083827589583493,466.5194536741303,13.273224677531385,2,0.3759358884821356,0.3500284040298399,0.2740357074880245,NO2
2025-09-01 10:59:00,0.15279636063726681,20.902917556655282,6.186038410111633,30.501049589675823,465.2073282368937,13.061159834251098,2,0.35431553582981445,0.3802247958397755,0.26545966833041007,O3
