DATE,TE,CO,NO,NO2,O3,CO2,T,RH,PM1.0,PM2.5,PM10,AQHI,Top_AQHI_Contributor
2025-06-24T17:00:59,QAQ,66.21999999999993,2.7899999999999183,-0.10500000000014321,11.040000000000052,1396.6,28.6,37.1,2.67,3.62,4.76,1,PM25
2025-06-24T17:01:59,QAQ,67.43000000000008,2.7900000000000205,0.10500000000014321,10.919999999999888,1399.3,28.6,37.2,2.73,3.86,6.71,1,PM25
2025-06-24T17:02:59,QAQ,66.55000000000001,3.15,0.21000000000004768,10.440000000000055,1400.3,28.5,37.1,2.68,3.89,6.92,1,PM25
2025-06-24T17:03:59,QAQ,68.75,3.2400000000000206,0.6300000000001432,10.2,1402.2,28.5,36.9,2.7,3.65,6.06,1,PM25
2025-06-24T17:04:59,QAQ,70.83999999999997,3.15,1.1549999999999045,9.6,1403.6,28.4,37.2,2.7,3.82,6.27,1,PM25
2025-06-24T17:05:59,QAQ,70.83999999999997,3.419999999999959,0.6299999999999045,10.080000000000108,1405.6,28.4,36.9,2.65,3.75,6.91,1,PM25
2025-06-24T17:06:59,QAQ,83.05000000000001,3.4200000000000617,1.1549999999999045,9.120000000000163,1405.6,28.3,36.9,2.65,3.48,7.11,1,PM25
2025-06-24T17:07:59,QAQ,90.42000000000006,3.5099999999999794,1.6799999999999047,9.0,1409.6,28.3,37.1,2.7,3.72,5.46,1,PM25
2025-06-24T17:08:59,QAQ,76.22999999999996,2.7,0.8399999999999523,9.840000000000055,1404.0,28.3,37.3,2.61,3.88,7.86,1,PM25
2025-06-24T17:09:59,QAQ,75.23999999999998,3.419999999999959,1.5750000000000002,9.240000000000054,1405.9,28.2,37.7,2.67,3.86,8.69,1,PM25
2025-06-24T17:10:59,QAQ,73.37000000000006,2.5200000000000613,1.05,9.959999999999946,1405.0,28.2,37.9,2.76,3.64,5.15,1,PM25
2025-06-24T17:11:59,QAQ,71.5,2.7900000000000205,0.9449999999998568,10.080000000000108,1405.1,28.2,38.2,2.76,3.83,5.39,1,PM25
2025-06-24T17:12:59,QAQ,74.13999999999999,3.330000000000041,1.260000000000048,9.839999999999781,1405.5,28.1,38.1,2.72,3.94,4.98,1,PM25
2025-06-24T17:13:59,QAQ,76.3400000000001,2.7899999999999183,1.1549999999999045,10.2,1409.1,28.1,38.4,2.82,3.92,8.39,1,PM25
2025-06-24T17:14:59,QAQ,75.23999999999998,2.9699999999999593,1.8899999999999522,9.240000000000054,1408.8,28.0,38.7,2.77,4.02,9.56,1,PM25
2025-06-24T17:15:59,QAQ,74.91000000000003,2.7,1.8899999999999522,9.6,1407.6,28.0,39.0,2.79,3.93,6.14,1,PM25
2025-06-24T17:16:59,QAQ,73.58999999999997,3.0599999999999796,1.364999999999952,9.6,1405.7,28.0,38.8,2.74,3.51,8.24,1,PM25
2025-06-24T17:17:59,QAQ,74.80000000000001,2.9700000000000615,1.364999999999952,9.480000000000109,1407.8,27.9,38.7,2.8,3.99,9.13,1,PM25
2025-06-24T17:18:59,QAQ,75.67999999999995,2.7,1.6799999999999047,9.6,1406.2,27.9,38.8,2.82,3.8,9.44,1,PM25
2025-06-24T17:19:59,QAQ,77.55000000000001,3.15,1.364999999999952,9.720000000000164,1408.7,27.8,38.9,2.72,3.79,6.2,1,PM25
2025-06-24T17:20:59,QAQ,75.67999999999995,2.6099999999999794,0.9449999999998568,9.959999999999946,1404.6,27.8,38.8,2.75,3.83,5.93,1,PM25
2025-06-24T17:21:59,QAQ,75.46000000000004,2.610000000000082,1.365000000000191,10.079999999999837,1408.5,27.8,38.8,2.79,3.7,5.4,1,PM25
2025-06-24T17:22:59,QAQ,73.36999999999993,2.429999999999939,1.785000000000048,9.71999999999989,1407.9,27.7,39.2,2.75,4.16,9.41,1,PM25
2025-06-24T17:23:59,QAQ,75.35000000000001,1.9799999999999387,2.625,9.959999999999946,1410.8,27.7,40.2,2.9,4.19,8.14,1,PM25
2025-06-24T17:24:59,QAQ,74.25,3.780000000000041,3.8850000000000477,8.040000000000054,1408.5,27.7,41.0,3.09,4.34,10.34,1,PM25
2025-06-24T17:25:59,QAQ,75.02000000000005,3.330000000000041,4.620000000000096,7.559999999999945,1408.7,27.6,41.7,3.11,4.35,8.41,1,PM25
2025-06-24T17:26:59,QAQ,73.03999999999998,1.9800000000000406,2.9399999999999524,9.480000000000109,1407.7,27.6,41.9,3.12,3.93,6.16,1,PM25
2025-06-24T17:27:59,QAQ,76.45,1.9800000000000406,3.0449999999998574,9.720000000000164,1411.4,27.5,42.4,3.13,4.27,7.91,1,PM25
2025-06-24T17:28:59,QAQ,75.23999999999998,2.25,2.5200000000000955,9.71999999999989,1411.3,27.5,42.5,3.19,4.38,9.96,1,PM25
2025-06-24T17:29:59,QAQ,75.67999999999995,1.1699999999999589,2.1,10.559999999999945,1408.0,27.5,42.7,3.45,4.69,11.64,1,PM25
2025-06-24T17:30:59,QAQ,77.11000000000003,1.9800000000000406,2.4149999999999525,9.959999999999946,1410.1,27.4,42.8,3.21,4.34,9.16,1,PM25
2025-06-24T17:31:59,QAQ,79.08999999999997,1.6199999999999588,2.1,10.2,1412.6,27.4,43.0,3.43,4.76,11.36,1,PM25
2025-06-24T17:32:59,QAQ,82.06000000000003,1.9800000000000406,2.4149999999999525,9.959999999999946,1409.8,27.3,43.1,3.3,4.63,11.69,1,PM25
2025-06-24T17:33:59,QAQ,79.63999999999999,1.8900000000000206,2.5200000000000955,10.079999999999837,1411.7,27.3,43.3,3.53,4.64,5.88,1,PM25
2025-06-24T17:34:59,QAQ,79.42000000000006,1.8,1.5750000000000002,10.320000000000164,1410.8,27.3,43.2,3.5,4.59,8.22,1,PM25
2025-06-24T17:35:59,QAQ,76.88999999999999,1.6199999999999588,1.4700000000000955,10.679999999999836,1408.8,27.2,43.0,3.61,5.04,9.56,1,PM25
2025-06-24T17:36:59,QAQ,77.87999999999995,1.6199999999999588,1.6800000000001434,10.679999999999836,1409.4,27.2,43.1,3.68,4.76,6.82,1,PM25
2025-06-24T17:37:59,QAQ,78.76000000000003,1.8,1.4699999999998568,10.560000000000217,1412.7,27.1,43.0,3.77,5.12,9.21,1,PM25
2025-06-24T17:38:59,QAQ,77.76999999999992,2.610000000000082,1.5750000000000002,9.959999999999946,1411.6,27.1,42.7,3.57,4.88,6.88,1,PM25
2025-06-24T17:39:59,QAQ,75.67999999999995,2.25,0.9450000000000955,9.959999999999946,1414.9,27.0,42.1,3.54,4.52,7.89,1,PM25
2025-06-24T17:40:59,QAQ,77.32999999999996,3.5099999999999794,1.9949999999998573,8.760000000000218,1410.7,27.0,41.7,3.53,4.84,12.18,1,PM25
2025-06-24T17:41:59,QAQ,78.86999999999993,3.15,2.5199999999998575,8.760000000000218,1413.4,26.9,41.7,3.61,4.7,9.97,1,PM25
2025-06-24T17:42:59,QAQ,78.53999999999998,3.7799999999999385,3.0450000000000954,8.279999999999836,1415.3,26.9,41.9,3.43,4.46,8.52,1,PM25
2025-06-24T17:43:59,QAQ,76.77999999999996,2.7900000000000205,1.7849999999998092,9.360000000000218,1412.5,26.8,41.5,3.56,4.52,9.13,1,PM25
2025-06-24T17:44:59,QAQ,77.77000000000005,2.7900000000000205,2.1,9.240000000000054,1413.9,26.8,41.7,3.57,4.79,9.9,1,PM25
2025-06-24T17:45:59,QAQ,76.45,1.9799999999999387,1.259999999999809,9.720000000000164,1414.4,26.7,41.7,3.57,4.73,9.91,1,PM25
2025-06-24T17:46:59,QAQ,79.31000000000003,2.339999999999918,1.364999999999952,9.6,1410.3,26.7,41.7,3.42,4.47,6.26,1,PM25
2025-06-24T17:47:59,QAQ,76.01000000000003,2.6099999999999794,1.1549999999999045,9.359999999999944,1413.6,26.7,41.2,3.46,4.77,10.0,1,PM25
2025-06-24T17:48:59,QAQ,71.5,2.3400000000000207,1.1550000000001432,9.6,1411.0,26.6,40.9,3.3,4.66,6.3,1,PM25
2025-06-24T17:49:59,QAQ,72.81999999999994,2.339999999999918,1.364999999999952,9.6,1413.5,26.6,41.3,3.19,4.33,5.6,1,PM25
2025-06-24T17:50:59,QAQ,72.81999999999994,2.069999999999959,1.1549999999999045,9.71999999999989,1411.7,26.5,41.5,3.18,4.18,7.18,1,PM25
2025-06-24T17:51:59,QAQ,75.46000000000004,2.069999999999959,1.4700000000000955,9.71999999999989,1411.1,26.5,41.7,3.14,4.34,6.7,1,PM25
2025-06-24T17:52:59,QAQ,74.25,1.8,1.260000000000048,9.959999999999946,1408.9,26.5,41.8,3.16,4.31,7.75,1,PM25
2025-06-24T17:53:59,QAQ,70.72999999999996,1.7099999999999795,1.364999999999952,9.720000000000164,1409.3,26.4,41.9,3.04,3.85,6.6,1,PM25
2025-06-24T17:54:59,QAQ,72.37999999999995,1.6200000000000614,1.6799999999999047,9.959999999999946,1413.9,26.4,42.2,3.13,3.8,4.12,1,PM25
2025-06-24T17:55:59,QAQ,71.72000000000006,1.4400000000000206,2.1,10.080000000000108,1413.3,26.4,43.0,3.16,4.18,8.45,1,PM25
2025-06-24T17:56:59,QAQ,73.7,1.2599999999999796,1.6800000000001434,10.079999999999837,1412.9,26.4,43.3,3.23,4.33,6.97,1,PM25
2025-06-24T17:57:59,QAQ,72.71000000000004,1.7099999999999795,1.6799999999999047,9.959999999999946,1413.7,26.4,43.5,3.27,4.41,7.85,1,PM25
2025-06-24T17:58:59,QAQ,70.07000000000005,2.25,2.7300000000001434,9.6,1417.7,26.3,43.8,3.21,4.64,7.91,1,PM25
2025-06-24T17:59:59,QAQ,69.85000000000001,1.8,2.4149999999999525,9.6,1415.3,26.3,44.0,3.22,4.27,7.49,1,PM25
2025-06-24T18:00:59,QAQ,71.83000000000008,1.7099999999999795,2.625,9.480000000000109,1416.9,26.3,44.3,3.36,4.47,7.15,1,PM25
2025-06-24T18:01:59,QAQ,71.82999999999996,1.2599999999999796,2.2049999999999046,10.080000000000108,1415.6,26.2,44.6,3.25,4.32,6.69,1,PM25
2025-06-24T18:02:59,QAQ,75.68000000000008,1.4400000000000206,1.9949999999998573,10.320000000000164,1414.4,26.2,44.8,3.47,4.56,6.92,1,PM25
2025-06-24T18:03:59,QAQ,78.42999999999995,1.4400000000000206,2.1,9.959999999999946,1415.1,26.2,44.8,3.31,4.28,5.96,1,PM25
2025-06-24T18:04:59,QAQ,74.68999999999998,1.4400000000000206,1.4699999999998568,10.2,1413.9,26.1,44.7,3.2,4.21,7.56,1,PM25
2025-06-24T18:05:59,QAQ,72.82000000000005,2.4300000000000406,2.3100000000000476,9.479999999999835,1416.8,26.1,44.6,3.06,3.77,4.29,1,PM25
2025-06-24T18:06:59,QAQ,74.1400000000001,1.8900000000000206,2.1,9.480000000000109,1414.6,26.1,44.5,3.14,3.91,7.14,1,PM25
2025-06-24T18:07:59,QAQ,70.95,1.8,2.2049999999999046,9.840000000000055,1415.5,26.0,44.5,3.03,3.86,5.49,1,PM25
2025-06-24T18:08:59,QAQ,69.74000000000011,2.7,2.9399999999999524,9.240000000000054,1418.0,26.0,44.8,3.02,3.74,7.54,1,PM25
2025-06-24T18:09:59,QAQ,71.61000000000003,0.7199999999999591,1.9949999999998573,10.2,1413.0,25.9,45.5,3.23,4.21,6.3,1,PM25
2025-06-24T18:10:59,QAQ,73.48000000000008,0.9900000000000205,2.4149999999999525,9.720000000000164,1412.6,25.9,45.8,3.32,4.27,6.72,1,PM25
2025-06-24T18:11:59,QAQ,72.71000000000004,1.0799999999999386,2.4149999999999525,9.6,1412.8,25.9,45.9,3.38,4.62,7.54,1,PM25
2025-06-24T18:12:59,QAQ,72.48999999999998,1.0799999999999386,1.8899999999999522,10.080000000000108,1410.1,25.9,45.9,3.3,4.61,7.55,1,PM25
2025-06-24T18:13:59,QAQ,73.7,0.9,2.2050000000001435,9.71999999999989,1412.1,25.8,46.0,3.21,4.11,10.13,1,PM25
2025-06-24T18:14:59,QAQ,74.36000000000003,2.4300000000000406,2.625,8.879999999999836,1416.8,25.8,45.9,3.17,3.99,5.66,1,PM25
2025-06-24T18:15:59,QAQ,74.80000000000001,1.7099999999999795,2.625,8.639999999999782,1414.4,25.8,45.7,3.2,4.48,9.2,1,PM25
2025-06-24T18:16:59,QAQ,74.36000000000003,2.1599999999999797,2.7300000000001434,8.879999999999836,1416.0,25.8,45.7,3.13,3.94,6.68,1,PM25
2025-06-24T18:17:59,QAQ,72.38000000000008,1.9799999999999387,2.625,9.240000000000054,1418.7,25.7,45.5,3.13,4.24,6.74,1,PM25
2025-06-24T18:18:59,QAQ,73.15,1.6199999999999588,2.3100000000000476,9.359999999999944,1413.9,25.7,45.6,3.15,4.14,5.44,1,PM25
2025-06-24T18:19:59,QAQ,75.01999999999992,1.8900000000000206,1.8899999999999522,9.71999999999989,1416.0,25.7,45.5,3.14,4.19,6.4,1,PM25
2025-06-24T18:20:59,QAQ,72.92999999999995,1.35,1.5750000000000002,10.2,1412.7,25.7,45.4,3.2,4.38,6.82,1,PM25
2025-06-24T18:21:59,QAQ,72.82000000000005,1.0799999999999386,1.6799999999999047,10.080000000000108,1413.7,25.6,45.7,3.26,4.55,6.36,1,PM25
2025-06-24T18:22:59,QAQ,76.01000000000003,1.530000000000041,1.8899999999999522,9.840000000000055,1413.0,25.6,45.7,3.23,4.14,5.41,1,PM25
2025-06-24T18:23:59,QAQ,73.15,1.0799999999999386,1.5750000000000002,10.080000000000108,1415.7,25.6,45.8,3.2,4.05,5.2,1,PM25
2025-06-24T18:24:59,QAQ,71.28000000000009,1.8900000000000206,2.4149999999999525,9.480000000000109,1415.0,25.6,45.9,3.11,4.36,11.18,1,PM25
2025-06-24T18:25:59,QAQ,74.47000000000006,1.9800000000000406,2.1,9.359999999999944,1419.6,25.6,45.8,3.13,3.91,7.54,1,PM25
2025-06-24T18:26:59,QAQ,73.26000000000003,2.1599999999999797,2.4149999999999525,9.0,1416.9,25.6,45.8,3.11,4.12,7.18,1,PM25
2025-06-24T18:27:59,QAQ,71.06000000000003,2.9700000000000615,3.5699999999998573,7.680000000000109,1422.1,25.5,45.8,3.08,4.31,8.15,1,PM25
2025-06-24T18:28:59,QAQ,72.05000000000001,2.25,3.9899999999999523,7.559999999999945,1417.9,25.5,46.1,3.04,4.29,7.55,1,PM25
2025-06-24T18:29:59,QAQ,73.47999999999996,2.25,2.834999999999809,8.4,1418.7,25.5,46.0,3.01,3.83,6.64,1,PM25
2025-06-24T18:30:59,QAQ,72.48999999999998,2.0700000000000616,2.8350000000000475,8.879999999999836,1417.4,25.5,46.1,3.01,3.74,4.36,1,PM25
2025-06-24T18:31:59,QAQ,74.47000000000006,1.8900000000000206,2.7299999999999045,8.759999999999945,1420.7,25.5,46.3,3.05,4.09,6.58,1,PM25
2025-06-24T18:32:59,QAQ,72.71000000000004,1.2599999999999796,2.4149999999999525,9.240000000000054,1417.2,25.5,46.6,3.09,4.11,7.8,1,PM25
2025-06-24T18:33:59,QAQ,73.03999999999998,1.1699999999999589,2.3100000000000476,9.240000000000054,1413.2,25.5,46.8,2.93,4.05,7.49,1,PM25
2025-06-24T18:34:59,QAQ,75.57000000000005,1.4400000000000206,2.7299999999999045,8.759999999999945,1416.4,25.5,47.0,3.05,4.04,6.97,1,PM25
2025-06-24T18:35:59,QAQ,73.0400000000001,1.8,2.8350000000000475,8.879999999999836,1419.5,25.5,47.2,3.13,4.45,7.35,1,PM25
2025-06-24T18:36:59,QAQ,71.6099999999999,2.3400000000000207,3.0450000000000954,8.879999999999836,1421.2,25.5,47.3,3.24,4.51,8.41,1,PM25
2025-06-24T18:37:59,QAQ,73.26000000000003,1.4400000000000206,2.3100000000000476,9.0,1420.0,25.5,47.4,3.18,4.4,6.96,1,PM25
2025-06-24T18:38:59,QAQ,71.27999999999996,1.0799999999999386,1.890000000000191,9.71999999999989,1415.5,25.4,47.5,3.24,4.25,7.46,1,PM25
2025-06-24T18:39:59,QAQ,71.93999999999998,1.4400000000000206,2.3100000000000476,9.120000000000163,1417.1,25.4,47.6,3.29,4.36,6.41,1,PM25
2025-06-24T18:40:59,QAQ,75.02000000000005,0.9900000000000205,1.9949999999998573,9.480000000000109,1415.8,25.4,47.8,3.33,4.51,8.89,1,PM25
2025-06-24T18:41:59,QAQ,74.25,0.9,2.1,9.359999999999944,1416.0,25.4,47.9,3.23,4.32,6.16,1,PM25
2025-06-24T18:42:59,QAQ,76.12000000000006,1.2599999999999796,2.2050000000001435,8.879999999999836,1415.3,25.4,48.1,3.19,4.61,8.94,1,PM25
2025-06-24T18:43:59,QAQ,74.91000000000003,0.9,2.5200000000000955,8.88000000000011,1416.9,25.4,48.2,3.25,4.22,6.7,1,PM25
2025-06-24T18:44:59,QAQ,76.11999999999993,2.7,3.6750000000000003,7.680000000000109,1415.2,25.4,48.3,3.49,4.76,6.93,1,PM25
2025-06-24T18:45:59,QAQ,81.8400000000001,1.9799999999999387,3.5699999999998573,7.8,1421.7,25.3,48.5,3.39,4.45,6.29,1,PM25
2025-06-24T18:46:59,QAQ,78.21000000000004,2.069999999999959,3.254999999999905,7.920000000000163,1422.1,25.3,48.5,3.47,4.65,5.92,1,PM25
2025-06-24T18:47:59,QAQ,74.80000000000001,2.160000000000082,3.3600000000000474,7.919999999999891,1421.0,25.3,48.5,3.55,4.84,6.56,1,PM25
2025-06-24T18:48:59,QAQ,72.70999999999991,1.6199999999999588,3.0449999999998574,8.4,1418.7,25.3,48.5,3.63,4.35,7.11,1,PM25
2025-06-24T18:49:59,QAQ,73.7,1.5299999999999387,2.625,8.279999999999836,1417.9,25.3,48.6,3.72,5.02,7.0,1,PM25
2025-06-24T18:50:59,QAQ,72.92999999999995,1.35,2.9399999999999524,8.640000000000054,1415.7,25.2,48.8,3.57,4.75,7.55,1,PM25
2025-06-24T18:51:59,QAQ,74.47000000000006,1.0800000000000411,2.3100000000000476,8.759999999999945,1417.2,25.2,48.8,3.61,4.65,6.62,1,PM25
2025-06-24T18:52:59,QAQ,75.46000000000004,1.2599999999999796,2.3100000000000476,9.0,1417.2,25.2,49.0,3.54,4.83,8.75,1,PM25
2025-06-24T18:53:59,QAQ,74.46999999999993,1.710000000000082,2.7300000000001434,8.640000000000054,1419.6,25.2,49.1,3.47,4.67,8.0,1,PM25
2025-06-24T18:54:59,QAQ,81.17999999999995,2.1599999999999797,2.7300000000001434,8.640000000000054,1422.2,25.1,49.2,3.52,4.7,7.43,1,PM25
2025-06-24T18:55:59,QAQ,76.77999999999996,1.2599999999999796,2.1,9.240000000000054,1418.1,25.1,49.3,3.64,4.48,5.99,1,PM25
2025-06-24T18:56:59,QAQ,79.97000000000006,1.6200000000000614,2.1,8.879999999999836,1419.5,25.1,49.3,3.68,5.31,11.06,1,PM25
2025-06-24T18:57:59,QAQ,77.55000000000001,2.3400000000000207,2.1,8.88000000000011,1421.8,25.0,49.0,3.77,4.83,8.02,1,PM25
2025-06-24T18:58:59,QAQ,79.53000000000009,1.8900000000000206,1.890000000000191,9.0,1420.2,25.0,48.8,3.86,5.01,8.32,1,PM25
2025-06-24T18:59:59,QAQ,73.91999999999993,1.8,2.1,9.480000000000109,1422.9,25.0,48.8,3.82,4.67,7.23,1,PM25
2025-06-24T19:00:59,QAQ,70.62000000000006,1.7099999999999795,2.4149999999999525,9.120000000000163,1420.8,24.9,49.1,3.76,4.72,6.36,1,PM25
2025-06-24T19:01:59,QAQ,70.72999999999996,2.0700000000000616,2.1,9.240000000000054,1421.9,24.9,49.3,3.82,4.86,6.88,1,PM25
2025-06-24T19:02:59,QAQ,73.15,1.530000000000041,2.4149999999999525,9.120000000000163,1418.9,24.9,49.5,3.72,4.74,5.43,1,PM25
2025-06-24T19:03:59,QAQ,72.16000000000003,1.35,2.2049999999999046,9.120000000000163,1419.5,24.8,49.7,3.77,4.85,7.34,1,PM25
2025-06-24T19:04:59,QAQ,71.38999999999999,1.1699999999999589,1.8899999999999522,9.6,1417.5,24.8,49.8,3.71,4.73,6.51,1,PM25
2025-06-24T19:05:59,QAQ,71.5,1.5299999999999387,2.625,9.0,1420.1,24.8,50.0,3.53,4.86,7.29,1,PM25
2025-06-24T19:06:59,QAQ,71.72000000000006,2.0700000000000616,2.625,8.760000000000218,1423.3,24.8,50.1,3.58,4.94,7.88,1,PM25
2025-06-24T19:07:59,QAQ,70.28999999999998,1.710000000000082,2.3100000000000476,8.88000000000011,1421.1,24.7,50.2,3.43,4.51,5.96,1,PM25
2025-06-24T19:08:59,QAQ,72.26999999999992,1.6199999999999588,2.5199999999998575,8.88000000000011,1420.9,24.7,50.3,3.3,4.49,7.27,1,PM25
2025-06-24T19:09:59,QAQ,70.61999999999993,2.069999999999959,3.1500000000000004,8.279999999999836,1423.5,24.7,50.3,3.27,4.29,7.6,1,PM25
2025-06-24T19:10:59,QAQ,71.27999999999996,1.8900000000000206,2.9399999999999524,8.159999999999945,1419.8,24.7,50.3,3.13,4.4,7.96,1,PM25
2025-06-24T19:11:59,QAQ,72.60000000000001,1.5299999999999387,2.3100000000000476,8.159999999999945,1419.3,24.7,49.9,2.94,4.04,7.07,1,PM25
2025-06-24T19:12:59,QAQ,70.51000000000003,1.4400000000000206,1.9950000000000956,8.88000000000011,1418.9,24.7,49.7,3.0,3.96,8.03,1,PM25
2025-06-24T19:13:59,QAQ,70.4,1.7099999999999795,1.6799999999999047,8.759999999999945,1417.1,24.7,49.4,2.86,3.85,5.26,1,PM25
2025-06-24T19:14:59,QAQ,69.73999999999998,1.6199999999999588,1.7849999999998092,8.640000000000054,1419.1,24.6,49.2,2.84,3.7,7.17,1,PM25
2025-06-24T19:15:59,QAQ,69.30000000000001,1.6199999999999588,1.9949999999998573,9.0,1419.4,24.6,49.4,3.06,3.9,7.12,1,PM25
2025-06-24T19:16:59,QAQ,68.63999999999999,2.7,3.4649999999999523,7.440000000000055,1426.2,24.6,49.4,2.75,3.98,7.65,1,PM25
2025-06-24T19:17:59,QAQ,68.8599999999999,1.6200000000000614,2.5199999999998575,8.160000000000219,1420.7,24.6,49.3,2.82,3.72,5.42,1,PM25
2025-06-24T19:18:59,QAQ,69.07999999999997,1.9799999999999387,2.3100000000000476,8.040000000000054,1419.6,24.6,49.2,2.85,4.21,7.1,1,PM25
2025-06-24T19:19:59,QAQ,66.87999999999997,1.6200000000000614,1.6799999999999047,8.520000000000163,1420.3,24.6,49.0,2.73,3.51,4.4,1,PM25
2025-06-24T19:20:59,QAQ,67.87000000000006,1.4399999999999182,1.4699999999998568,9.0,1416.1,24.6,49.0,2.71,3.77,7.24,1,PM25
2025-06-24T19:21:59,QAQ,69.40999999999991,1.8,1.4699999999998568,9.0,1417.3,24.6,48.9,2.81,3.77,5.52,1,PM25
2025-06-24T19:22:59,QAQ,67.65,1.7099999999999795,1.4699999999998568,9.120000000000163,1415.9,24.6,48.7,2.91,4.27,8.19,1,PM25
2025-06-24T19:23:59,QAQ,67.53999999999998,1.7099999999999795,1.6800000000001434,9.239999999999782,1418.6,24.6,48.9,2.66,3.6,5.87,1,PM25
2025-06-24T19:24:59,QAQ,68.3099999999999,1.9800000000000406,2.625,8.159999999999945,1423.2,24.6,49.0,2.93,3.92,7.75,1,PM25
2025-06-24T19:25:59,QAQ,68.86000000000003,2.1599999999999797,1.9950000000000956,8.519999999999891,1423.7,24.6,49.1,2.89,3.9,8.46,1,PM25
2025-06-24T19:26:59,QAQ,66.55000000000001,2.4300000000000406,2.7299999999999045,7.919999999999891,1425.5,24.6,49.0,2.8,3.74,6.22,1,PM25
2025-06-24T19:27:59,QAQ,70.07000000000005,2.6099999999999794,2.625,8.03999999999978,1426.4,24.6,49.0,3.0,4.02,7.68,1,PM25
2025-06-24T19:28:59,QAQ,72.27000000000005,2.25,1.9950000000000956,8.519999999999891,1423.2,24.6,48.9,2.88,3.78,6.6,1,PM25
2025-06-24T19:29:59,QAQ,68.53000000000009,1.8900000000000206,1.4700000000000955,9.11999999999989,1422.5,24.5,48.8,2.86,3.79,6.8,1,PM25
2025-06-24T19:30:59,QAQ,67.76000000000003,2.3400000000000207,2.4149999999999525,8.279999999999836,1424.1,24.5,48.9,2.82,3.89,7.94,1,PM25
2025-06-24T19:31:59,QAQ,68.2,2.0700000000000616,2.625,8.28000000000011,1425.0,24.5,49.1,2.92,3.61,4.13,1,PM25
2025-06-24T19:32:59,QAQ,67.97999999999996,1.9800000000000406,1.785000000000048,8.640000000000054,1423.3,24.5,49.0,2.95,4.07,8.89,1,PM25
2025-06-24T19:33:59,QAQ,69.18999999999998,2.3400000000000207,1.7849999999998092,9.0,1419.5,24.5,48.7,2.96,4.11,5.72,1,PM25
2025-06-24T19:34:59,QAQ,69.52000000000005,2.25,2.4149999999999525,8.759999999999945,1422.7,24.5,49.0,2.83,3.94,6.42,1,PM25
2025-06-24T19:35:59,QAQ,67.98000000000008,1.6200000000000614,1.785000000000048,8.759999999999945,1421.7,24.5,49.2,2.85,3.8,5.07,1,PM25
2025-06-24T19:36:59,QAQ,69.62999999999997,1.8900000000000206,2.2049999999999046,8.4,1422.6,24.5,49.2,2.93,3.81,5.41,1,PM25
2025-06-24T19:37:59,QAQ,67.42999999999996,2.069999999999959,1.4699999999998568,8.759999999999945,1421.2,24.5,48.6,3.15,4.69,7.86,1,PM25
2025-06-24T19:38:59,QAQ,67.65,1.9800000000000406,1.364999999999952,9.240000000000054,1420.1,24.4,48.5,2.95,3.73,6.3,1,PM25
2025-06-24T19:39:59,QAQ,67.43000000000008,2.25,1.4699999999998568,9.0,1421.5,24.4,48.5,2.88,3.94,7.76,1,PM25
2025-06-24T19:40:59,QAQ,69.07999999999997,2.1599999999999797,1.5750000000000002,8.88000000000011,1420.3,24.4,48.6,2.97,4.01,7.47,1,PM25
2025-06-24T19:41:59,QAQ,65.11999999999993,2.25,1.8899999999999522,8.759999999999945,1423.4,24.4,48.8,2.9,4.09,12.06,1,PM25
2025-06-24T19:42:59,QAQ,66.22000000000006,1.9800000000000406,1.9950000000000956,9.240000000000054,1421.5,24.4,49.1,3.05,4.26,8.95,1,PM25
2025-06-24T19:43:59,QAQ,64.45999999999991,2.25,2.3100000000000476,8.519999999999891,1422.7,24.4,49.2,2.95,3.97,9.37,1,PM25
2025-06-24T19:44:59,QAQ,64.23999999999998,1.7099999999999795,1.6799999999999047,9.11999999999989,1419.2,24.3,49.4,3.03,4.6,10.99,1,PM25
2025-06-24T19:45:59,QAQ,64.12999999999997,1.8899999999999182,1.4699999999998568,9.240000000000054,1417.6,24.3,49.4,2.85,4.19,8.38,1,PM25
2025-06-24T19:46:59,QAQ,65.23000000000008,1.8,1.364999999999952,9.360000000000218,1419.3,24.3,49.6,2.84,3.92,8.85,1,PM25
2025-06-24T19:47:59,QAQ,66.11000000000003,2.0700000000000616,1.6800000000001434,9.0,1417.8,24.3,49.5,2.71,3.66,6.41,1,PM25
2025-06-24T19:48:59,QAQ,66.66000000000003,2.3400000000000207,1.259999999999809,9.120000000000163,1420.3,24.3,49.3,2.77,3.69,6.22,1,PM25
2025-06-24T19:49:59,QAQ,65.01000000000003,2.25,0.8399999999999523,9.240000000000054,1414.7,24.3,48.8,2.71,4.04,9.98,1,PM25
2025-06-24T19:50:59,QAQ,63.91000000000003,1.8,1.1549999999999045,9.120000000000163,1415.9,24.2,48.7,2.69,3.46,5.04,1,PM25
2025-06-24T19:51:59,QAQ,64.68000000000008,1.8900000000000206,1.8899999999999522,9.11999999999989,1418.8,24.2,49.3,2.56,3.25,4.31,1,PM25
2025-06-24T19:52:59,QAQ,61.26999999999993,3.15,2.2050000000001435,8.4,1423.5,24.2,49.4,2.52,3.49,4.86,1,PM25
2025-06-24T19:53:59,QAQ,62.5900000000001,1.5299999999999387,1.364999999999952,9.480000000000109,1418.8,24.2,49.7,2.83,3.77,5.64,1,PM25
2025-06-24T19:54:59,QAQ,62.7,1.8900000000000206,1.785000000000048,8.640000000000054,1419.6,24.1,49.8,2.68,3.51,6.46,1,PM25
2025-06-24T19:55:59,QAQ,64.46000000000004,2.0700000000000616,1.6799999999999047,8.88000000000011,1417.4,24.1,49.6,2.59,3.75,7.0,1,PM25
2025-06-24T19:56:59,QAQ,63.13999999999998,1.8,1.260000000000048,9.0,1416.9,24.1,49.7,2.4,3.46,8.04,1,PM25
2025-06-24T19:57:59,QAQ,63.68999999999998,1.8900000000000206,1.6799999999999047,8.640000000000054,1417.6,24.1,49.8,2.5,3.23,6.27,1,PM25
2025-06-24T19:58:59,QAQ,64.56999999999994,1.8900000000000206,1.5750000000000002,9.11999999999989,1419.0,24.0,49.9,2.59,3.69,7.15,1,PM25
2025-06-24T19:59:59,QAQ,62.81000000000003,2.25,2.3100000000000476,8.279999999999836,1420.3,24.0,50.2,2.52,3.61,5.33,1,PM25
2025-06-24T20:00:59,QAQ,67.21000000000004,1.8900000000000206,1.8899999999999522,8.759999999999945,1420.8,24.0,50.3,2.53,3.79,7.92,1,PM25
2025-06-24T20:01:59,QAQ,64.23999999999998,1.4400000000000206,1.785000000000048,9.0,1417.0,24.0,50.6,2.53,3.93,11.17,1,PM25
2025-06-24T20:02:59,QAQ,63.13999999999998,1.8900000000000206,1.9949999999998573,8.640000000000054,1416.8,23.9,50.6,2.54,3.71,7.54,1,PM25
2025-06-24T20:03:59,QAQ,64.57000000000005,1.6200000000000614,2.2049999999999046,8.640000000000054,1417.5,23.9,51.0,2.7,4.1,10.11,1,PM25
2025-06-24T20:04:59,QAQ,62.36999999999993,1.6199999999999588,1.8899999999999522,8.759999999999945,1417.0,23.9,50.9,2.67,3.99,9.81,1,PM25
2025-06-24T20:05:59,QAQ,64.35000000000001,2.429999999999939,2.4149999999999525,7.8,1420.8,23.9,51.0,2.55,3.82,7.87,1,PM25
2025-06-24T20:06:59,QAQ,63.14000000000011,1.7099999999999795,1.6799999999999047,8.640000000000054,1417.9,23.8,50.8,2.65,3.8,12.17,1,PM25
2025-06-24T20:07:59,QAQ,63.68999999999998,1.8,1.6800000000001434,8.879999999999836,1418.0,23.8,50.9,2.54,3.69,8.46,1,PM25
2025-06-24T20:08:59,QAQ,64.35000000000001,2.069999999999959,1.8899999999999522,8.759999999999945,1418.0,23.8,50.8,2.7,4.01,7.64,1,PM25
2025-06-24T20:09:59,QAQ,66.0,1.6199999999999588,1.6800000000001434,8.879999999999836,1419.1,23.8,50.8,2.67,3.89,7.59,1,PM25
2025-06-24T20:10:59,QAQ,64.78999999999998,1.8,1.364999999999952,9.120000000000163,1416.2,23.7,50.7,2.81,3.92,5.61,1,PM25
2025-06-24T20:11:59,QAQ,67.31999999999994,2.5200000000000613,2.625,7.680000000000109,1424.1,23.7,50.9,2.68,3.83,5.47,1,PM25
2025-06-24T20:12:59,QAQ,71.06000000000003,3.330000000000041,1.8899999999999522,8.159999999999945,1423.0,23.7,50.6,2.66,3.94,6.09,1,PM25
2025-06-24T20:13:59,QAQ,65.67000000000006,2.0700000000000616,1.890000000000191,7.919999999999891,1420.8,23.7,50.5,2.69,3.61,4.58,1,PM25
2025-06-24T20:14:59,QAQ,64.01999999999992,2.3400000000000207,2.2049999999999046,8.160000000000219,1420.8,23.7,50.6,2.87,4.18,6.49,1,PM25
2025-06-24T20:15:59,QAQ,63.91000000000003,2.1599999999999797,1.5750000000000002,8.520000000000163,1420.7,23.6,50.4,2.7,4.04,11.71,1,PM25
2025-06-24T20:16:59,QAQ,63.580000000000084,2.069999999999959,2.2049999999999046,8.160000000000219,1420.8,23.6,50.5,2.65,3.83,8.08,1,PM25
2025-06-24T20:17:59,QAQ,68.63999999999999,3.4200000000000617,3.1500000000000004,6.7199999999998905,1426.4,23.6,50.7,2.71,3.99,5.61,1,PM25
2025-06-24T20:18:59,QAQ,67.43000000000008,3.0599999999999796,3.3600000000000474,6.359999999999945,1425.6,23.6,50.7,2.68,3.95,5.0,1,PM25
2025-06-24T20:19:59,QAQ,65.67000000000006,2.3400000000000207,2.1,7.559999999999945,1420.2,23.5,50.3,2.78,4.17,8.02,1,PM25
2025-06-24T20:20:59,QAQ,64.12999999999997,2.1599999999999797,2.2049999999999046,7.680000000000109,1423.8,23.5,50.4,2.68,4.0,6.73,1,PM25
2025-06-24T20:21:59,QAQ,63.029999999999966,2.7,1.8899999999999522,7.559999999999945,1420.4,23.5,50.5,2.81,4.06,7.83,1,PM25
2025-06-24T20:22:59,QAQ,62.92000000000006,2.1599999999999797,1.9950000000000956,8.4,1421.9,23.5,50.5,2.9,4.55,9.82,1,PM25
2025-06-24T20:23:59,QAQ,62.81000000000003,1.9800000000000406,1.4699999999998568,8.160000000000219,1419.8,23.4,50.7,2.93,4.38,10.8,1,PM25
2025-06-24T20:24:59,QAQ,62.370000000000054,2.1599999999999797,1.785000000000048,8.159999999999945,1418.8,23.4,50.9,2.71,4.82,13.58,1,PM25
2025-06-24T20:25:59,QAQ,61.48999999999998,2.519999999999959,1.6799999999999047,8.160000000000219,1422.8,23.4,50.7,2.87,4.27,10.47,1,PM25
2025-06-24T20:26:59,QAQ,61.82000000000006,1.8900000000000206,1.6800000000001434,8.4,1422.1,23.4,50.9,2.98,4.86,13.67,1,PM25
2025-06-24T20:27:59,QAQ,64.13000000000008,2.429999999999939,2.5200000000000955,7.440000000000055,1423.6,23.3,51.1,2.77,4.34,11.89,1,PM25
2025-06-24T20:28:59,QAQ,65.11999999999993,2.25,2.625,7.199999999999999,1426.5,23.3,51.2,2.76,4.45,13.04,1,PM25
2025-06-24T20:29:59,QAQ,62.040000000000106,1.8899999999999182,2.1,7.559999999999945,1422.5,23.3,51.2,2.86,4.39,16.89,1,PM25
2025-06-24T20:30:59,QAQ,65.23000000000008,2.3400000000000207,2.1,7.8,1423.0,23.3,51.2,2.82,4.1,7.1,1,PM25
2025-06-24T20:31:59,QAQ,65.67000000000006,2.5200000000000613,1.785000000000048,7.8,1425.5,23.2,51.2,2.74,4.09,8.15,1,PM25
2025-06-24T20:32:59,QAQ,62.259999999999906,1.6200000000000614,1.9949999999998573,8.160000000000219,1421.4,23.2,51.5,2.83,4.25,10.57,1,PM25
2025-06-24T20:33:59,QAQ,62.92000000000006,2.7,2.940000000000191,7.559999999999945,1426.5,23.2,51.9,3.12,4.81,13.94,1,PM25
2025-06-24T20:34:59,QAQ,61.93000000000008,2.3400000000000207,2.4149999999999525,7.680000000000109,1424.1,23.2,51.9,2.79,4.29,10.13,1,PM25
2025-06-24T20:35:59,QAQ,62.36999999999993,2.429999999999939,2.625,7.440000000000055,1425.1,23.2,52.0,2.84,4.15,9.85,1,PM25
2025-06-24T20:36:59,QAQ,63.14000000000011,2.6099999999999794,2.5200000000000955,7.31999999999989,1419.8,23.1,52.0,2.78,3.99,7.58,1,PM25
2025-06-24T20:37:59,QAQ,61.93000000000008,2.3400000000000207,2.3100000000000476,7.680000000000109,1423.2,23.1,52.1,2.69,3.88,7.11,1,PM25
2025-06-24T20:38:59,QAQ,61.050000000000004,1.9800000000000406,2.3100000000000476,7.920000000000163,1422.8,23.1,52.3,2.74,4.18,8.52,1,PM25
2025-06-24T20:39:59,QAQ,62.81000000000003,3.5099999999999794,2.7299999999999045,7.440000000000055,1425.9,23.1,52.5,2.79,4.07,8.6,1,PM25
2025-06-24T20:40:59,QAQ,66.77000000000005,4.140000000000021,2.9399999999999524,7.079999999999836,1430.1,23.0,52.4,2.73,3.77,6.83,1,PM25
2025-06-24T20:41:59,QAQ,64.02000000000005,1.8,2.3100000000000476,7.8,1422.1,23.0,52.6,2.94,4.5,8.11,1,PM25
2025-06-24T20:42:59,QAQ,64.35000000000001,2.6099999999999794,2.8350000000000475,7.680000000000109,1425.8,23.0,52.7,2.9,4.43,6.74,1,PM25
2025-06-24T20:43:59,QAQ,63.68999999999998,3.2400000000000206,2.8350000000000475,6.840000000000054,1421.8,23.0,52.7,2.75,4.02,9.08,1,PM25
2025-06-24T20:44:59,QAQ,63.36000000000003,3.2400000000000206,3.254999999999905,7.199999999999999,1429.1,23.0,52.7,2.82,4.27,7.88,1,PM25
2025-06-24T20:45:59,QAQ,63.25000000000001,2.7,2.8350000000000475,7.439999999999781,1429.3,22.9,52.7,2.7,4.13,6.67,1,PM25
2025-06-24T20:46:59,QAQ,63.46999999999993,2.3400000000000207,2.4149999999999525,7.440000000000055,1425.3,22.9,52.8,2.74,4.25,7.79,1,PM25
2025-06-24T20:47:59,QAQ,62.92000000000006,1.9799999999999387,2.1,7.919999999999891,1424.0,22.9,52.9,2.72,4.24,8.15,1,PM25
2025-06-24T20:48:59,QAQ,62.259999999999906,1.8900000000000206,2.3100000000000476,7.8,1420.3,22.9,53.1,2.69,3.92,5.13,1,PM25
2025-06-24T20:49:59,QAQ,60.06000000000003,1.7099999999999795,1.8899999999999522,7.919999999999891,1422.4,22.8,53.2,2.63,4.24,7.45,1,PM25
2025-06-24T20:50:59,QAQ,61.050000000000004,1.7099999999999795,2.2049999999999046,7.920000000000163,1421.0,22.8,53.3,2.81,4.28,7.0,1,PM25
2025-06-24T20:51:59,QAQ,62.26000000000003,1.8900000000000206,1.8899999999999522,7.919999999999891,1422.1,22.8,53.3,2.59,4.23,11.78,1,PM25
2025-06-24T20:52:59,QAQ,65.67000000000006,2.6099999999999794,2.5200000000000955,7.559999999999945,1422.1,22.8,53.3,2.62,3.94,9.03,1,PM25
2025-06-24T20:53:59,QAQ,64.46000000000004,3.419999999999959,3.2550000000001433,6.7199999999998905,1429.8,22.8,53.3,2.47,3.72,7.44,1,PM25
2025-06-24T20:54:59,QAQ,64.23999999999998,2.7900000000000205,3.5700000000000958,6.7199999999998905,1428.4,22.8,53.4,2.58,4.12,8.01,1,PM25
2025-06-24T20:55:59,QAQ,64.13000000000008,2.7,3.3600000000000474,6.6,1428.5,22.7,53.5,2.64,4.45,10.73,1,PM25
2025-06-24T20:56:59,QAQ,62.040000000000106,2.1599999999999797,2.625,6.840000000000054,1424.6,22.7,53.4,2.41,3.61,8.6,1,PM25
2025-06-24T20:57:59,QAQ,61.37999999999996,2.1599999999999797,2.7299999999999045,7.440000000000055,1424.8,22.7,53.5,2.48,3.91,9.48,1,PM25
2025-06-24T20:58:59,QAQ,61.37999999999996,2.0700000000000616,2.625,7.8,1425.0,22.7,53.7,2.58,3.92,7.26,1,PM25
2025-06-24T20:59:59,QAQ,60.82999999999996,1.530000000000041,1.7849999999998092,8.4,1422.5,22.7,53.9,2.64,3.94,8.26,1,PM25
2025-06-24T21:00:59,QAQ,61.27000000000005,2.25,1.9949999999998573,7.559999999999945,1423.7,22.7,53.8,2.57,4.15,8.61,1,PM25
2025-06-24T21:01:59,QAQ,62.81000000000003,4.229999999999939,3.7799999999999048,6.359999999999945,1426.5,22.6,53.7,2.48,3.88,9.6,1,PM25
2025-06-24T21:02:59,QAQ,65.01000000000003,4.229999999999939,3.6750000000000003,6.1200000000001635,1429.4,22.6,53.6,2.47,3.74,7.67,1,PM25
2025-06-24T21:03:59,QAQ,63.909999999999904,2.5200000000000613,2.9399999999999524,6.840000000000054,1426.0,22.6,53.6,2.48,3.99,8.52,1,PM25
2025-06-24T21:04:59,QAQ,65.66999999999993,3.6,3.4649999999999523,6.359999999999945,1426.2,22.6,53.7,2.37,3.82,7.66,1,PM25
2025-06-24T21:05:59,QAQ,62.91999999999993,2.0700000000000616,2.2049999999999046,7.680000000000109,1424.9,22.6,53.7,2.5,3.66,6.49,1,PM25
2025-06-24T21:06:59,QAQ,62.58999999999998,2.069999999999959,2.5200000000000955,6.959999999999945,1424.1,22.6,53.8,2.47,3.77,8.86,1,PM25
2025-06-24T21:07:59,QAQ,60.82999999999996,2.5200000000000613,2.5200000000000955,6.959999999999945,1422.9,22.6,53.8,2.52,3.79,7.44,1,PM25
2025-06-24T21:08:59,QAQ,61.27000000000005,2.339999999999918,2.940000000000191,6.6,1424.5,22.5,53.8,2.38,3.94,7.22,1,PM25
2025-06-24T21:09:59,QAQ,63.800000000000004,3.9599999999999795,3.8850000000000477,5.159999999999945,1422.2,22.5,53.6,2.27,3.61,7.22,1,PM25
2025-06-24T21:10:59,QAQ,63.57999999999996,2.7900000000000205,3.4649999999999523,6.359999999999945,1426.0,22.5,53.7,2.42,3.92,6.12,1,PM25
2025-06-24T21:11:59,QAQ,61.60000000000001,2.25,1.9949999999998573,6.840000000000054,1425.1,22.5,53.5,2.35,3.79,6.79,1,PM25
2025-06-24T21:12:59,QAQ,59.179999999999964,3.15,1.6800000000001434,6.840000000000054,1423.8,22.5,52.8,2.31,3.75,7.1,1,PM25
2025-06-24T21:13:59,QAQ,59.95,3.5099999999999794,2.5199999999998575,6.6,1425.2,22.5,52.9,2.24,3.42,4.71,1,PM25
2025-06-24T21:14:59,QAQ,64.9,4.319999999999959,3.6750000000000003,5.3999999999999995,1429.7,22.4,53.0,2.22,3.74,6.0,1,PM25
2025-06-24T21:15:59,QAQ,60.60999999999991,3.780000000000041,1.8899999999999522,6.6,1426.2,22.4,52.4,2.13,3.63,5.99,1,PM25
2025-06-24T21:16:59,QAQ,56.650000000000006,2.25,1.785000000000048,7.31999999999989,1424.3,22.4,52.5,2.44,3.8,10.29,1,PM25
2025-06-24T21:17:59,QAQ,57.53000000000008,3.4200000000000617,2.5200000000000955,6.0,1426.3,22.4,52.7,2.27,3.42,6.91,1,PM25
2025-06-24T21:18:59,QAQ,58.300000000000004,3.780000000000041,2.9399999999999524,5.640000000000055,1425.6,22.4,52.6,2.12,3.27,8.82,1,PM25
2025-06-24T21:19:59,QAQ,59.400000000000006,3.510000000000082,3.0449999999998574,5.880000000000109,1428.7,22.4,52.6,2.21,3.79,7.93,1,PM25
2025-06-24T21:20:59,QAQ,60.38999999999998,3.6900000000000204,3.4649999999999523,5.520000000000164,1428.6,22.3,52.8,2.13,3.59,9.04,1,PM25
2025-06-24T21:21:59,QAQ,58.41000000000003,2.7900000000000205,2.7299999999999045,6.0,1424.2,22.3,52.7,2.21,3.67,5.32,1,PM25
2025-06-24T21:22:59,QAQ,57.75000000000001,2.7900000000000205,3.0450000000000954,5.759999999999946,1424.3,22.3,52.9,2.11,3.75,7.85,1,PM25
2025-06-24T21:23:59,QAQ,55.98999999999998,2.160000000000082,1.4699999999998568,6.720000000000163,1421.3,22.3,52.8,2.08,3.58,7.66,1,PM25
2025-06-24T21:24:59,QAQ,56.31999999999993,1.8,1.365000000000191,7.31999999999989,1419.3,22.3,52.9,2.04,3.46,7.79,1,PM25
2025-06-24T21:25:59,QAQ,57.64000000000011,1.8899999999999182,1.4700000000000955,7.679999999999836,1427.1,22.3,53.3,2.25,3.95,9.58,1,PM25
2025-06-24T21:26:59,QAQ,55.77000000000005,1.8,1.260000000000048,7.919999999999891,1424.6,22.3,53.6,2.29,3.52,6.65,1,PM25
2025-06-24T21:27:59,QAQ,57.63999999999998,2.519999999999959,1.9950000000000956,7.31999999999989,1425.2,22.3,53.7,2.37,4.06,8.19,1,PM25
2025-06-24T21:28:59,QAQ,58.52000000000005,2.610000000000082,1.9950000000000956,7.31999999999989,1426.5,22.2,53.7,2.3,4.5,17.56,1,PM25
2025-06-24T21:29:59,QAQ,58.08000000000008,2.1599999999999797,1.4700000000000955,7.559999999999945,1425.7,22.2,53.8,2.35,4.68,17.17,1,PM25
2025-06-24T21:30:59,QAQ,57.08999999999998,4.140000000000021,2.8350000000000475,6.240000000000054,1426.6,22.2,53.9,2.34,4.42,15.44,1,PM25
2025-06-24T21:31:59,QAQ,54.120000000000054,2.429999999999939,1.9950000000000956,6.959999999999945,1426.5,22.2,53.8,2.29,4.4,12.29,1,PM25
2025-06-24T21:32:59,QAQ,55.87999999999996,2.3400000000000207,1.6799999999999047,7.559999999999945,1424.9,22.2,54.0,2.33,4.4,16.24,1,PM25
2025-06-24T21:33:59,QAQ,54.22999999999996,1.9799999999999387,1.260000000000048,7.679999999999836,1423.4,22.2,53.9,2.29,4.31,10.81,1,PM25
2025-06-24T21:34:59,QAQ,54.89000000000011,1.8,0.9450000000000955,7.679999999999836,1420.8,22.2,54.0,2.2,4.1,9.05,1,PM25
2025-06-24T21:35:59,QAQ,57.2,2.1599999999999797,1.365000000000191,7.199999999999999,1424.2,22.2,54.1,2.13,4.02,8.64,1,PM25
2025-06-24T21:36:59,QAQ,57.0900000000001,1.8900000000000206,1.364999999999952,7.559999999999945,1423.6,22.1,54.2,2.19,4.06,10.65,1,PM25
2025-06-24T21:37:59,QAQ,56.540000000000106,1.9800000000000406,0.6299999999999045,7.559999999999945,1425.3,22.1,54.1,2.15,3.96,10.98,1,PM25
2025-06-24T21:38:59,QAQ,55.87999999999996,1.8899999999999182,0.8399999999999523,7.679999999999836,1423.7,22.1,53.9,2.31,4.03,8.47,1,PM25
2025-06-24T21:39:59,QAQ,54.88999999999998,2.8800000000000407,1.5750000000000002,6.720000000000163,1426.2,22.1,53.7,2.07,3.46,8.82,1,PM25
2025-06-24T21:40:59,QAQ,59.400000000000006,3.8699999999999593,2.9399999999999524,6.0,1433.2,22.1,53.5,2.13,3.53,6.96,1,PM25
2025-06-24T21:41:59,QAQ,61.71000000000003,2.3400000000000207,2.2050000000001435,6.959999999999945,1432.5,22.1,53.6,2.32,4.17,7.21,1,PM25
2025-06-24T21:42:59,QAQ,59.28999999999998,2.429999999999939,1.6799999999999047,7.199999999999999,1428.9,22.1,53.7,2.38,3.94,7.37,1,PM25
2025-06-24T21:43:59,QAQ,58.96000000000003,2.519999999999959,1.8899999999999522,6.7199999999998905,1429.7,22.1,53.7,2.24,3.77,9.11,1,PM25
2025-06-24T21:44:59,QAQ,57.85999999999991,2.429999999999939,2.3100000000000476,6.7199999999998905,1428.7,22.1,53.9,2.27,3.69,7.49,1,PM25
2025-06-24T21:45:59,QAQ,60.38999999999998,2.6099999999999794,2.625,6.119999999999891,1432.1,22.1,54.0,2.22,3.89,12.12,1,PM25
2025-06-24T21:46:59,QAQ,58.52000000000005,2.9699999999999593,2.9399999999999524,5.880000000000109,1431.9,22.1,54.2,2.24,3.27,6.43,1,PM25
2025-06-24T21:47:59,QAQ,58.73999999999998,3.329999999999939,2.5200000000000955,6.359999999999945,1432.6,22.1,54.3,2.39,3.93,10.37,1,PM25
2025-06-24T21:48:59,QAQ,57.63999999999998,2.7900000000000205,2.2050000000001435,6.6,1432.2,22.1,54.3,2.44,3.96,8.57,1,PM25
2025-06-24T21:49:59,QAQ,57.31000000000003,2.6099999999999794,2.625,6.240000000000054,1430.8,22.1,54.5,2.42,4.08,8.65,1,PM25
2025-06-24T21:50:59,QAQ,56.429999999999964,2.6099999999999794,2.3100000000000476,6.479999999999836,1429.2,22.1,54.5,2.47,4.06,10.24,1,PM25
2025-06-24T21:51:59,QAQ,57.970000000000056,3.2400000000000206,2.9399999999999524,5.520000000000164,1431.7,22.1,54.7,2.35,4.26,11.47,1,PM25
2025-06-24T21:52:59,QAQ,57.970000000000056,2.4300000000000406,2.7299999999999045,6.0,1431.3,22.1,54.7,2.39,4.11,8.24,1,PM25
2025-06-24T21:53:59,QAQ,56.98000000000008,2.610000000000082,2.7299999999999045,6.1200000000001635,1431.4,22.1,54.9,2.44,4.21,9.02,1,PM25
2025-06-24T21:54:59,QAQ,57.42000000000005,2.7,2.940000000000191,5.759999999999946,1433.9,22.1,55.2,2.58,4.12,8.32,1,PM25
2025-06-24T21:55:59,QAQ,56.650000000000006,2.339999999999918,3.1500000000000004,6.0,1432.2,22.1,55.4,2.46,4.13,9.37,1,PM25
2025-06-24T21:56:59,QAQ,57.2,1.8900000000000206,2.834999999999809,5.880000000000109,1430.1,22.1,55.7,2.4,3.95,6.6,1,PM25
2025-06-24T21:57:59,QAQ,57.970000000000056,2.25,2.7299999999999045,6.0,1428.7,22.1,55.7,2.38,3.95,6.6,1,PM25
2025-06-24T21:58:59,QAQ,57.3099999999999,1.8,2.2050000000001435,6.6,1426.6,22.1,55.9,2.47,4.14,11.09,1,PM25
2025-06-24T21:59:59,QAQ,56.650000000000006,2.0700000000000616,1.4700000000000955,6.7199999999998905,1428.4,22.1,55.4,2.37,3.93,9.24,1,PM25
2025-06-24T22:00:59,QAQ,56.97999999999996,2.069999999999959,1.6799999999999047,6.6,1427.1,22.1,55.3,2.45,4.13,8.11,1,PM25
2025-06-24T22:01:59,QAQ,56.1,2.7900000000000205,2.834999999999809,5.880000000000109,1432.5,22.2,55.4,2.54,4.18,6.43,1,PM25
2025-06-24T22:02:59,QAQ,58.189999999999976,3.4200000000000617,2.3100000000000476,5.640000000000055,1433.8,22.2,54.9,2.45,3.65,6.28,1,PM25
2025-06-24T22:03:59,QAQ,56.429999999999964,4.40999999999998,2.625,5.280000000000109,1434.8,22.1,54.5,2.53,3.65,4.88,1,PM25
2025-06-24T22:04:59,QAQ,55.77000000000005,3.6,2.2050000000001435,5.759999999999946,1434.9,22.2,54.2,2.53,3.86,10.39,1,PM25
2025-06-24T22:05:59,QAQ,55.88000000000008,3.8700000000000614,2.834999999999809,5.3999999999999995,1436.4,22.2,54.2,2.24,3.58,6.07,1,PM25
2025-06-24T22:06:59,QAQ,57.08999999999998,3.2400000000000206,2.1,5.640000000000055,1434.4,22.1,54.1,2.31,3.9,6.81,1,PM25
2025-06-24T22:07:59,QAQ,56.760000000000026,3.330000000000041,2.309999999999809,5.640000000000055,1434.0,22.1,54.1,2.25,3.61,10.07,1,PM25
2025-06-24T22:08:59,QAQ,57.96999999999993,3.330000000000041,2.4149999999999525,5.3999999999999995,1432.8,22.1,54.2,2.21,3.73,7.43,1,PM25
2025-06-24T22:09:59,QAQ,57.63999999999998,2.3400000000000207,1.5750000000000002,6.239999999999782,1429.8,22.1,54.3,2.36,3.75,7.88,1,PM25
2025-06-24T22:10:59,QAQ,55.00000000000001,2.7,1.1549999999999045,6.480000000000109,1428.9,22.1,54.1,2.19,3.38,6.52,1,PM25
2025-06-24T22:11:59,QAQ,57.31000000000003,3.7799999999999385,2.309999999999809,5.3999999999999995,1433.1,22.1,54.2,2.14,3.45,6.01,1,PM25
2025-06-24T22:12:59,QAQ,56.1,4.40999999999998,2.7300000000001434,5.279999999999836,1432.4,22.1,54.2,2.12,3.34,5.61,1,PM25
2025-06-24T22:13:59,QAQ,54.45,3.15,1.8899999999999522,6.0,1432.0,22.1,54.1,2.07,3.33,7.62,1,PM25
2025-06-24T22:14:59,QAQ,56.53999999999998,3.4200000000000617,2.4149999999999525,5.640000000000055,1429.8,22.1,54.3,2.11,3.68,10.44,1,PM25
2025-06-24T22:15:59,QAQ,55.88000000000008,4.140000000000021,2.2050000000001435,5.639999999999781,1432.4,22.1,54.2,2.09,3.38,6.4,1,PM25
2025-06-24T22:16:59,QAQ,55.33000000000008,3.9599999999999795,2.2050000000001435,5.759999999999946,1433.8,22.1,54.2,2.1,3.43,5.46,1,PM25
2025-06-24T22:17:59,QAQ,55.32999999999996,4.140000000000021,2.5200000000000955,5.3999999999999995,1435.7,22.1,54.2,1.94,3.06,4.2,1,PM25
2025-06-24T22:18:59,QAQ,53.900000000000006,2.8800000000000407,1.6800000000001434,6.240000000000054,1428.6,22.0,54.2,2.07,3.52,7.45,1,PM25
2025-06-24T22:19:59,QAQ,55.439999999999976,2.7,1.5750000000000002,6.119999999999891,1428.6,22.0,54.3,2.01,3.48,6.9,1,PM25
2025-06-24T22:20:59,QAQ,52.58000000000008,3.8700000000000614,2.3100000000000476,5.520000000000164,1431.9,22.0,54.4,2.05,3.09,5.67,1,PM25
2025-06-24T22:21:59,QAQ,54.33999999999998,3.6900000000000204,2.7300000000001434,5.51999999999989,1432.0,22.0,54.5,2.09,3.44,7.09,1,PM25
2025-06-24T22:22:59,QAQ,54.3400000000001,6.479999999999939,4.935000000000048,3.3599999999999453,1434.1,22.0,54.8,2.17,3.46,6.43,1,PM25
2025-06-24T22:23:59,QAQ,53.12999999999996,7.919999999999959,5.25,3.0,1434.0,21.9,55.0,2.17,3.41,4.48,1,PM25
2025-06-24T22:24:59,QAQ,56.21000000000003,8.279999999999939,5.879999999999905,2.5200000000001634,1437.6,21.9,55.4,2.21,3.8,9.32,1,PM25
2025-06-24T22:25:59,QAQ,55.220000000000056,4.95,4.620000000000096,3.240000000000054,1428.6,21.9,55.3,2.18,3.59,6.37,1,PM25
2025-06-24T22:26:59,QAQ,54.56000000000003,5.940000000000021,4.7250000000000005,3.2399999999997817,1432.2,21.9,55.5,2.15,3.49,7.01,1,PM25
2025-06-24T22:27:59,QAQ,57.75000000000001,4.59000000000002,5.039999999999952,3.4800000000001092,1432.4,21.9,55.9,2.16,3.73,6.81,1,PM25
2025-06-24T22:28:59,QAQ,55.21999999999993,4.05,4.095000000000096,4.440000000000055,1431.5,21.9,56.1,2.19,3.64,5.31,1,PM25
2025-06-24T22:29:59,QAQ,54.22999999999996,2.4300000000000406,2.9399999999999524,5.040000000000054,1428.7,21.8,55.9,2.17,3.81,6.21,1,PM25
2025-06-24T22:30:59,QAQ,55.00000000000001,1.9799999999999387,2.5199999999998575,5.640000000000055,1426.8,21.8,56.4,2.27,3.68,7.04,1,PM25
2025-06-24T22:31:59,QAQ,54.33999999999998,2.25,2.4149999999999525,5.3999999999999995,1429.2,21.8,56.6,2.19,3.51,5.55,1,PM25
2025-06-24T22:32:59,QAQ,55.66000000000003,3.6,2.5200000000000955,5.159999999999945,1433.2,21.8,56.3,2.19,3.52,5.54,1,PM25
2025-06-24T22:33:59,QAQ,58.08000000000008,3.329999999999939,2.8350000000000475,5.279999999999836,1433.3,21.7,56.3,2.19,3.43,5.49,1,PM25
2025-06-24T22:34:59,QAQ,55.550000000000004,2.7900000000000205,1.890000000000191,5.8799999999998365,1431.6,21.7,56.1,2.24,3.62,7.33,1,PM25
2025-06-24T22:35:59,QAQ,55.32999999999996,3.330000000000041,3.1500000000000004,4.8,1433.5,21.7,56.5,2.22,3.71,7.49,1,PM25
2025-06-24T22:36:59,QAQ,58.62999999999996,4.139999999999918,3.3600000000000474,4.440000000000055,1436.1,21.7,56.5,2.34,4.13,5.8,1,PM25
2025-06-24T22:37:59,QAQ,56.650000000000006,2.8800000000000407,2.9399999999999524,4.920000000000163,1433.8,21.7,56.5,2.36,3.79,4.66,1,PM25
2025-06-24T22:38:59,QAQ,56.650000000000006,2.5200000000000613,2.625,5.159999999999945,1433.8,21.7,56.5,2.25,3.64,5.59,1,PM25
2025-06-24T22:39:59,QAQ,56.650000000000006,2.3400000000000207,2.3100000000000476,5.640000000000055,1431.5,21.7,56.6,2.24,3.41,7.89,1,PM25
2025-06-24T22:40:59,QAQ,59.179999999999964,3.8700000000000614,3.0450000000000954,5.0399999999997815,1435.6,21.6,56.7,2.27,4.22,7.76,1,PM25
2025-06-24T22:41:59,QAQ,58.85,6.390000000000021,4.304999999999905,4.320000000000164,1444.2,21.6,56.7,2.29,3.7,7.85,1,PM25
2025-06-24T22:42:59,QAQ,57.42000000000005,4.230000000000041,3.6750000000000003,4.320000000000164,1439.5,21.6,56.7,2.29,3.55,7.35,1,PM25
2025-06-24T22:43:59,QAQ,58.41000000000003,4.139999999999918,3.8850000000000477,4.559999999999945,1438.9,21.6,56.9,2.26,3.8,7.37,1,PM25
2025-06-24T22:44:59,QAQ,58.07999999999996,5.0400000000000205,4.514999999999953,3.9599999999999453,1442.8,21.6,57.3,2.26,3.37,4.78,1,PM25
2025-06-24T22:45:59,QAQ,58.62999999999996,3.0599999999999796,3.5700000000000958,4.440000000000055,1440.9,21.6,57.4,2.38,3.88,9.57,1,PM25
2025-06-24T22:46:59,QAQ,57.3099999999999,2.4300000000000406,2.625,5.159999999999945,1436.9,21.6,57.4,2.27,3.79,8.34,1,PM25
2025-06-24T22:47:59,QAQ,57.86000000000003,2.9699999999999593,3.1500000000000004,4.679999999999836,1439.0,21.6,57.7,2.34,3.84,7.02,1,PM25
2025-06-24T22:48:59,QAQ,57.86000000000003,3.5099999999999794,3.1500000000000004,4.559999999999945,1441.5,21.6,57.6,2.21,3.45,6.22,1,PM25
2025-06-24T22:49:59,QAQ,58.300000000000004,3.8699999999999593,2.9399999999999524,4.560000000000218,1441.0,21.6,57.2,2.14,3.25,6.36,1,PM25
2025-06-24T22:50:59,QAQ,55.220000000000056,3.4200000000000617,2.7300000000001434,5.159999999999945,1437.9,21.6,57.3,2.16,3.58,6.55,1,PM25
2025-06-24T22:51:59,QAQ,55.32999999999996,3.0599999999999796,2.8350000000000475,4.8,1441.4,21.6,57.7,2.32,4.01,8.4,1,PM25
2025-06-24T22:52:59,QAQ,56.429999999999964,3.780000000000041,3.3600000000000474,4.319999999999891,1441.3,21.5,57.8,2.15,3.63,9.48,1,PM25
2025-06-24T22:53:59,QAQ,56.1,3.0599999999999796,3.1500000000000004,4.680000000000109,1440.5,21.6,57.9,2.22,3.64,5.59,1,PM25
2025-06-24T22:54:59,QAQ,56.1,2.7,3.0449999999998574,4.440000000000055,1440.2,21.5,57.9,2.25,4.02,8.15,1,PM25
2025-06-24T22:55:59,QAQ,55.32999999999996,2.7,3.0449999999998574,4.440000000000055,1435.8,21.5,58.0,2.19,3.51,5.06,1,PM25
2025-06-24T22:56:59,QAQ,55.550000000000004,1.6200000000000614,2.3100000000000476,5.159999999999945,1435.7,21.5,58.2,2.16,3.85,7.95,1,PM25
2025-06-24T22:57:59,QAQ,56.98000000000008,1.8900000000000206,1.8899999999999522,5.640000000000055,1433.9,21.5,58.3,2.25,3.7,5.58,1,PM25
2025-06-24T22:58:59,QAQ,55.220000000000056,1.8,1.785000000000048,5.640000000000055,1432.6,21.5,58.3,2.28,3.7,5.05,1,PM25
2025-06-24T22:59:59,QAQ,54.66999999999993,1.9800000000000406,1.5750000000000002,5.640000000000055,1431.8,21.5,58.2,2.34,4.02,6.37,1,PM25
2025-06-24T23:00:59,QAQ,55.550000000000004,2.9699999999999593,2.7299999999999045,4.8,1434.8,21.5,58.3,2.33,4.23,8.05,1,PM25
2025-06-24T23:01:59,QAQ,56.2099999999999,3.419999999999959,3.2550000000001433,4.079999999999837,1438.5,21.5,58.4,2.38,4.07,8.95,1,PM25
2025-06-24T23:02:59,QAQ,55.550000000000004,3.6,3.5699999999998573,4.440000000000055,1439.3,21.5,58.3,2.31,4.1,7.8,1,PM25
2025-06-24T23:03:59,QAQ,55.220000000000056,2.1599999999999797,2.4149999999999525,5.159999999999945,1436.1,21.5,58.3,2.37,4.1,5.91,1,PM25
2025-06-24T23:04:59,QAQ,55.87999999999996,2.25,1.1549999999999045,6.0,1435.1,21.5,58.1,2.19,3.83,5.9,1,PM25
2025-06-24T23:05:59,QAQ,53.35,1.8,1.1550000000001432,5.8799999999998365,1432.4,21.5,58.0,2.3,4.08,8.04,1,PM25
2025-06-24T23:06:59,QAQ,54.22999999999996,1.9799999999999387,0.9450000000000955,6.119999999999891,1431.4,21.5,58.0,2.13,3.63,8.5,1,PM25
2025-06-24T23:07:59,QAQ,54.010000000000026,2.160000000000082,1.05,5.880000000000109,1430.8,21.5,58.0,2.2,3.77,6.79,1,PM25
2025-06-24T23:08:59,QAQ,55.00000000000001,2.25,0.7350000000000477,6.0,1432.2,21.5,57.6,2.13,3.87,8.17,1,PM25
2025-06-24T23:09:59,QAQ,56.97999999999996,2.1599999999999797,0.8399999999999523,6.119999999999891,1433.2,21.5,57.6,2.1,3.71,8.37,1,PM25
2025-06-24T23:10:59,QAQ,61.27000000000005,2.3400000000000207,1.8899999999999522,5.51999999999989,1434.1,21.5,57.9,2.19,4.06,8.27,1,PM25
2025-06-24T23:11:59,QAQ,64.35000000000001,3.15,2.3100000000000476,4.919999999999891,1436.1,21.5,57.9,2.11,4.17,9.92,1,PM25
2025-06-24T23:12:59,QAQ,62.370000000000054,3.6,2.5200000000000955,4.8,1436.8,21.5,57.6,2.08,4.01,8.58,1,PM25
2025-06-24T23:13:59,QAQ,59.179999999999964,2.8800000000000407,2.5200000000000955,4.8,1438.3,21.5,57.7,2.06,3.69,8.51,1,PM25
2025-06-24T23:14:59,QAQ,54.66999999999993,2.3400000000000207,1.365000000000191,5.639999999999781,1433.2,21.5,57.7,2.06,3.9,7.04,1,PM25
2025-06-24T23:15:59,QAQ,52.58000000000008,2.3400000000000207,1.1549999999999045,5.759999999999946,1432.2,21.5,57.7,1.91,3.64,6.59,1,PM25
2025-06-24T23:16:59,QAQ,56.21000000000003,2.339999999999918,0.8399999999999523,6.119999999999891,1429.9,21.5,57.5,1.99,3.76,6.83,1,PM25
2025-06-24T23:17:59,QAQ,52.25000000000001,2.1599999999999797,0.8399999999999523,6.1200000000001635,1430.6,21.5,57.5,2.02,3.46,8.74,1,PM25
2025-06-24T23:18:59,QAQ,51.03999999999998,2.1599999999999797,0.734999999999809,6.480000000000109,1428.5,21.5,57.5,1.99,3.68,7.0,1,PM25
2025-06-24T23:19:59,QAQ,52.46999999999993,2.1599999999999797,0.8399999999999523,6.240000000000054,1429.5,21.5,57.7,1.95,3.5,8.95,1,PM25
2025-06-24T23:20:59,QAQ,52.25000000000001,1.530000000000041,1.260000000000048,6.7199999999998905,1428.9,21.5,58.5,2.05,3.91,8.69,1,PM25
2025-06-24T23:21:59,QAQ,53.56999999999993,1.9799999999999387,0.9450000000000955,6.240000000000054,1429.1,21.5,58.4,2.1,3.8,7.98,1,PM25
2025-06-24T23:22:59,QAQ,51.5900000000001,2.0700000000000616,1.260000000000048,6.359999999999945,1428.5,21.5,58.5,2.11,3.72,7.1,1,PM25
2025-06-24T23:23:59,QAQ,50.7099999999999,1.5299999999999387,0.9450000000000955,6.6,1429.7,21.4,58.4,2.14,3.66,6.01,1,PM25
2025-06-24T23:24:59,QAQ,52.36000000000003,2.069999999999959,1.260000000000048,6.480000000000109,1430.3,21.4,59.1,2.14,3.75,9.61,1,PM25
2025-06-24T23:25:59,QAQ,50.82000000000006,2.3400000000000207,0.525,6.240000000000054,1429.5,21.4,58.7,1.98,3.52,8.23,1,PM25
2025-06-24T23:26:59,QAQ,51.7,1.8,1.1549999999999045,6.240000000000054,1429.3,21.4,58.9,2.18,3.98,12.08,1,PM25
2025-06-24T23:27:59,QAQ,51.58999999999998,2.25,1.260000000000048,6.359999999999945,1429.5,21.4,59.1,2.08,3.84,7.58,1,PM25
2025-06-24T23:28:59,QAQ,51.48000000000008,1.7099999999999795,1.259999999999809,6.1200000000001635,1430.4,21.4,59.2,2.09,3.54,8.62,1,PM25
2025-06-24T23:29:59,QAQ,53.35,2.069999999999959,1.364999999999952,6.240000000000054,1428.9,21.4,59.5,2.22,4.13,8.45,1,PM25
2025-06-24T23:30:59,QAQ,52.57999999999996,1.7099999999999795,1.6799999999999047,6.1200000000001635,1432.8,21.4,59.7,2.18,3.93,5.81,1,PM25
2025-06-24T23:31:59,QAQ,52.689999999999976,1.8,1.5750000000000002,6.240000000000054,1434.1,21.3,60.1,2.25,3.92,8.18,1,PM25
2025-06-24T23:32:59,QAQ,53.56999999999993,1.9800000000000406,1.364999999999952,6.240000000000054,1432.0,21.3,60.0,2.28,4.01,9.74,1,PM25
2025-06-24T23:33:59,QAQ,55.00000000000001,2.0700000000000616,1.5750000000000002,6.0,1432.3,21.3,59.9,2.28,3.89,7.33,1,PM25
2025-06-24T23:34:59,QAQ,54.22999999999996,1.6200000000000614,1.785000000000048,6.1200000000001635,1430.4,21.3,60.4,2.33,4.28,8.77,1,PM25
2025-06-24T23:35:59,QAQ,54.23000000000008,2.3400000000000207,1.5750000000000002,5.640000000000055,1429.6,21.3,60.4,2.29,3.89,6.78,1,PM25
2025-06-24T23:36:59,QAQ,55.21999999999993,1.0799999999999386,2.309999999999809,6.0,1432.2,21.3,61.1,2.34,4.04,6.91,1,PM25
2025-06-24T23:37:59,QAQ,54.779999999999966,2.339999999999918,1.5750000000000002,5.760000000000218,1432.6,21.3,61.1,2.39,4.19,10.32,1,PM25
2025-06-24T23:38:59,QAQ,55.98999999999998,2.25,2.3100000000000476,5.040000000000054,1433.9,21.3,60.5,2.58,4.57,7.71,1,PM25
2025-06-24T23:39:59,QAQ,55.439999999999976,1.8,2.3100000000000476,5.0399999999997815,1434.4,21.3,60.7,2.56,4.69,12.15,1,PM25
2025-06-24T23:40:59,QAQ,56.21000000000003,2.1599999999999797,2.7299999999999045,4.8,1438.7,21.3,60.9,2.58,4.82,10.6,1,PM25
2025-06-24T23:41:59,QAQ,58.08000000000008,2.4300000000000406,3.1500000000000004,4.559999999999945,1434.9,21.3,60.8,2.56,4.71,9.05,1,PM25
2025-06-24T23:42:59,QAQ,56.43000000000008,1.8900000000000206,2.9399999999999524,4.440000000000055,1436.2,21.3,60.8,2.61,4.32,12.46,1,PM25
2025-06-24T23:43:59,QAQ,58.300000000000004,2.1599999999999797,2.9399999999999524,4.2,1437.1,21.3,60.9,2.67,4.16,10.12,1,PM25
2025-06-24T23:44:59,QAQ,57.63999999999998,1.9799999999999387,2.8350000000000475,4.2,1438.6,21.3,60.6,2.75,4.89,9.48,1,PM25
2025-06-24T23:45:59,QAQ,58.189999999999976,2.1599999999999797,3.254999999999905,4.080000000000109,1439.6,21.3,60.9,2.63,4.41,6.57,1,PM25
2025-06-24T23:46:59,QAQ,59.18000000000008,2.25,3.3600000000000474,3.7199999999998905,1440.5,21.3,60.9,2.56,4.58,8.1,1,PM25
2025-06-24T23:47:59,QAQ,57.970000000000056,1.6200000000000614,3.7799999999999048,3.840000000000054,1437.9,21.3,61.1,2.73,4.64,7.02,1,PM25
2025-06-24T23:48:59,QAQ,57.75000000000001,2.3400000000000207,2.9399999999999524,3.9599999999999453,1440.1,21.3,61.3,2.71,4.93,10.96,1,PM25
2025-06-24T23:49:59,QAQ,56.429999999999964,2.1599999999999797,2.5199999999998575,4.080000000000109,1438.9,21.3,61.0,2.63,4.25,10.38,1,PM25
2025-06-24T23:50:59,QAQ,57.42000000000005,2.25,2.3100000000000476,4.319999999999891,1437.9,21.3,60.8,2.65,4.61,9.36,1,PM25
2025-06-24T23:51:59,QAQ,56.869999999999926,2.1599999999999797,1.8899999999999522,4.560000000000218,1439.5,21.4,60.6,2.52,4.16,6.52,1,PM25
2025-06-24T23:52:59,QAQ,56.759999999999906,1.9800000000000406,2.2050000000001435,4.319999999999891,1439.2,21.4,60.7,2.54,4.32,11.48,1,PM25
2025-06-24T23:53:59,QAQ,56.2099999999999,2.069999999999959,2.3100000000000476,4.440000000000055,1437.1,21.4,60.7,2.54,4.46,10.02,1,PM25
2025-06-24T23:54:59,QAQ,56.760000000000026,2.069999999999959,1.890000000000191,4.679999999999836,1437.7,21.4,60.6,2.62,4.32,9.09,1,PM25
2025-06-24T23:55:59,QAQ,55.77000000000005,1.8900000000000206,1.6800000000001434,4.8,1436.5,21.4,60.6,2.64,4.52,10.53,1,PM25
2025-06-24T23:56:59,QAQ,56.760000000000026,1.8899999999999182,1.8899999999999522,4.559999999999945,1438.1,21.4,60.7,2.57,4.35,7.63,1,PM25
2025-06-24T23:57:59,QAQ,55.550000000000004,1.9800000000000406,1.6799999999999047,4.559999999999945,1437.1,21.4,60.8,2.49,4.55,10.68,1,PM25
2025-06-24T23:58:59,QAQ,55.439999999999976,2.25,1.785000000000048,4.440000000000055,1437.1,21.4,60.8,2.61,4.56,7.77,1,PM25
2025-06-24T23:59:59,QAQ,56.31999999999993,1.8899999999999182,1.785000000000048,5.040000000000054,1438.0,21.4,60.9,2.59,4.53,9.04,1,PM25
2025-06-25T00:00:59,QAQ,56.650000000000006,2.1599999999999797,1.8899999999999522,4.8,1440.0,21.4,60.9,2.54,4.29,10.31,1,PM25
2025-06-25T00:01:59,QAQ,55.88000000000008,2.160000000000082,1.5750000000000002,4.680000000000109,1437.0,21.4,60.8,2.49,4.45,13.07,1,PM25
2025-06-25T00:02:59,QAQ,56.760000000000026,2.160000000000082,1.4699999999998568,4.8,1437.9,21.4,60.7,2.53,4.49,8.45,1,PM25
2025-06-25T00:03:59,QAQ,54.45,2.3400000000000207,1.364999999999952,4.8,1436.3,21.4,60.7,2.6,4.97,8.87,1,PM25
2025-06-25T00:04:59,QAQ,55.87999999999996,2.25,1.5750000000000002,4.679999999999836,1437.3,21.4,60.7,2.67,4.58,7.3,1,PM25
2025-06-25T00:05:59,QAQ,55.9900000000001,2.25,1.4699999999998568,4.8,1436.8,21.4,60.6,2.52,4.22,7.58,1,PM25
2025-06-25T00:06:59,QAQ,56.98000000000008,2.1599999999999797,1.6800000000001434,4.440000000000055,1437.9,21.4,60.6,2.46,4.53,8.75,1,PM25
2025-06-25T00:07:59,QAQ,55.77000000000005,1.8900000000000206,1.5750000000000002,4.8,1439.3,21.4,60.8,2.55,4.36,7.64,1,PM25
2025-06-25T00:08:59,QAQ,55.439999999999976,2.1599999999999797,1.785000000000048,4.559999999999945,1440.4,21.4,60.9,2.6,4.67,7.44,1,PM25
2025-06-25T00:09:59,QAQ,56.43000000000008,2.069999999999959,1.364999999999952,4.679999999999836,1440.0,21.4,60.8,2.57,4.64,9.35,1,PM25
2025-06-25T00:10:59,QAQ,55.550000000000004,2.3400000000000207,1.4700000000000955,4.679999999999836,1438.5,21.4,60.8,2.61,4.86,11.86,1,PM25
2025-06-25T00:11:59,QAQ,57.08999999999998,2.25,1.8899999999999522,4.680000000000109,1436.1,21.4,61.0,2.75,5.37,9.76,1,PM25
2025-06-25T00:12:59,QAQ,53.900000000000006,1.8900000000000206,2.1,4.440000000000055,1436.6,21.4,61.2,2.8,5.41,10.7,1,PM25
2025-06-25T00:13:59,QAQ,55.66000000000003,2.160000000000082,1.8899999999999522,4.560000000000218,1439.9,21.4,61.3,2.63,4.8,9.28,1,PM25
2025-06-25T00:14:59,QAQ,55.550000000000004,1.8900000000000206,1.8899999999999522,4.8,1439.5,21.4,61.5,2.69,4.73,12.31,1,PM25
2025-06-25T00:15:59,QAQ,55.32999999999996,1.9800000000000406,2.1,4.2,1441.6,21.4,61.7,2.64,4.99,11.33,1,PM25
2025-06-25T00:16:59,QAQ,57.970000000000056,2.0700000000000616,2.3100000000000476,4.2,1443.4,21.4,62.0,2.63,4.59,7.89,1,PM25
2025-06-25T00:17:59,QAQ,54.66999999999993,1.9800000000000406,2.3100000000000476,4.2,1440.1,21.4,62.0,2.81,5.24,14.64,1,PM25
2025-06-25T00:18:59,QAQ,55.00000000000001,2.1599999999999797,2.4149999999999525,4.080000000000109,1442.2,21.4,62.2,2.75,4.91,8.24,1,PM25
2025-06-25T00:19:59,QAQ,54.45,2.7900000000000205,3.3599999999998094,3.240000000000054,1443.9,21.4,62.3,3.04,5.23,8.64,1,PM25
2025-06-25T00:20:59,QAQ,54.33999999999998,2.7899999999999183,3.1500000000000004,3.240000000000054,1445.2,21.4,62.3,2.98,5.19,12.76,1,PM25
2025-06-25T00:21:59,QAQ,54.56000000000003,2.7900000000000205,2.8350000000000475,3.4799999999998366,1445.4,21.4,62.2,2.98,5.5,12.55,1,PM25
2025-06-25T00:22:59,QAQ,54.23000000000008,4.589999999999918,3.1500000000000004,2.879999999999837,1452.4,21.4,62.1,2.79,5.83,10.92,1,PM25
2025-06-25T00:23:59,QAQ,53.23999999999998,2.5200000000000613,1.785000000000048,4.2,1440.8,21.4,61.5,2.37,4.84,8.79,1,PM25
2025-06-25T00:24:59,QAQ,50.71000000000003,2.6099999999999794,2.1,4.2,1438.4,21.3,61.5,2.48,5.12,11.45,1,PM25
2025-06-25T00:25:59,QAQ,54.010000000000026,3.330000000000041,2.415000000000191,3.4799999999998366,1444.5,21.3,61.7,2.56,5.14,14.74,1,PM25
2025-06-25T00:26:59,QAQ,53.35,2.8800000000000407,1.8899999999999522,3.7199999999998905,1442.0,21.3,61.5,2.36,5.14,10.25,1,PM25
2025-06-25T00:27:59,QAQ,51.150000000000006,3.239999999999918,2.415000000000191,3.8399999999997814,1443.0,21.3,61.8,3.07,5.67,8.87,1,PM25
2025-06-25T00:28:59,QAQ,50.16000000000003,3.0599999999999796,1.8899999999999522,4.2,1441.0,21.3,61.5,2.35,4.76,9.09,1,PM25
2025-06-25T00:29:59,QAQ,51.369999999999926,3.0599999999999796,1.9950000000000956,3.7199999999998905,1436.2,21.3,61.4,2.13,4.94,10.73,1,PM25
2025-06-25T00:30:59,QAQ,50.929999999999964,3.8699999999999593,2.415000000000191,3.3599999999999453,1441.7,21.2,61.5,2.27,4.94,8.8,1,PM25
2025-06-25T00:31:59,QAQ,52.02999999999996,4.679999999999938,2.2049999999999046,3.5999999999999996,1444.1,21.2,61.1,2.17,4.99,11.33,1,PM25
2025-06-25T00:32:59,QAQ,51.370000000000054,4.140000000000021,2.3100000000000476,3.9599999999999453,1445.6,21.2,61.0,2.08,4.7,8.02,1,PM25
2025-06-25T00:33:59,QAQ,48.73000000000008,3.6900000000000204,2.2049999999999046,3.840000000000054,1440.0,21.2,61.1,2.21,5.1,8.46,1,PM25
2025-06-25T00:34:59,QAQ,51.259999999999906,3.329999999999939,2.1,3.840000000000054,1440.3,21.1,61.3,2.38,4.53,9.36,1,PM25
2025-06-25T00:35:59,QAQ,49.38999999999998,2.9700000000000615,2.4149999999999525,3.7199999999998905,1439.8,21.1,61.5,2.41,5.28,9.19,1,PM25
2025-06-25T00:36:59,QAQ,51.92000000000005,3.15,2.1,3.840000000000054,1441.8,21.1,61.6,2.3,4.97,12.59,1,PM25
2025-06-25T00:37:59,QAQ,49.27999999999996,2.3400000000000207,1.4699999999998568,4.320000000000164,1437.1,21.1,61.6,2.11,4.94,9.31,1,PM25
2025-06-25T00:38:59,QAQ,48.510000000000026,2.1599999999999797,1.5750000000000002,4.2,1436.8,21.1,61.7,2.07,4.93,11.69,1,PM25
2025-06-25T00:39:59,QAQ,49.720000000000056,2.7,1.5750000000000002,4.440000000000055,1438.0,21.0,61.6,2.15,4.28,6.9,1,PM25
2025-06-25T00:40:59,QAQ,50.38000000000008,2.7,1.8899999999999522,4.2,1435.9,21.0,61.7,2.42,5.02,8.3,1,PM25
2025-06-25T00:41:59,QAQ,49.61000000000003,2.7900000000000205,1.6799999999999047,3.960000000000218,1437.6,21.0,61.8,2.29,5.13,8.97,1,PM25
2025-06-25T00:42:59,QAQ,48.510000000000026,2.25,1.260000000000048,4.2,1436.6,21.0,61.7,2.13,5.09,10.02,1,PM25
2025-06-25T00:43:59,QAQ,48.83999999999998,2.25,1.364999999999952,4.559999999999945,1436.6,21.0,61.8,2.1,4.97,10.38,1,PM25
2025-06-25T00:44:59,QAQ,49.50000000000001,2.25,1.1549999999999045,4.320000000000164,1436.7,21.0,61.9,2.06,4.66,8.44,1,PM25
2025-06-25T00:45:59,QAQ,49.82999999999996,2.160000000000082,1.364999999999952,4.2,1435.4,20.9,61.9,2.0,4.66,10.28,1,PM25
2025-06-25T00:46:59,QAQ,48.400000000000006,2.7,1.364999999999952,4.559999999999945,1436.4,20.9,61.8,2.04,4.5,12.86,1,PM25
2025-06-25T00:47:59,QAQ,48.179999999999964,2.25,1.364999999999952,4.080000000000109,1434.7,20.9,61.7,2.11,4.9,11.9,1,PM25
2025-06-25T00:48:59,QAQ,49.61000000000003,2.339999999999918,1.4700000000000955,4.319999999999891,1435.2,20.9,61.5,2.22,5.3,17.05,1,PM25
2025-06-25T00:49:59,QAQ,48.400000000000006,2.25,1.1549999999999045,4.319999999999891,1434.9,20.9,61.5,2.07,4.9,14.5,1,PM25
2025-06-25T00:50:59,QAQ,49.06000000000003,2.160000000000082,1.259999999999809,4.440000000000055,1435.6,20.9,61.5,2.2,5.39,9.97,1,PM25
2025-06-25T00:51:59,QAQ,49.28000000000008,2.25,1.1550000000001432,4.440000000000055,1435.8,20.9,61.5,2.08,4.82,12.8,1,PM25
2025-06-25T00:52:59,QAQ,47.41000000000003,2.25,1.259999999999809,4.320000000000164,1437.1,20.9,61.5,2.13,5.86,13.36,1,PM25
2025-06-25T00:53:59,QAQ,47.96000000000003,2.25,1.1550000000001432,4.319999999999891,1435.6,20.9,61.5,2.17,4.93,9.78,1,PM25
2025-06-25T00:54:59,QAQ,48.72999999999996,2.519999999999959,1.1550000000001432,4.440000000000055,1436.0,20.8,61.6,2.15,5.5,13.35,1,PM25
2025-06-25T00:55:59,QAQ,48.509999999999906,2.429999999999939,1.4700000000000955,4.440000000000055,1435.1,20.8,61.6,2.06,5.14,11.8,1,PM25
2025-06-25T00:56:59,QAQ,47.73999999999998,2.25,1.4699999999998568,4.2,1436.6,20.8,61.7,2.04,4.73,9.36,1,PM25
2025-06-25T00:57:59,QAQ,47.9599999999999,2.3400000000000207,1.6799999999999047,4.080000000000109,1436.8,20.8,61.8,2.14,5.03,10.63,1,PM25
2025-06-25T00:58:59,QAQ,50.050000000000004,2.429999999999939,1.4699999999998568,4.320000000000164,1437.2,20.8,61.7,2.09,5.32,11.75,1,PM25
2025-06-25T00:59:59,QAQ,48.510000000000026,2.339999999999918,1.4699999999998568,4.440000000000055,1438.0,20.8,61.8,2.14,5.39,13.85,1,PM25
2025-06-25T01:00:59,QAQ,48.510000000000026,2.519999999999959,1.5750000000000002,4.319999999999891,1436.9,20.8,61.9,2.0,4.63,11.47,1,PM25
2025-06-25T01:01:59,QAQ,48.95,2.6099999999999794,1.785000000000048,3.9599999999999453,1437.4,20.8,61.9,2.28,5.78,13.24,1,PM25
2025-06-25T01:02:59,QAQ,48.619999999999926,2.4300000000000406,1.6799999999999047,4.2,1439.2,20.7,62.0,2.4,5.6,11.02,1,PM25
2025-06-25T01:03:59,QAQ,49.28000000000008,2.519999999999959,1.4700000000000955,4.080000000000109,1435.8,20.7,61.8,2.1,4.96,10.41,1,PM25
2025-06-25T01:04:59,QAQ,47.73999999999998,2.339999999999918,1.6799999999999047,4.2,1439.4,20.7,62.0,2.27,5.09,10.29,1,PM25
2025-06-25T01:05:59,QAQ,50.48999999999998,2.7,1.785000000000048,3.9599999999999453,1439.3,20.7,62.1,2.38,5.83,10.99,1,PM25
2025-06-25T01:06:59,QAQ,48.619999999999926,2.6099999999999794,1.9950000000000956,3.8399999999997814,1438.7,20.7,62.1,2.26,5.07,9.34,1,PM25
2025-06-25T01:07:59,QAQ,48.83999999999998,2.8799999999999386,1.7849999999998092,3.7200000000001636,1435.3,20.7,61.8,2.27,5.6,12.68,1,PM25
2025-06-25T01:08:59,QAQ,48.509999999999906,2.9700000000000615,2.2049999999999046,3.7200000000001636,1440.6,20.7,61.9,2.48,6.12,13.45,1,PM25
2025-06-25T01:09:59,QAQ,48.620000000000054,3.329999999999939,2.3100000000000476,3.240000000000054,1445.6,20.7,62.0,2.13,5.14,10.65,1,PM25
2025-06-25T01:10:59,QAQ,52.689999999999976,3.6900000000000204,2.4149999999999525,3.3599999999999453,1447.0,20.7,61.9,2.1,5.19,10.63,1,PM25
2025-06-25T01:11:59,QAQ,58.52000000000005,3.4200000000000617,2.2050000000001435,3.5999999999999996,1444.1,20.7,61.7,2.19,5.43,9.76,1,PM25
2025-06-25T01:12:59,QAQ,51.5900000000001,3.15,1.6800000000001434,3.840000000000054,1444.5,20.7,61.6,2.12,5.37,10.64,1,PM25
2025-06-25T01:13:59,QAQ,50.48999999999998,4.679999999999938,2.415000000000191,3.119999999999891,1447.5,20.6,61.8,2.18,5.62,13.56,1,PM25
2025-06-25T01:14:59,QAQ,49.50000000000001,3.4200000000000617,2.1,3.5999999999999996,1441.2,20.6,62.0,2.54,6.1,14.13,1,PM25
2025-06-25T01:15:59,QAQ,48.95,3.6899999999999182,2.2049999999999046,3.4800000000001092,1442.8,20.6,62.1,2.43,5.68,12.42,1,PM25
2025-06-25T01:16:59,QAQ,47.41000000000003,3.7799999999999385,2.625,2.879999999999837,1442.2,20.6,62.0,2.26,5.49,12.39,1,PM25
2025-06-25T01:17:59,QAQ,46.31000000000003,4.40999999999998,2.7299999999999045,2.5200000000001634,1439.9,20.6,61.7,2.12,5.34,10.73,1,PM25
2025-06-25T01:18:59,QAQ,48.620000000000054,3.8699999999999593,2.9399999999999524,2.4,1439.5,20.6,61.5,2.18,5.66,10.27,1,PM25
2025-06-25T01:19:59,QAQ,48.510000000000026,4.589999999999918,2.9399999999999524,2.5199999999998908,1442.4,20.5,61.6,2.01,4.79,9.96,1,PM25
2025-06-25T01:20:59,QAQ,47.62999999999996,4.05,2.5200000000000955,2.879999999999837,1439.8,20.5,61.5,2.1,5.14,9.27,1,PM25
2025-06-25T01:21:59,QAQ,48.620000000000054,5.4,3.0449999999998574,2.5200000000001634,1444.6,20.5,61.6,2.06,5.45,8.33,1,PM25
2025-06-25T01:22:59,QAQ,46.63999999999998,3.780000000000041,2.5199999999998575,2.759999999999945,1442.4,20.5,61.6,2.07,5.32,9.92,1,PM25
2025-06-25T01:23:59,QAQ,45.650000000000006,2.9700000000000615,1.8899999999999522,3.240000000000054,1441.8,20.4,61.4,2.02,4.79,7.3,1,PM25
2025-06-25T01:24:59,QAQ,46.96999999999993,2.9699999999999593,1.8899999999999522,3.5999999999999996,1442.6,20.4,61.5,2.17,5.66,9.59,1,PM25
2025-06-25T01:25:59,QAQ,46.31000000000003,4.589999999999918,2.625,3.0,1441.0,20.4,61.7,2.2,5.95,10.73,1,PM25
2025-06-25T01:26:59,QAQ,46.3099999999999,4.320000000000062,2.5199999999998575,3.1200000000001635,1444.3,20.4,61.8,2.18,5.8,11.63,1,PM25
2025-06-25T01:27:59,QAQ,46.63999999999998,3.15,1.8899999999999522,3.5999999999999996,1443.1,20.4,62.0,2.11,5.82,14.11,1,PM25
2025-06-25T01:28:59,QAQ,45.650000000000006,2.9699999999999593,1.7849999999998092,3.7200000000001636,1443.5,20.4,62.0,2.11,5.64,11.54,1,PM25
2025-06-25T01:29:59,QAQ,45.21000000000003,2.3400000000000207,1.5750000000000002,3.9599999999999453,1443.2,20.3,62.1,2.19,5.93,12.04,1,PM25
2025-06-25T01:30:59,QAQ,45.760000000000026,2.5200000000000613,1.260000000000048,4.2,1443.2,20.3,62.2,2.05,5.56,8.89,1,PM25
2025-06-25T01:31:59,QAQ,45.53999999999998,2.25,0.8399999999999523,4.2,1440.6,20.3,62.2,2.07,5.5,10.16,1,PM25
2025-06-25T01:32:59,QAQ,43.56000000000003,2.1599999999999797,1.05,4.319999999999891,1438.5,20.3,62.1,1.98,5.07,14.44,1,PM25
2025-06-25T01:33:59,QAQ,44.220000000000056,2.429999999999939,0.525,4.559999999999945,1437.9,20.3,61.9,2.09,5.87,10.5,1,PM25
2025-06-25T01:34:59,QAQ,45.650000000000006,2.519999999999959,0.9449999999998568,4.440000000000055,1439.6,20.3,61.9,2.06,5.26,11.08,1,PM25
2025-06-25T01:35:59,QAQ,46.86000000000003,2.7,1.4699999999998568,4.2,1440.8,20.2,62.1,2.06,5.93,14.08,1,PM25
2025-06-25T01:36:59,QAQ,47.07999999999996,2.4300000000000406,1.05,4.680000000000109,1439.6,20.2,62.2,2.26,5.92,14.94,1,PM25
2025-06-25T01:37:59,QAQ,47.41000000000003,3.419999999999959,2.2050000000001435,3.7199999999998905,1441.7,20.2,62.4,2.32,6.59,13.03,1,PM25
2025-06-25T01:38:59,QAQ,47.96000000000003,3.2400000000000206,2.834999999999809,3.1200000000001635,1439.9,20.2,62.8,2.23,6.07,11.25,1,PM25
2025-06-25T01:39:59,QAQ,49.61000000000003,3.15,3.2550000000001433,2.759999999999945,1441.3,20.2,63.2,2.38,6.27,13.39,1,PM25
2025-06-25T01:40:59,QAQ,47.300000000000004,2.519999999999959,2.7299999999999045,3.119999999999891,1442.0,20.2,63.3,2.46,6.17,14.12,1,PM25
2025-06-25T01:41:59,QAQ,47.73999999999998,2.7,2.625,3.0,1441.5,20.2,63.5,2.54,6.07,11.98,1,PM25
2025-06-25T01:42:59,QAQ,48.73000000000008,2.429999999999939,2.8350000000000475,3.119999999999891,1443.0,20.2,63.9,2.41,5.94,11.48,1,PM25
2025-06-25T01:43:59,QAQ,47.52000000000005,2.7,2.625,3.0,1444.6,20.2,63.9,2.21,5.76,12.76,1,PM25
2025-06-25T01:44:59,QAQ,47.300000000000004,2.5200000000000613,2.2049999999999046,3.7199999999998905,1443.8,20.1,63.9,2.21,5.69,11.01,1,PM25
2025-06-25T01:45:59,QAQ,45.869999999999926,2.7900000000000205,2.1,3.4800000000001092,1444.3,20.1,63.9,2.23,5.65,13.77,1,PM25
2025-06-25T01:46:59,QAQ,48.510000000000026,3.15,2.7300000000001434,3.0,1446.8,20.1,63.7,2.26,6.09,14.29,1,PM25
2025-06-25T01:47:59,QAQ,46.31000000000003,2.4300000000000406,2.1,3.2399999999997817,1445.2,20.1,63.4,2.11,5.87,10.73,1,PM25
2025-06-25T01:48:59,QAQ,48.400000000000006,2.7,1.9950000000000956,3.3599999999999453,1442.0,20.1,63.4,2.08,5.24,12.96,1,PM25
2025-06-25T01:49:59,QAQ,45.97999999999996,2.3400000000000207,1.8899999999999522,3.4800000000001092,1442.8,20.1,63.4,2.19,5.86,12.01,1,PM25
2025-06-25T01:50:59,QAQ,46.86000000000003,2.3400000000000207,2.1,3.7199999999998905,1444.5,20.1,63.5,2.1,5.52,10.1,1,PM25
2025-06-25T01:51:59,QAQ,46.85999999999991,2.25,1.9950000000000956,3.240000000000054,1443.0,20.1,63.6,2.14,6.02,16.72,1,PM25
2025-06-25T01:52:59,QAQ,47.62999999999996,2.339999999999918,1.9950000000000956,3.3599999999999453,1443.5,20.1,63.8,2.11,5.59,11.9,1,PM25
2025-06-25T01:53:59,QAQ,46.86000000000003,2.429999999999939,1.4700000000000955,3.7199999999998905,1442.8,20.1,63.4,2.08,6.71,16.98,1,PM25
2025-06-25T01:54:59,QAQ,46.31000000000003,2.160000000000082,1.4700000000000955,3.8399999999997814,1441.8,20.1,63.3,2.15,5.68,11.05,1,PM25
2025-06-25T01:55:59,QAQ,46.85999999999991,2.1599999999999797,1.9950000000000956,3.5999999999999996,1443.5,20.1,63.8,2.18,5.9,13.62,1,PM25
2025-06-25T01:56:59,QAQ,46.0900000000001,2.429999999999939,1.4699999999998568,3.4800000000001092,1444.2,20.1,63.7,2.19,6.53,13.37,1,PM25
2025-06-25T01:57:59,QAQ,47.73999999999998,2.6099999999999794,1.260000000000048,3.9599999999999453,1443.3,20.1,63.3,2.07,5.71,12.54,1,PM25
2025-06-25T01:58:59,QAQ,45.429999999999964,2.429999999999939,0.9450000000000955,3.9599999999999453,1442.5,20.1,63.0,2.07,6.22,10.7,1,PM25
2025-06-25T01:59:59,QAQ,45.43000000000008,2.3400000000000207,1.1549999999999045,4.080000000000109,1440.8,20.1,63.0,2.14,6.78,14.68,1,PM25
2025-06-25T02:00:59,QAQ,45.97999999999996,2.519999999999959,0.840000000000191,4.439999999999782,1442.3,20.1,62.9,2.13,6.44,12.07,1,PM25
2025-06-25T02:01:59,QAQ,44.87999999999996,2.3400000000000207,0.7350000000000477,4.8,1442.3,20.1,62.7,2.19,7.02,14.62,1,PM25
2025-06-25T02:02:59,QAQ,45.540000000000106,2.519999999999959,0.9450000000000955,4.2,1441.2,20.1,62.8,2.22,6.48,11.7,1,PM25
2025-06-25T02:03:59,QAQ,46.2,2.610000000000082,1.1549999999999045,4.320000000000164,1442.4,20.1,62.9,2.16,6.24,13.4,1,PM25
