DATE,TE,CO,NO,NO2,O3,CO2,T,RH,PM1.0,PM2.5,PM10,AQHI,Top_AQHI_Contributor
2025-07-09T17:00:14,QAQ,40.92000000000005,10.08000000000004,-5.775,5.759999999999946,1316.7,27.0,52.2,0.86,1.42,2.03,1,PM25
2025-07-09T17:01:14,QAQ,42.23999999999998,9.0,-5.039999999999952,6.0,1319.0,27.0,52.4,0.82,1.33,2.87,1,PM25
2025-07-09T17:02:14,QAQ,40.91999999999993,9.359999999999978,-5.1450000000000955,5.880000000000109,1317.4,27.1,52.6,0.82,1.39,3.33,1,PM25
2025-07-09T17:03:14,QAQ,40.260000000000026,9.9,-5.775,5.640000000000055,1320.2,27.0,52.1,0.86,1.57,3.18,1,PM25
2025-07-09T17:04:14,QAQ,41.13999999999998,9.540000000000022,-5.775,6.1200000000001635,1318.5,27.1,51.5,0.85,1.46,3.84,1,PM25
2025-07-09T17:05:14,QAQ,39.27000000000005,9.0,-4.935000000000048,6.119999999999891,1321.5,27.1,52.5,0.81,1.52,4.17,1,PM25
2025-07-09T17:06:14,QAQ,41.46999999999993,9.359999999999978,-5.3549999999999045,5.640000000000055,1317.6,27.1,52.4,0.8,1.16,1.92,1,PM25
2025-07-09T17:07:14,QAQ,40.92000000000005,9.719999999999962,-5.355000000000143,6.0,1321.8,27.1,52.0,0.84,1.36,3.06,1,PM25
2025-07-09T17:08:14,QAQ,40.150000000000006,9.360000000000083,-5.564999999999952,6.359999999999945,1318.7,27.1,51.8,0.87,1.6,3.69,1,PM25
2025-07-09T17:09:14,QAQ,41.25,9.0,-5.564999999999952,6.1200000000001635,1321.4,27.1,52.1,0.77,1.43,4.23,1,PM25
2025-07-09T17:10:14,QAQ,41.910000000000025,8.73000000000004,-4.935000000000048,6.0,1321.2,27.1,52.6,0.82,1.57,5.66,1,PM25
2025-07-09T17:11:14,QAQ,43.339999999999975,8.909999999999979,-5.1450000000000955,5.880000000000109,1320.4,27.2,52.2,0.87,1.47,4.5,1,PM25
2025-07-09T17:12:14,QAQ,43.5599999999999,9.0,-5.25,6.0,1318.6,27.2,52.2,0.8,1.38,1.86,1,PM25
2025-07-09T17:13:14,QAQ,41.909999999999904,9.270000000000062,-5.775,6.239999999999782,1318.7,27.2,51.4,0.8,1.42,2.4,1,PM25
2025-07-09T17:14:14,QAQ,44.0,9.359999999999978,-5.669999999999857,6.0,1320.2,27.3,51.5,0.74,1.14,4.32,1,PM25
2025-07-09T17:15:14,QAQ,43.67000000000005,8.729999999999938,-5.25,6.359999999999945,1319.4,27.3,51.4,0.69,1.15,1.87,1,PM25
2025-07-09T17:16:14,QAQ,43.119999999999926,9.26999999999996,-5.460000000000048,6.240000000000054,1321.8,27.3,51.6,0.67,1.14,3.79,1,PM25
2025-07-09T17:17:14,QAQ,42.02000000000005,9.26999999999996,-5.460000000000048,6.6,1320.9,27.3,51.3,0.68,1.12,2.54,1,PM25
2025-07-09T17:18:14,QAQ,40.92000000000005,9.359999999999978,-6.089999999999953,6.479999999999836,1319.9,27.3,50.5,0.72,1.21,4.31,1,PM25
2025-07-09T17:19:14,QAQ,42.57000000000005,9.090000000000023,-5.670000000000096,6.6,1322.2,27.3,50.9,0.66,1.0,1.25,1,PM25
2025-07-09T17:20:14,QAQ,40.92000000000005,8.640000000000022,-5.1450000000000955,6.480000000000109,1318.7,27.3,51.6,0.69,1.09,2.74,1,PM25
2025-07-09T17:21:14,QAQ,40.47999999999996,10.16999999999996,-6.300000000000001,6.480000000000109,1319.1,27.3,50.3,0.69,1.16,2.42,1,PM25
2025-07-09T17:22:14,QAQ,39.48999999999998,9.26999999999996,-6.300000000000001,6.479999999999836,1319.5,27.3,49.8,0.67,1.12,1.69,1,PM25
2025-07-09T17:23:14,QAQ,38.3900000000001,9.26999999999996,-5.564999999999952,6.359999999999945,1322.0,27.3,50.2,0.73,1.27,2.03,1,PM25
2025-07-09T17:24:14,QAQ,37.290000000000106,8.73000000000004,-5.880000000000144,6.480000000000109,1322.4,27.3,50.1,0.72,1.04,1.36,1,PM25
2025-07-09T17:25:14,QAQ,38.28000000000008,9.809999999999977,-6.614999999999952,6.7199999999998905,1320.4,27.3,49.4,0.82,1.26,2.51,1,PM25
2025-07-09T17:26:14,QAQ,35.970000000000056,9.090000000000023,-6.089999999999953,6.6,1319.2,27.3,49.4,0.84,1.43,2.2,1,PM25
2025-07-09T17:27:14,QAQ,36.08000000000008,8.729999999999938,-5.460000000000048,6.240000000000054,1320.2,27.2,50.4,0.96,1.65,3.0,1,PM25
2025-07-09T17:28:14,QAQ,36.85,9.089999999999916,-6.089999999999953,6.240000000000054,1316.0,27.2,50.0,0.95,1.64,4.94,1,PM25
2025-07-09T17:29:14,QAQ,36.410000000000025,8.190000000000023,-5.039999999999952,6.479999999999836,1319.3,27.1,51.0,0.85,1.33,1.72,1,PM25
2025-07-09T17:30:14,QAQ,38.38999999999998,8.55,-4.7250000000000005,6.0,1320.5,27.1,52.0,0.91,1.55,2.5,1,PM25
2025-07-09T17:31:14,QAQ,40.03999999999998,8.909999999999979,-5.25,6.240000000000054,1316.8,27.1,51.4,0.93,1.64,2.71,1,PM25
2025-07-09T17:32:14,QAQ,40.92000000000005,8.36999999999996,-4.935000000000048,6.0,1322.3,27.1,51.6,0.91,1.58,2.86,1,PM25
2025-07-09T17:33:14,QAQ,42.23999999999998,9.180000000000039,-5.25,6.0,1321.1,27.1,51.3,0.86,1.34,2.15,1,PM25
2025-07-09T17:34:14,QAQ,44.66000000000003,8.73000000000004,-5.355000000000143,5.880000000000109,1323.0,27.1,51.1,0.88,1.51,3.0,1,PM25
2025-07-09T17:35:14,QAQ,43.339999999999975,8.639999999999917,-5.039999999999952,6.240000000000054,1321.8,27.0,51.1,0.96,1.58,2.6,1,PM25
2025-07-09T17:36:14,QAQ,44.87999999999996,8.73000000000004,-5.039999999999952,6.359999999999945,1321.5,27.0,51.2,0.85,1.49,5.93,1,PM25
2025-07-09T17:37:14,QAQ,41.25,8.729999999999938,-4.9349999999998095,6.239999999999782,1322.2,27.0,51.3,0.85,1.3,1.7,1,PM25
2025-07-09T17:38:14,QAQ,42.12999999999996,8.010000000000081,-4.620000000000096,6.480000000000109,1320.3,27.0,51.6,0.84,1.31,2.21,1,PM25
2025-07-09T17:39:14,QAQ,40.8099999999999,8.819999999999961,-5.039999999999952,6.239999999999782,1322.2,27.0,51.2,0.85,1.23,1.94,1,PM25
2025-07-09T17:40:14,QAQ,42.78999999999998,8.459999999999978,-4.9349999999998095,6.359999999999945,1321.1,27.0,51.1,0.78,1.33,3.1,1,PM25
2025-07-09T17:41:14,QAQ,40.03999999999998,8.55,-5.039999999999952,6.0,1324.5,27.0,51.3,0.69,1.11,2.49,1,PM25
2025-07-09T17:42:14,QAQ,39.48999999999998,8.370000000000061,-4.829999999999905,6.119999999999891,1321.8,27.0,51.4,0.78,1.27,4.81,1,PM25
2025-07-09T17:43:14,QAQ,39.6,8.459999999999978,-4.409999999999809,6.239999999999782,1320.5,27.0,51.5,0.77,1.39,2.98,1,PM25
2025-07-09T17:44:14,QAQ,40.92000000000005,9.0,-4.409999999999809,6.0,1320.2,27.0,51.5,0.72,1.26,2.53,1,PM25
2025-07-09T17:45:14,QAQ,38.71999999999993,8.820000000000062,-4.620000000000096,6.0,1320.4,27.0,51.4,0.66,1.14,2.25,1,PM25
2025-07-09T17:46:14,QAQ,40.81000000000003,8.55,-4.619999999999857,6.0,1322.1,26.9,51.4,0.69,1.05,3.25,1,PM25
2025-07-09T17:47:14,QAQ,39.38000000000008,8.55,-4.5150000000001915,5.760000000000218,1317.9,26.9,51.9,0.72,1.3,2.14,1,PM25
2025-07-09T17:48:14,QAQ,40.589999999999975,9.0,-4.935000000000048,6.0,1315.8,26.9,51.3,0.64,1.07,2.37,1,PM25
2025-07-09T17:49:14,QAQ,41.800000000000004,8.370000000000061,-4.7250000000000005,6.0,1317.0,26.9,51.4,0.68,1.56,5.27,1,PM25
2025-07-09T17:50:14,QAQ,40.7,7.919999999999959,-4.2,6.119999999999891,1320.0,26.8,51.7,0.65,1.32,2.14,1,PM25
2025-07-09T17:51:14,QAQ,41.02999999999996,8.73000000000004,-4.619999999999857,5.759999999999946,1320.9,26.8,51.4,0.61,0.85,1.1,1,PM25
2025-07-09T17:52:14,QAQ,39.6,8.28000000000004,-4.409999999999809,5.759999999999946,1318.8,26.8,51.5,0.62,1.04,1.82,1,PM25
2025-07-09T17:53:14,QAQ,38.17000000000005,8.36999999999996,-4.619999999999857,5.3999999999999995,1316.7,26.8,51.2,0.61,1.08,4.43,1,PM25
2025-07-09T17:54:14,QAQ,40.369999999999926,8.00999999999998,-4.304999999999905,5.8799999999998365,1319.4,26.8,51.5,0.59,1.18,2.71,1,PM25
2025-07-09T17:55:14,QAQ,41.03000000000008,8.55,-4.2,5.759999999999946,1321.6,26.7,51.6,0.55,0.98,3.07,1,PM25
2025-07-09T17:56:14,QAQ,47.96000000000003,8.190000000000023,-4.094999999999858,5.759999999999946,1319.8,26.7,51.8,0.56,1.11,2.96,1,PM25
2025-07-09T17:57:14,QAQ,46.75000000000001,7.65,-3.7799999999999048,5.880000000000109,1319.3,26.7,52.6,0.55,1.08,2.09,1,PM25
2025-07-09T17:58:14,QAQ,44.9900000000001,8.639999999999917,-4.619999999999857,5.8799999999998365,1319.0,26.7,51.9,0.61,1.21,2.86,1,PM25
2025-07-09T17:59:14,QAQ,43.88999999999998,7.65,-4.409999999999809,6.0,1319.7,26.7,51.9,0.54,0.94,1.82,1,PM25
2025-07-09T18:00:14,QAQ,42.019999999999925,7.7399999999999185,-4.095000000000096,6.0,1316.0,26.6,52.1,0.56,0.91,2.52,1,PM25
2025-07-09T18:01:14,QAQ,39.71000000000003,8.189999999999916,-4.620000000000096,5.880000000000109,1317.8,26.6,51.7,0.56,1.18,2.59,1,PM25
2025-07-09T18:02:14,QAQ,41.470000000000056,8.36999999999996,-4.2,6.0,1316.6,26.6,52.0,0.56,1.0,3.53,1,PM25
2025-07-09T18:03:14,QAQ,39.71000000000003,7.829999999999939,-4.305000000000144,6.0,1321.2,26.6,51.6,0.54,1.12,1.7,1,PM25
2025-07-09T18:04:14,QAQ,40.370000000000054,7.829999999999939,-4.410000000000048,6.0,1319.8,26.6,51.6,0.46,0.77,3.82,1,PM25
2025-07-09T18:05:14,QAQ,40.150000000000006,7.65,-4.2,5.8799999999998365,1321.8,26.6,51.5,0.51,0.91,2.82,1,PM25
2025-07-09T18:06:14,QAQ,41.800000000000004,8.1,-4.410000000000048,5.880000000000109,1320.1,26.5,51.4,0.5,0.88,2.37,1,PM25
2025-07-09T18:07:14,QAQ,41.909999999999904,7.7399999999999185,-4.304999999999905,5.880000000000109,1320.7,26.5,51.5,0.51,0.91,1.7,1,PM25
2025-07-09T18:08:14,QAQ,41.58000000000008,7.740000000000021,-4.305000000000144,5.760000000000218,1318.1,26.5,51.7,0.5,1.04,2.19,1,PM25
2025-07-09T18:09:14,QAQ,41.25,7.65,-4.094999999999858,6.239999999999782,1317.7,26.5,51.5,0.52,0.89,1.54,1,PM25
2025-07-09T18:10:14,QAQ,41.800000000000004,7.829999999999939,-4.514999999999953,5.759999999999946,1317.2,26.5,51.3,0.47,0.94,2.93,1,PM25
2025-07-09T18:11:14,QAQ,41.36000000000003,7.55999999999998,-4.2,5.880000000000109,1315.6,26.5,51.5,0.44,0.94,2.31,1,PM25
2025-07-09T18:12:14,QAQ,41.02999999999996,7.55999999999998,-4.2,6.0,1317.0,26.5,51.3,0.49,0.83,1.17,1,PM25
2025-07-09T18:13:14,QAQ,41.910000000000025,7.469999999999959,-3.4649999999999523,5.8799999999998365,1321.2,26.5,52.1,0.49,0.96,1.48,1,PM25
2025-07-09T18:14:14,QAQ,43.5599999999999,8.00999999999998,-3.8849999999998093,5.639999999999781,1319.7,26.5,52.0,0.51,1.05,4.17,1,PM25
2025-07-09T18:15:14,QAQ,43.010000000000026,7.920000000000061,-4.094999999999858,5.8799999999998365,1318.7,26.5,51.4,0.5,0.83,1.45,1,PM25
2025-07-09T18:16:14,QAQ,41.57999999999996,7.469999999999959,-3.8850000000000477,5.880000000000109,1317.9,26.5,51.8,0.52,0.91,2.82,1,PM25
2025-07-09T18:17:14,QAQ,41.25,7.919999999999959,-3.8850000000000477,5.8799999999998365,1319.1,26.5,51.5,0.49,1.15,2.59,1,PM25
2025-07-09T18:18:14,QAQ,41.25,7.7399999999999185,-4.095000000000096,6.0,1318.3,26.5,50.9,0.49,0.97,1.83,1,PM25
2025-07-09T18:19:14,QAQ,40.81000000000003,7.55999999999998,-3.6750000000000003,5.8799999999998365,1318.0,26.5,51.1,0.49,0.9,1.74,1,PM25
2025-07-09T18:20:14,QAQ,40.81000000000003,7.469999999999959,-3.9899999999999523,5.880000000000109,1318.2,26.5,51.3,0.44,1.03,2.61,1,PM25
2025-07-09T18:21:14,QAQ,41.1400000000001,7.469999999999959,-3.6750000000000003,5.759999999999946,1314.5,26.5,51.6,0.45,1.08,2.49,1,PM25
2025-07-09T18:22:14,QAQ,39.37999999999995,7.7399999999999185,-3.7799999999999048,5.880000000000109,1315.1,26.5,51.4,0.5,1.17,1.81,1,PM25
2025-07-09T18:23:14,QAQ,43.010000000000026,7.740000000000021,-3.7799999999999048,5.640000000000055,1316.2,26.5,51.1,0.45,0.91,1.97,1,PM25
2025-07-09T18:24:14,QAQ,43.010000000000026,7.470000000000062,-3.5700000000000958,5.880000000000109,1316.3,26.4,51.6,0.48,0.83,2.74,1,PM25
2025-07-09T18:25:14,QAQ,43.009999999999906,7.919999999999959,-3.3600000000000474,5.640000000000055,1314.5,26.4,51.6,0.5,1.09,3.83,1,PM25
2025-07-09T18:26:14,QAQ,43.339999999999975,7.469999999999959,-3.4649999999999523,5.640000000000055,1318.2,26.4,51.7,0.49,1.25,4.36,1,PM25
2025-07-09T18:27:14,QAQ,43.45,8.00999999999998,-3.1500000000000004,5.3999999999999995,1316.1,26.4,51.4,0.49,1.08,4.18,1,PM25
2025-07-09T18:28:14,QAQ,41.36000000000003,8.279999999999939,-3.5699999999998573,5.51999999999989,1313.7,26.4,51.1,0.51,1.07,2.42,1,PM25
2025-07-09T18:29:14,QAQ,39.6,7.740000000000021,-3.5700000000000958,5.640000000000055,1310.6,26.4,51.2,0.47,1.26,3.36,1,PM25
2025-07-09T18:30:14,QAQ,43.56000000000003,8.190000000000023,-3.4650000000001913,5.640000000000055,1314.2,26.4,51.2,0.5,1.08,4.45,1,PM25
2025-07-09T18:31:14,QAQ,46.86000000000003,7.920000000000061,-3.1500000000000004,5.520000000000164,1312.6,26.3,51.3,0.42,0.8,3.13,1,PM25
2025-07-09T18:32:14,QAQ,44.439999999999976,8.00999999999998,-3.6750000000000003,5.640000000000055,1312.7,26.3,51.1,0.5,1.16,4.03,1,PM25
2025-07-09T18:33:14,QAQ,43.010000000000026,7.469999999999959,-3.3599999999998094,5.51999999999989,1311.1,26.3,51.0,0.48,1.25,2.46,1,PM25
2025-07-09T18:34:14,QAQ,41.02999999999996,7.469999999999959,-3.0450000000000954,5.520000000000164,1312.8,26.3,51.5,0.41,1.03,1.92,1,PM25
2025-07-09T18:35:14,QAQ,41.03000000000008,8.00999999999998,-3.0450000000000954,5.3999999999999995,1312.6,26.2,51.3,0.46,1.07,2.3,1,PM25
2025-07-09T18:36:14,QAQ,41.36000000000003,8.36999999999996,-2.7299999999999045,5.279999999999836,1309.3,26.2,51.6,0.5,1.17,1.45,1,PM25
2025-07-09T18:37:14,QAQ,40.589999999999975,8.28000000000004,-3.1500000000000004,5.160000000000218,1309.6,26.2,51.1,0.5,1.36,3.46,1,PM25
2025-07-09T18:38:14,QAQ,41.800000000000004,8.1,-2.625,5.280000000000109,1310.2,26.2,51.4,0.46,1.26,3.16,1,PM25
2025-07-09T18:39:14,QAQ,39.6,8.1,-2.625,5.159999999999945,1308.8,26.1,51.5,0.49,1.36,2.23,1,PM25
2025-07-09T18:40:14,QAQ,41.03000000000008,7.919999999999959,-3.0450000000000954,5.280000000000109,1310.5,26.1,51.6,0.45,1.0,1.89,1,PM25
2025-07-09T18:41:14,QAQ,40.259999999999906,7.379999999999939,-2.7300000000001434,5.520000000000164,1309.0,26.1,51.6,0.46,1.11,6.65,1,PM25
2025-07-09T18:42:14,QAQ,40.589999999999975,7.55999999999998,-2.8350000000000475,5.280000000000109,1309.1,26.1,51.7,0.48,1.36,4.68,1,PM25
2025-07-09T18:43:14,QAQ,40.03999999999998,7.2900000000000205,-2.7299999999999045,5.3999999999999995,1310.6,26.0,51.7,0.51,1.36,3.32,1,PM25
2025-07-09T18:44:14,QAQ,39.38000000000008,7.740000000000021,-2.8350000000000475,5.3999999999999995,1309.1,26.0,51.7,0.52,1.2,3.14,1,PM25
2025-07-09T18:45:14,QAQ,40.480000000000075,7.020000000000062,-2.5199999999998575,5.3999999999999995,1309.4,26.0,52.0,0.49,1.21,1.66,1,PM25
2025-07-09T18:46:14,QAQ,38.61000000000003,7.830000000000041,-2.7299999999999045,5.51999999999989,1310.4,25.9,51.8,0.51,1.35,2.35,1,PM25
2025-07-09T18:47:14,QAQ,40.150000000000006,7.2900000000000205,-3.0449999999998574,5.639999999999781,1307.2,25.9,51.5,0.45,1.12,1.52,1,PM25
2025-07-09T18:48:14,QAQ,40.370000000000054,7.019999999999959,-2.4149999999999525,5.3999999999999995,1303.2,25.9,51.8,0.49,1.12,3.16,1,PM25
2025-07-09T18:49:14,QAQ,43.120000000000054,6.75,-2.5199999999998575,5.51999999999989,1306.2,25.9,52.2,0.49,1.32,3.46,1,PM25
2025-07-09T18:50:14,QAQ,42.46000000000003,7.10999999999998,-2.7300000000001434,5.3999999999999995,1308.2,25.8,52.2,0.47,1.25,6.54,1,PM25
2025-07-09T18:51:14,QAQ,42.02000000000005,6.929999999999938,-2.625,5.3999999999999995,1306.6,25.8,52.0,0.53,1.2,2.14,1,PM25
2025-07-09T18:52:14,QAQ,41.13999999999998,6.5699999999999585,-2.625,5.640000000000055,1306.6,25.8,52.2,0.47,0.93,1.12,1,PM25
2025-07-09T18:53:14,QAQ,42.57000000000005,6.930000000000041,-2.5200000000000955,5.520000000000164,1309.7,25.8,52.4,0.48,1.19,6.16,1,PM25
2025-07-09T18:54:14,QAQ,42.46000000000003,6.75,-2.4149999999999525,5.520000000000164,1309.5,25.7,52.2,0.47,1.11,2.95,1,PM25
2025-07-09T18:55:14,QAQ,41.57999999999996,7.10999999999998,-2.9399999999999524,5.51999999999989,1309.7,25.7,51.9,0.47,1.28,1.94,1,PM25
2025-07-09T18:56:14,QAQ,39.37999999999995,6.390000000000021,-2.625,5.880000000000109,1308.0,25.7,51.9,0.49,1.27,5.78,1,PM25
2025-07-09T18:57:14,QAQ,40.589999999999975,6.75,-2.625,5.880000000000109,1304.9,25.7,52.1,0.47,1.06,1.55,1,PM25
2025-07-09T18:58:14,QAQ,38.83000000000008,6.84000000000002,-2.5200000000000955,5.640000000000055,1304.3,25.6,52.3,0.46,1.11,2.94,1,PM25
2025-07-09T18:59:14,QAQ,39.6,6.75,-2.9399999999999524,5.759999999999946,1304.7,25.6,51.9,0.51,1.3,2.72,1,PM25
2025-07-09T19:00:14,QAQ,39.4900000000001,6.210000000000082,-2.1,5.640000000000055,1304.3,25.6,52.6,0.47,1.02,2.84,1,PM25
2025-07-09T19:01:14,QAQ,42.019999999999925,6.930000000000041,-2.5199999999998575,5.51999999999989,1305.3,25.5,52.5,0.58,1.57,2.05,1,PM25
2025-07-09T19:02:14,QAQ,39.82000000000005,6.390000000000021,-2.625,5.640000000000055,1305.3,25.5,52.4,0.49,1.4,4.54,1,PM25
2025-07-09T19:03:14,QAQ,39.6,6.2099999999999795,-2.4149999999999525,5.759999999999946,1308.1,25.5,52.7,0.56,1.42,2.57,1,PM25
2025-07-09T19:04:14,QAQ,40.81000000000003,6.030000000000041,-2.3100000000000476,5.640000000000055,1301.0,25.4,52.6,0.52,1.29,2.77,1,PM25
2025-07-09T19:05:14,QAQ,39.27000000000005,6.2099999999999795,-2.309999999999809,5.639999999999781,1303.1,25.4,52.6,0.52,1.48,5.48,1,PM25
2025-07-09T19:06:14,QAQ,41.57999999999996,6.119999999999959,-2.3100000000000476,5.640000000000055,1304.9,25.4,53.0,0.53,1.53,3.9,1,PM25
2025-07-09T19:07:14,QAQ,44.11000000000003,6.2099999999999795,-1.9950000000000956,5.759999999999946,1306.2,25.3,53.2,0.49,1.07,1.87,1,PM25
2025-07-09T19:08:14,QAQ,42.35,5.8500000000000005,-1.5750000000000002,5.3999999999999995,1299.8,25.3,53.3,0.46,1.05,5.27,1,PM25
2025-07-09T19:09:14,QAQ,43.88999999999998,6.390000000000021,-2.1,5.520000000000164,1299.2,25.3,53.4,0.53,1.7,2.83,1,PM25
2025-07-09T19:10:14,QAQ,43.339999999999975,6.030000000000041,-1.7849999999998092,5.51999999999989,1301.5,25.2,53.2,0.48,1.17,2.6,1,PM25
2025-07-09T19:11:14,QAQ,42.46000000000003,6.2099999999999795,-1.5750000000000002,5.3999999999999995,1302.9,25.2,53.5,0.5,1.49,8.32,1,PM25
2025-07-09T19:12:14,QAQ,41.36000000000003,6.120000000000061,-2.309999999999809,5.759999999999946,1299.7,25.2,53.0,0.5,1.52,2.73,1,PM25
2025-07-09T19:13:14,QAQ,42.019999999999925,5.759999999999979,-1.8899999999999522,5.640000000000055,1303.3,25.1,53.3,0.43,1.5,5.13,1,PM25
2025-07-09T19:14:14,QAQ,41.910000000000025,6.119999999999959,-1.9950000000000956,5.760000000000218,1302.1,25.1,53.2,0.49,1.4,3.02,1,PM25
2025-07-09T19:15:14,QAQ,41.03000000000008,5.940000000000021,-2.1,5.640000000000055,1303.5,25.1,53.3,0.5,1.63,7.93,1,PM25
2025-07-09T19:16:14,QAQ,41.13999999999998,5.939999999999919,-1.8899999999999522,5.520000000000164,1299.3,25.0,53.4,0.49,1.1,1.7,1,PM25
2025-07-09T19:17:14,QAQ,39.6,5.759999999999979,-1.5750000000000002,5.640000000000055,1299.1,25.0,53.5,0.5,1.37,3.03,1,PM25
2025-07-09T19:18:14,QAQ,41.689999999999976,5.8500000000000005,-1.5750000000000002,5.640000000000055,1301.8,24.9,53.7,0.49,1.26,5.38,1,PM25
2025-07-09T19:19:14,QAQ,40.260000000000026,5.940000000000021,-1.7849999999998092,5.51999999999989,1295.9,24.9,53.5,0.5,1.53,4.69,1,PM25
2025-07-09T19:20:14,QAQ,42.56999999999993,5.669999999999959,-1.6799999999999047,5.640000000000055,1298.8,24.9,53.6,0.56,2.0,5.17,1,PM25
2025-07-09T19:21:14,QAQ,39.38000000000008,5.670000000000061,-1.4699999999998568,5.640000000000055,1301.0,24.8,53.9,0.54,1.49,2.32,1,PM25
2025-07-09T19:22:14,QAQ,40.370000000000054,5.759999999999979,-1.6799999999999047,5.51999999999989,1301.7,24.8,53.7,0.52,1.6,3.25,1,PM25
2025-07-09T19:23:14,QAQ,39.6,5.939999999999919,-1.4700000000000955,5.640000000000055,1298.8,24.7,54.0,0.54,1.65,4.73,1,PM25
2025-07-09T19:24:14,QAQ,40.81000000000003,5.579999999999939,-1.7849999999998092,5.639999999999781,1297.1,24.7,54.0,0.55,1.5,2.76,1,PM25
2025-07-09T19:25:14,QAQ,43.120000000000054,5.580000000000041,-1.890000000000191,6.1200000000001635,1297.5,24.6,53.8,0.58,1.72,3.01,1,PM25
2025-07-09T19:26:14,QAQ,41.57999999999996,5.4899999999999185,-1.5750000000000002,5.759999999999946,1298.8,24.6,54.0,0.51,1.43,3.74,1,PM25
2025-07-09T19:27:14,QAQ,40.589999999999975,5.490000000000021,-1.785000000000048,5.8799999999998365,1298.4,24.6,53.8,0.55,1.72,6.06,1,PM25
2025-07-09T19:28:14,QAQ,39.37999999999995,5.4,-1.785000000000048,6.0,1297.8,24.5,53.9,0.55,1.77,2.92,1,PM25
2025-07-09T19:29:14,QAQ,53.35,5.130000000000041,-1.365000000000191,5.640000000000055,1296.5,24.5,54.3,0.59,1.77,2.97,1,PM25
2025-07-09T19:30:14,QAQ,45.97999999999996,5.130000000000041,-1.6800000000001434,5.760000000000218,1293.5,24.5,54.2,0.64,1.94,2.59,1,PM25
2025-07-09T19:31:14,QAQ,40.7,5.130000000000041,-1.260000000000048,6.0,1294.7,24.4,54.6,0.62,1.84,3.04,1,PM25
2025-07-09T19:32:14,QAQ,41.689999999999976,5.130000000000041,-1.1550000000001432,5.759999999999946,1298.0,24.4,54.7,0.61,1.72,6.33,1,PM25
2025-07-09T19:33:14,QAQ,41.1400000000001,5.490000000000021,-1.4699999999998568,5.640000000000055,1298.0,24.4,54.7,0.59,1.78,3.35,1,PM25
2025-07-09T19:34:14,QAQ,42.23999999999998,4.95,-1.1549999999999045,5.759999999999946,1295.5,24.3,54.6,0.56,1.22,2.15,1,PM25
2025-07-09T19:35:14,QAQ,44.550000000000004,5.30999999999998,-1.1549999999999045,5.759999999999946,1296.1,24.3,54.7,0.59,1.44,2.22,1,PM25
2025-07-09T19:36:14,QAQ,43.8900000000001,5.130000000000041,-1.785000000000048,6.0,1293.0,24.2,54.4,0.55,1.4,3.03,1,PM25
2025-07-09T19:37:14,QAQ,43.22999999999996,4.95,-1.6799999999999047,5.880000000000109,1297.3,24.2,54.2,0.57,1.43,2.44,1,PM25
2025-07-09T19:38:14,QAQ,41.689999999999976,5.219999999999959,-1.364999999999952,5.880000000000109,1294.0,24.2,54.2,0.57,1.49,4.46,1,PM25
2025-07-09T19:39:14,QAQ,40.8099999999999,5.039999999999918,-1.364999999999952,5.8799999999998365,1294.9,24.1,54.5,0.56,1.66,3.95,1,PM25
2025-07-09T19:40:14,QAQ,41.689999999999976,5.129999999999939,-1.4700000000000955,5.880000000000109,1293.7,24.1,54.5,0.55,1.43,2.67,1,PM25
2025-07-09T19:41:14,QAQ,40.150000000000006,5.129999999999939,-1.4700000000000955,5.880000000000109,1290.7,24.0,54.2,0.55,1.68,4.59,1,PM25
2025-07-09T19:42:14,QAQ,41.25,5.0400000000000205,-1.4699999999998568,5.759999999999946,1293.8,24.0,54.4,0.53,1.42,4.03,1,PM25
2025-07-09T19:43:14,QAQ,43.45,4.95,-1.1549999999999045,5.639999999999781,1291.6,23.9,54.4,0.53,1.68,6.33,1,PM25
2025-07-09T19:44:14,QAQ,41.25,5.490000000000021,-1.364999999999952,5.880000000000109,1295.6,23.9,54.3,0.52,1.67,3.28,1,PM25
2025-07-09T19:45:14,QAQ,40.260000000000026,5.0400000000000205,-1.4700000000000955,5.640000000000055,1292.4,23.9,54.2,0.56,1.8,4.75,1,PM25
2025-07-09T19:46:14,QAQ,38.939999999999976,4.85999999999998,-1.260000000000048,5.8799999999998365,1293.4,23.8,54.1,0.54,1.7,8.91,1,PM25
2025-07-09T19:47:14,QAQ,38.829999999999956,5.130000000000041,-1.5750000000000002,5.759999999999946,1294.5,23.8,54.1,0.56,1.56,4.41,1,PM25
2025-07-09T19:48:14,QAQ,38.27999999999995,5.130000000000041,-1.5750000000000002,5.759999999999946,1292.4,23.7,53.6,0.49,1.31,3.83,1,PM25
2025-07-09T19:49:14,QAQ,39.6,5.0400000000000205,-1.1549999999999045,5.639999999999781,1293.2,23.7,54.0,0.48,1.56,4.07,1,PM25
2025-07-09T19:50:14,QAQ,39.27000000000005,5.30999999999998,-1.05,5.3999999999999995,1291.5,23.6,53.6,0.53,1.44,3.09,1,PM25
2025-07-09T19:51:14,QAQ,38.27999999999995,4.95,-0.6299999999999045,5.279999999999836,1297.1,23.6,54.2,0.54,1.76,2.89,1,PM25
2025-07-09T19:52:14,QAQ,41.13999999999998,5.30999999999998,-0.6300000000001432,5.3999999999999995,1291.2,23.6,54.0,0.52,1.54,2.87,1,PM25
2025-07-09T19:53:14,QAQ,41.13999999999998,4.589999999999918,-0.525,5.3999999999999995,1290.4,23.5,54.4,0.53,1.45,4.51,1,PM25
2025-07-09T19:54:14,QAQ,41.46999999999993,4.95,-0.525,5.159999999999945,1290.7,23.5,54.6,0.59,1.77,3.44,1,PM25
2025-07-09T19:55:14,QAQ,40.370000000000054,5.0400000000000205,-0.6300000000001432,5.3999999999999995,1291.5,23.5,54.6,0.59,1.86,2.95,1,PM25
2025-07-09T19:56:14,QAQ,40.81000000000003,4.95,-0.6300000000001432,5.520000000000164,1287.9,23.4,54.5,0.6,1.86,5.68,1,PM25
2025-07-09T19:57:14,QAQ,41.689999999999976,4.95,-0.6299999999999045,5.3999999999999995,1292.9,23.4,54.4,0.59,1.67,4.18,1,PM25
2025-07-09T19:58:14,QAQ,41.910000000000025,4.85999999999998,-0.7350000000000477,5.3999999999999995,1291.7,23.4,54.4,0.55,1.75,3.97,1,PM25
2025-07-09T19:59:14,QAQ,41.02999999999996,4.410000000000082,-0.7350000000000477,5.8799999999998365,1287.9,23.3,54.4,0.56,1.59,3.25,1,PM25
2025-07-09T20:00:14,QAQ,40.260000000000026,4.679999999999938,-0.6299999999999045,5.51999999999989,1292.0,23.3,54.7,0.55,1.78,5.09,1,PM25
2025-07-09T20:01:14,QAQ,41.800000000000004,4.76999999999996,-0.8399999999999523,5.759999999999946,1289.8,23.3,54.6,0.59,1.5,3.73,1,PM25
2025-07-09T20:02:14,QAQ,41.36000000000003,4.5,-0.525,5.759999999999946,1292.6,23.2,55.0,0.55,1.7,4.38,1,PM25
2025-07-09T20:03:14,QAQ,41.57999999999996,4.5,-0.41999999999985677,5.759999999999946,1290.0,23.2,55.0,0.61,1.98,5.23,1,PM25
2025-07-09T20:04:14,QAQ,42.12999999999996,4.5,-0.42000000000009546,5.640000000000055,1291.2,23.2,55.2,0.55,1.71,4.75,1,PM25
2025-07-09T20:05:14,QAQ,42.23999999999998,5.490000000000021,-0.21000000000004768,5.3999999999999995,1289.4,23.1,55.0,0.56,1.99,4.64,1,PM25
2025-07-09T20:06:14,QAQ,42.78999999999998,5.8500000000000005,0.41999999999985677,5.280000000000109,1290.9,23.1,54.9,0.6,1.69,4.88,1,PM25
2025-07-09T20:07:14,QAQ,43.88999999999998,5.669999999999959,0.315000000000191,5.0399999999997815,1291.4,23.1,54.9,0.6,1.72,5.41,1,PM25
2025-07-09T20:08:14,QAQ,46.63999999999998,5.4,0.8399999999999523,4.920000000000163,1288.4,23.1,55.4,0.55,1.86,3.44,1,PM25
2025-07-09T20:09:14,QAQ,47.52000000000005,5.669999999999959,0.8399999999999523,4.920000000000163,1289.7,23.0,55.6,0.55,1.68,5.49,1,PM25
2025-07-09T20:10:14,QAQ,51.58999999999998,5.759999999999979,0.9449999999998568,4.680000000000109,1290.2,23.0,55.6,0.53,1.38,4.14,1,PM25
2025-07-09T20:11:14,QAQ,48.620000000000054,5.8500000000000005,0.840000000000191,4.8,1292.1,23.0,55.7,0.59,1.81,8.14,1,PM25
2025-07-09T20:12:14,QAQ,47.189999999999976,5.759999999999979,0.8399999999999523,4.8,1289.5,22.9,55.7,0.56,1.68,3.18,1,PM25
2025-07-09T20:13:14,QAQ,47.08000000000008,5.759999999999979,1.05,4.8,1291.3,22.9,56.0,0.57,1.81,5.07,1,PM25
2025-07-09T20:14:14,QAQ,51.58999999999998,5.580000000000041,1.05,4.919999999999891,1290.4,22.9,56.3,0.61,1.99,3.71,1,PM25
2025-07-09T20:15:14,QAQ,53.23999999999998,4.95,1.260000000000048,4.8,1290.7,22.9,56.6,0.57,1.68,4.72,1,PM25
2025-07-09T20:16:14,QAQ,53.57000000000006,5.129999999999939,0.525,5.040000000000054,1290.9,22.8,56.5,0.59,1.88,6.36,1,PM25
2025-07-09T20:17:14,QAQ,47.73999999999998,5.0400000000000205,0.10499999999990445,5.280000000000109,1289.5,22.8,56.0,0.61,1.55,2.71,1,PM25
2025-07-09T20:18:14,QAQ,45.760000000000026,4.320000000000062,0.10499999999990445,5.640000000000055,1287.4,22.8,55.7,0.74,2.49,6.23,1,PM25
2025-07-09T20:19:14,QAQ,45.760000000000026,4.40999999999998,0.42000000000009546,5.3999999999999995,1288.7,22.8,56.3,0.71,1.46,2.68,1,PM25
2025-07-09T20:20:14,QAQ,46.63999999999998,4.319999999999959,0.6299999999999045,5.159999999999945,1288.4,22.8,56.8,0.71,2.06,4.26,1,PM25
2025-07-09T20:21:14,QAQ,47.63000000000008,4.5,0.6299999999999045,5.51999999999989,1288.2,22.8,56.6,0.74,1.87,6.4,1,PM25
2025-07-09T20:22:14,QAQ,46.31000000000003,4.679999999999938,0.315000000000191,5.639999999999781,1289.0,22.8,56.7,0.71,1.64,2.64,1,PM25
2025-07-09T20:23:14,QAQ,45.21000000000003,3.9599999999999795,0.31499999999995226,5.880000000000109,1291.3,22.7,56.6,0.71,2.18,6.69,1,PM25
2025-07-09T20:24:14,QAQ,47.51999999999993,4.140000000000021,0.42000000000009546,5.640000000000055,1290.3,22.7,56.9,0.77,2.19,4.52,1,PM25
2025-07-09T20:25:14,QAQ,48.83999999999998,4.229999999999939,0.41999999999985677,5.640000000000055,1291.6,22.7,57.0,0.75,2.11,4.14,1,PM25
2025-07-09T20:26:14,QAQ,50.37999999999996,4.05,0.6300000000001432,5.3999999999999995,1292.4,22.7,57.5,0.75,1.89,5.69,1,PM25
2025-07-09T20:27:14,QAQ,51.370000000000054,4.229999999999939,0.42000000000009546,5.640000000000055,1293.9,22.7,57.4,0.78,2.09,5.66,1,PM25
2025-07-09T20:28:14,QAQ,50.71000000000003,3.9599999999999795,0.21000000000004768,5.759999999999946,1291.8,22.7,57.5,0.74,2.05,5.55,1,PM25
2025-07-09T20:29:14,QAQ,49.83000000000008,3.9599999999999795,0.42000000000009546,5.880000000000109,1290.5,22.7,57.4,0.68,1.71,3.04,1,PM25
2025-07-09T20:30:14,QAQ,49.939999999999976,4.40999999999998,0.10500000000014321,5.8799999999998365,1292.2,22.7,57.4,0.67,2.03,4.5,1,PM25
2025-07-09T20:31:14,QAQ,49.939999999999976,3.8700000000000614,-0.21000000000004768,6.1200000000001635,1294.0,22.7,57.2,0.65,1.93,5.23,1,PM25
2025-07-09T20:32:14,QAQ,47.96000000000003,4.05,0.0,6.119999999999891,1293.6,22.7,57.5,0.6,2.17,4.72,1,PM25
2025-07-09T20:33:14,QAQ,50.71000000000003,4.140000000000021,0.31499999999995226,6.1200000000001635,1293.2,22.6,57.5,0.62,1.86,6.34,1,PM25
2025-07-09T20:34:14,QAQ,48.400000000000006,3.8700000000000614,-0.10500000000014321,6.1200000000001635,1292.3,22.6,57.4,0.58,1.75,5.54,1,PM25
2025-07-09T20:35:14,QAQ,47.52000000000005,3.6899999999999182,-0.21000000000004768,6.0,1291.8,22.6,57.5,0.6,2.1,5.7,1,PM25
2025-07-09T20:36:14,QAQ,48.620000000000054,3.6,0.0,6.119999999999891,1293.7,22.6,57.8,0.61,1.83,3.67,1,PM25
2025-07-09T20:37:14,QAQ,46.52999999999996,3.960000000000082,0.0,6.0,1289.5,22.6,57.6,0.63,1.85,6.44,1,PM25
2025-07-09T20:38:14,QAQ,47.51999999999993,3.9599999999999795,-0.10500000000014321,5.880000000000109,1290.2,22.6,57.5,0.67,2.01,6.73,1,PM25
2025-07-09T20:39:14,QAQ,47.85,3.780000000000041,0.10500000000014321,6.0,1286.6,22.5,57.6,0.65,2.02,4.48,1,PM25
2025-07-09T20:40:14,QAQ,47.08000000000008,3.8700000000000614,0.0,6.0,1292.3,22.5,57.6,0.59,1.73,6.57,1,PM25
2025-07-09T20:41:14,QAQ,47.300000000000004,3.5099999999999794,0.21000000000004768,6.0,1288.9,22.5,57.9,0.66,2.05,5.65,1,PM25
2025-07-09T20:42:14,QAQ,48.95,3.4200000000000617,0.31499999999995226,5.759999999999946,1290.3,22.5,58.4,0.57,1.64,3.17,1,PM25
2025-07-09T20:43:14,QAQ,48.18000000000008,4.860000000000082,0.525,5.279999999999836,1290.8,22.5,57.6,0.58,1.78,6.52,1,PM25
2025-07-09T20:44:14,QAQ,47.300000000000004,4.229999999999939,0.8399999999999523,5.3999999999999995,1289.8,22.5,57.8,0.66,1.93,2.82,1,PM25
2025-07-09T20:45:14,QAQ,48.18000000000008,4.05,1.05,5.3999999999999995,1289.8,22.4,58.2,0.7,2.03,6.03,1,PM25
2025-07-09T20:46:14,QAQ,48.73000000000008,4.230000000000041,1.05,5.279999999999836,1291.1,22.4,58.4,0.7,2.06,3.95,1,PM25
2025-07-09T20:47:14,QAQ,49.61000000000003,4.139999999999918,1.364999999999952,5.159999999999945,1290.2,22.4,58.5,0.71,2.09,7.19,1,PM25
2025-07-09T20:48:14,QAQ,48.07000000000006,4.40999999999998,1.05,5.159999999999945,1289.7,22.4,58.4,0.66,2.28,4.19,1,PM25
2025-07-09T20:49:14,QAQ,50.26999999999993,4.319999999999959,1.1550000000001432,5.279999999999836,1289.7,22.4,58.4,0.73,1.73,3.76,1,PM25
2025-07-09T20:50:14,QAQ,48.95,3.6,1.4700000000000955,5.0399999999997815,1289.4,22.4,59.0,0.72,2.1,7.39,1,PM25
2025-07-09T20:51:14,QAQ,49.939999999999976,4.05,1.260000000000048,4.919999999999891,1288.6,22.3,59.2,0.66,1.96,5.75,1,PM25
2025-07-09T20:52:14,QAQ,51.260000000000026,3.6899999999999182,1.6799999999999047,5.159999999999945,1294.4,22.3,59.6,0.81,2.65,7.43,1,PM25
2025-07-09T20:53:14,QAQ,50.929999999999964,3.6900000000000204,1.364999999999952,5.159999999999945,1290.0,22.3,60.3,0.77,2.33,10.69,1,PM25
2025-07-09T20:54:14,QAQ,51.58999999999998,3.4200000000000617,1.259999999999809,5.040000000000054,1293.7,22.3,60.6,0.7,1.69,3.38,1,PM25
2025-07-09T20:55:14,QAQ,52.909999999999904,3.2400000000000206,1.260000000000048,5.279999999999836,1295.0,22.3,60.6,0.79,2.08,3.08,1,PM25
2025-07-09T20:56:14,QAQ,50.48999999999998,3.2400000000000206,1.1549999999999045,5.160000000000218,1292.5,22.2,61.1,0.75,2.51,4.94,1,PM25
2025-07-09T20:57:14,QAQ,52.800000000000004,3.15,1.259999999999809,5.160000000000218,1295.7,22.2,61.3,0.74,2.3,6.56,1,PM25
2025-07-09T20:58:14,QAQ,51.8099999999999,4.05,0.7350000000000477,5.040000000000054,1293.9,22.2,60.8,0.67,2.09,4.65,1,PM25
2025-07-09T20:59:14,QAQ,52.689999999999976,3.6,0.6299999999999045,5.280000000000109,1293.0,22.2,60.1,0.74,2.19,4.61,1,PM25
2025-07-09T21:00:14,QAQ,51.91999999999993,3.330000000000041,1.1549999999999045,5.159999999999945,1292.0,22.1,60.5,0.69,1.99,4.42,1,PM25
2025-07-09T21:01:14,QAQ,52.800000000000004,3.6900000000000204,1.1549999999999045,5.040000000000054,1293.9,22.1,60.7,0.74,2.38,6.12,1,PM25
2025-07-09T21:02:14,QAQ,51.150000000000006,3.6,1.05,5.279999999999836,1291.8,22.1,60.4,0.74,2.21,6.94,1,PM25
2025-07-09T21:03:14,QAQ,51.7,3.780000000000041,0.7350000000000477,5.159999999999945,1294.5,22.1,60.1,0.7,1.81,3.69,1,PM25
2025-07-09T21:04:14,QAQ,52.46999999999993,3.5099999999999794,1.05,5.040000000000054,1290.3,22.1,60.0,0.69,2.24,4.89,1,PM25
2025-07-09T21:05:14,QAQ,50.93000000000008,3.6,1.05,5.0399999999997815,1295.7,22.1,59.9,0.75,2.71,8.04,1,PM25
2025-07-09T21:06:14,QAQ,50.16000000000003,3.330000000000041,1.364999999999952,5.040000000000054,1290.9,22.0,60.3,0.75,2.22,6.36,1,PM25
2025-07-09T21:07:14,QAQ,52.25000000000001,3.330000000000041,1.4700000000000955,5.040000000000054,1291.1,22.0,60.6,0.76,2.6,8.88,1,PM25
2025-07-09T21:08:14,QAQ,53.02000000000005,3.5099999999999794,1.4700000000000955,5.040000000000054,1291.5,22.0,60.9,0.8,2.16,4.69,1,PM25
2025-07-09T21:09:14,QAQ,52.58000000000008,3.8700000000000614,1.05,5.0399999999997815,1291.2,22.0,60.4,0.72,1.82,2.93,1,PM25
2025-07-09T21:10:14,QAQ,52.35999999999991,2.519999999999959,1.8899999999999522,5.040000000000054,1290.5,22.0,61.4,0.7,2.21,4.77,1,PM25
2025-07-09T21:11:14,QAQ,52.14000000000011,2.7900000000000205,1.8899999999999522,4.680000000000109,1294.7,22.0,62.2,0.66,2.28,5.61,1,PM25
2025-07-09T21:12:14,QAQ,52.800000000000004,2.6099999999999794,2.2049999999999046,4.920000000000163,1294.0,22.0,63.0,0.67,2.1,4.99,1,PM25
2025-07-09T21:13:14,QAQ,54.22999999999996,2.6099999999999794,1.6800000000001434,5.279999999999836,1290.9,21.9,63.5,0.65,1.68,2.95,1,PM25
2025-07-09T21:14:14,QAQ,53.78999999999998,2.8799999999999386,1.5750000000000002,4.919999999999891,1295.7,21.9,63.6,0.68,1.93,4.04,1,PM25
2025-07-09T21:15:14,QAQ,57.529999999999966,2.8800000000000407,1.6800000000001434,5.51999999999989,1294.5,21.9,63.9,0.73,2.34,4.54,1,PM25
2025-07-09T21:16:14,QAQ,56.760000000000026,2.6099999999999794,1.8899999999999522,5.040000000000054,1289.9,21.9,64.4,0.73,1.65,3.22,1,PM25
2025-07-09T21:17:14,QAQ,56.21000000000003,2.519999999999959,1.6800000000001434,5.639999999999781,1289.8,21.9,64.9,0.65,1.53,3.76,1,PM25
2025-07-09T21:18:14,QAQ,56.21000000000003,2.7,1.5750000000000002,5.160000000000218,1290.0,21.9,65.1,0.73,1.91,9.04,1,PM25
2025-07-09T21:19:14,QAQ,56.650000000000006,2.519999999999959,1.8899999999999522,5.280000000000109,1293.4,21.8,65.3,0.72,1.87,3.42,1,PM25
2025-07-09T21:20:14,QAQ,56.98000000000008,2.4300000000000406,1.4700000000000955,5.51999999999989,1293.1,21.8,65.6,0.66,1.76,3.64,1,PM25
2025-07-09T21:21:14,QAQ,57.41999999999993,2.519999999999959,1.4699999999998568,5.3999999999999995,1291.0,21.8,65.7,0.68,1.65,2.51,1,PM25
2025-07-09T21:22:14,QAQ,55.66000000000003,2.3400000000000207,1.4700000000000955,5.759999999999946,1285.2,21.8,65.8,0.68,1.43,2.43,1,PM25
2025-07-09T21:23:14,QAQ,55.66000000000003,2.6099999999999794,1.4700000000000955,5.51999999999989,1288.6,21.8,65.9,0.66,1.25,3.39,1,PM25
2025-07-09T21:24:14,QAQ,57.42000000000005,2.4300000000000406,1.260000000000048,5.640000000000055,1292.6,21.7,66.2,0.66,1.38,1.9,1,PM25
2025-07-09T21:25:14,QAQ,55.550000000000004,2.4300000000000406,1.364999999999952,5.3999999999999995,1291.4,21.7,66.2,0.68,1.64,4.4,1,PM25
2025-07-09T21:26:14,QAQ,56.32000000000006,2.3400000000000207,1.1549999999999045,5.520000000000164,1288.4,21.7,66.3,0.75,1.72,7.17,1,PM25
2025-07-09T21:27:14,QAQ,54.67000000000005,2.339999999999918,1.4699999999998568,5.520000000000164,1291.4,21.7,66.4,0.68,1.67,3.7,1,PM25
2025-07-09T21:28:14,QAQ,55.550000000000004,2.3400000000000207,1.5750000000000002,5.3999999999999995,1293.2,21.7,66.7,0.68,1.36,3.03,1,PM25
2025-07-09T21:29:14,QAQ,55.439999999999976,2.519999999999959,1.364999999999952,5.3999999999999995,1292.8,21.7,66.8,0.71,1.82,3.28,1,PM25
2025-07-09T21:30:14,QAQ,57.31000000000003,2.6099999999999794,1.260000000000048,5.3999999999999995,1292.7,21.7,66.7,0.65,1.55,4.01,1,PM25
2025-07-09T21:31:14,QAQ,54.88999999999998,2.3400000000000207,0.9449999999998568,6.0,1291.3,21.6,66.5,0.68,1.48,2.51,1,PM25
2025-07-09T21:32:14,QAQ,54.88999999999998,2.25,1.1549999999999045,5.760000000000218,1288.5,21.6,66.7,0.72,1.32,4.55,1,PM25
2025-07-09T21:33:14,QAQ,56.43000000000008,2.25,1.05,5.759999999999946,1287.7,21.6,66.8,0.74,1.71,7.05,1,PM25
2025-07-09T21:34:14,QAQ,55.439999999999976,2.1599999999999797,1.05,5.880000000000109,1290.0,21.6,66.9,0.68,1.53,3.38,1,PM25
2025-07-09T21:35:14,QAQ,58.73999999999998,2.5200000000000613,1.259999999999809,5.640000000000055,1289.4,21.6,67.1,0.7,1.44,2.36,1,PM25
2025-07-09T21:36:14,QAQ,57.08999999999998,2.160000000000082,1.05,5.759999999999946,1287.1,21.6,67.2,0.73,1.51,5.21,1,PM25
2025-07-09T21:37:14,QAQ,54.23000000000008,2.3400000000000207,0.9450000000000955,5.8799999999998365,1288.8,21.6,67.1,0.74,1.19,2.14,1,PM25
2025-07-09T21:38:14,QAQ,54.67000000000005,2.25,0.840000000000191,5.759999999999946,1286.0,21.6,67.2,0.68,1.38,3.56,1,PM25
2025-07-09T21:39:14,QAQ,53.57000000000006,2.339999999999918,1.05,5.8799999999998365,1288.0,21.5,67.3,0.71,1.44,6.3,1,PM25
2025-07-09T21:40:14,QAQ,54.45,2.4300000000000406,0.6300000000001432,5.8799999999998365,1288.8,21.5,67.1,0.69,1.81,5.76,1,PM25
2025-07-09T21:41:14,QAQ,53.78999999999998,2.3400000000000207,0.7350000000000477,5.8799999999998365,1285.7,21.5,67.0,0.69,1.53,6.8,1,PM25
2025-07-09T21:42:14,QAQ,52.800000000000004,2.429999999999939,0.525,5.759999999999946,1287.2,21.5,66.9,0.75,1.42,4.0,1,PM25
2025-07-09T21:43:14,QAQ,51.92000000000005,2.3400000000000207,0.6299999999999045,6.1200000000001635,1286.2,21.5,67.0,0.64,1.75,4.81,1,PM25
2025-07-09T21:44:14,QAQ,51.81000000000003,2.25,0.6300000000001432,6.0,1285.1,21.5,67.1,0.65,1.65,4.65,1,PM25
2025-07-09T21:45:14,QAQ,52.46999999999993,2.4300000000000406,0.7350000000000477,5.759999999999946,1282.1,21.4,67.3,0.69,1.58,2.72,1,PM25
2025-07-09T21:46:14,QAQ,51.81000000000003,2.5200000000000613,0.6300000000001432,5.759999999999946,1288.5,21.4,67.1,0.66,1.6,3.47,1,PM25
2025-07-09T21:47:14,QAQ,52.800000000000004,2.429999999999939,0.6300000000001432,5.8799999999998365,1285.7,21.4,67.1,0.64,1.53,2.95,1,PM25
2025-07-09T21:48:14,QAQ,50.38000000000008,2.519999999999959,0.6299999999999045,6.0,1284.9,21.4,67.3,0.64,1.63,5.11,1,PM25
2025-07-09T21:49:14,QAQ,50.6,2.610000000000082,0.525,5.8799999999998365,1284.8,21.4,66.9,0.64,1.32,4.81,1,PM25
2025-07-09T21:50:14,QAQ,50.929999999999964,2.339999999999918,0.525,6.0,1283.6,21.4,67.0,0.71,1.72,3.45,1,PM25
2025-07-09T21:51:14,QAQ,52.800000000000004,2.5200000000000613,0.525,5.880000000000109,1284.4,21.4,66.9,0.65,1.42,2.88,1,PM25
2025-07-09T21:52:14,QAQ,51.259999999999906,2.429999999999939,0.7350000000000477,5.8799999999998365,1287.5,21.4,67.0,0.67,1.35,4.27,1,PM25
2025-07-09T21:53:14,QAQ,50.050000000000004,2.4300000000000406,0.525,6.0,1289.6,21.3,67.0,0.71,1.47,3.36,1,PM25
2025-07-09T21:54:14,QAQ,50.37999999999996,2.25,0.7350000000000477,6.0,1284.8,21.3,67.3,0.68,1.21,1.58,1,PM25
2025-07-09T21:55:14,QAQ,48.72999999999996,2.519999999999959,0.21000000000004768,5.8799999999998365,1283.4,21.3,67.0,0.65,1.4,2.51,1,PM25
2025-07-09T21:56:14,QAQ,48.73000000000008,2.519999999999959,0.6300000000001432,5.759999999999946,1285.4,21.3,67.2,0.67,1.71,5.28,1,PM25
2025-07-09T21:57:14,QAQ,49.50000000000001,2.3400000000000207,0.525,6.0,1284.0,21.3,67.2,0.69,1.66,4.41,1,PM25
2025-07-09T21:58:14,QAQ,49.720000000000056,2.610000000000082,0.525,5.759999999999946,1283.9,21.3,67.2,0.73,1.77,3.31,1,PM25
2025-07-09T21:59:14,QAQ,47.96000000000003,2.3400000000000207,0.31499999999995226,6.119999999999891,1284.2,21.3,67.2,0.68,1.59,2.51,1,PM25
2025-07-09T22:00:14,QAQ,49.27999999999996,2.519999999999959,0.41999999999985677,5.640000000000055,1285.1,21.2,67.3,0.66,1.68,5.19,1,PM25
2025-07-09T22:01:14,QAQ,49.61000000000003,3.0600000000000818,0.31499999999995226,6.0,1283.3,21.2,67.0,0.67,1.39,2.64,1,PM25
2025-07-09T22:02:14,QAQ,49.50000000000001,1.9800000000000406,0.6300000000001432,5.759999999999946,1286.4,21.2,67.4,0.65,1.56,2.99,1,PM25
2025-07-09T22:03:14,QAQ,48.07000000000006,2.7900000000000205,0.42000000000009546,5.640000000000055,1284.8,21.2,67.4,0.71,1.68,3.46,1,PM25
2025-07-09T22:04:14,QAQ,49.06000000000003,2.519999999999959,0.10499999999990445,6.240000000000054,1282.8,21.2,67.0,0.66,1.59,3.23,1,PM25
2025-07-09T22:05:14,QAQ,48.510000000000026,2.7,0.21000000000004768,6.0,1284.1,21.2,67.0,0.59,1.34,2.57,1,PM25
2025-07-09T22:06:14,QAQ,47.73999999999998,2.4300000000000406,0.31499999999995226,5.880000000000109,1284.5,21.2,67.2,0.65,1.7,4.22,1,PM25
2025-07-09T22:07:14,QAQ,49.720000000000056,2.8800000000000407,0.315000000000191,6.0,1284.2,21.1,67.1,0.61,1.26,2.63,1,PM25
2025-07-09T22:08:14,QAQ,48.400000000000006,2.5200000000000613,0.525,6.0,1283.8,21.1,67.1,0.65,1.59,3.89,1,PM25
2025-07-09T22:09:14,QAQ,48.83999999999998,2.519999999999959,0.21000000000004768,5.880000000000109,1283.4,21.1,67.2,0.65,1.75,5.47,1,PM25
2025-07-09T22:10:14,QAQ,48.509999999999906,2.7,0.21000000000004768,5.759999999999946,1286.5,21.1,67.3,0.75,1.8,3.21,1,PM25
2025-07-09T22:11:14,QAQ,47.189999999999976,2.7899999999999183,0.10500000000014321,6.119999999999891,1282.2,21.1,66.9,0.68,1.64,3.91,1,PM25
2025-07-09T22:12:14,QAQ,47.85,2.7900000000000205,0.10499999999990445,5.640000000000055,1280.0,21.0,67.0,0.66,1.83,4.59,1,PM25
2025-07-09T22:13:14,QAQ,47.85,2.7900000000000205,0.10499999999990445,6.0,1282.7,21.0,66.7,0.68,1.38,1.85,1,PM25
2025-07-09T22:14:14,QAQ,47.9599999999999,2.6099999999999794,0.0,5.8799999999998365,1282.6,21.0,66.7,0.75,1.94,4.66,1,PM25
2025-07-09T22:15:14,QAQ,47.300000000000004,2.7,0.10500000000014321,6.119999999999891,1284.0,21.0,66.7,0.62,1.44,2.35,1,PM25
2025-07-09T22:16:14,QAQ,47.41000000000003,2.7899999999999183,0.10500000000014321,5.8799999999998365,1284.4,21.0,66.9,0.65,1.66,3.85,1,PM25
2025-07-09T22:17:14,QAQ,47.52000000000005,2.6099999999999794,0.10500000000014321,6.0,1282.5,20.9,66.9,0.67,1.72,3.87,1,PM25
2025-07-09T22:18:14,QAQ,47.63000000000008,2.7900000000000205,0.10500000000014321,5.8799999999998365,1276.9,20.9,67.0,0.68,1.45,3.0,1,PM25
2025-07-09T22:19:14,QAQ,46.970000000000056,2.7,-0.31499999999995226,6.240000000000054,1280.1,20.9,66.5,0.66,1.58,2.71,1,PM25
2025-07-09T22:20:14,QAQ,44.0,2.7,0.10499999999990445,6.0,1280.3,20.9,66.8,0.67,1.91,3.95,1,PM25
2025-07-09T22:21:14,QAQ,45.869999999999926,2.519999999999959,0.10499999999990445,6.240000000000054,1279.1,20.9,66.9,0.68,1.52,5.24,1,PM25
2025-07-09T22:22:14,QAQ,46.85999999999991,2.4300000000000406,0.0,5.759999999999946,1277.3,20.8,67.0,0.67,1.86,4.27,1,PM25
2025-07-09T22:23:14,QAQ,45.760000000000026,2.9699999999999593,0.10499999999990445,5.759999999999946,1281.6,20.8,67.3,0.6,1.17,2.52,1,PM25
2025-07-09T22:24:14,QAQ,46.63999999999998,2.3400000000000207,0.315000000000191,5.759999999999946,1281.6,20.8,67.2,0.65,1.69,3.8,1,PM25
2025-07-09T22:25:14,QAQ,47.51999999999993,2.7,0.10500000000014321,5.639999999999781,1283.3,20.8,67.5,0.69,1.57,4.32,1,PM25
2025-07-09T22:26:14,QAQ,46.42000000000005,2.7900000000000205,0.0,5.760000000000218,1281.3,20.8,67.1,0.68,1.63,3.22,1,PM25
2025-07-09T22:27:14,QAQ,48.28999999999998,2.7,0.42000000000009546,5.759999999999946,1283.3,20.8,67.4,0.64,1.66,2.93,1,PM25
2025-07-09T22:28:14,QAQ,48.07000000000006,2.6099999999999794,0.10499999999990445,5.759999999999946,1282.6,20.8,67.4,0.66,1.7,5.28,1,PM25
2025-07-09T22:29:14,QAQ,46.85999999999991,2.519999999999959,0.10499999999990445,5.640000000000055,1281.5,20.7,67.2,0.68,1.49,3.19,1,PM25
2025-07-09T22:30:14,QAQ,47.96000000000003,2.8799999999999386,-0.10500000000014321,5.880000000000109,1282.3,20.7,67.2,0.66,1.73,3.72,1,PM25
2025-07-09T22:31:14,QAQ,46.52999999999996,2.6099999999999794,0.21000000000004768,6.0,1280.6,20.7,67.2,0.71,1.69,3.48,1,PM25
2025-07-09T22:32:14,QAQ,45.869999999999926,2.9699999999999593,0.0,5.8799999999998365,1283.8,20.7,67.0,0.65,1.71,3.93,1,PM25
2025-07-09T22:33:14,QAQ,46.52999999999996,2.8800000000000407,-0.21000000000004768,6.0,1281.1,20.7,66.9,0.67,1.67,3.91,1,PM25
2025-07-09T22:34:14,QAQ,44.439999999999976,2.6099999999999794,-0.10499999999990445,5.759999999999946,1281.7,20.7,67.0,0.64,1.39,5.29,1,PM25
2025-07-09T22:35:14,QAQ,45.759999999999906,2.9699999999999593,0.21000000000004768,5.880000000000109,1283.5,20.7,67.1,0.69,1.61,2.74,1,PM25
2025-07-09T22:36:14,QAQ,44.98999999999998,3.0599999999999796,-0.525,6.1200000000001635,1281.9,20.7,66.4,0.63,1.56,2.3,1,PM25
2025-07-09T22:37:14,QAQ,44.77000000000005,2.6099999999999794,-0.21000000000004768,6.240000000000054,1277.9,20.7,66.5,0.67,1.58,3.31,1,PM25
2025-07-09T22:38:14,QAQ,44.0,2.7,0.21000000000004768,5.880000000000109,1280.7,20.6,67.0,0.62,1.35,2.23,1,PM25
2025-07-09T22:39:14,QAQ,42.46000000000003,2.6099999999999794,0.0,6.0,1281.8,20.6,67.0,0.68,1.25,1.48,1,PM25
2025-07-09T22:40:14,QAQ,44.66000000000003,2.6099999999999794,-0.10499999999990445,6.0,1281.9,20.6,67.0,0.61,1.8,4.18,1,PM25
2025-07-09T22:41:14,QAQ,42.68000000000008,2.6099999999999794,0.10499999999990445,5.640000000000055,1281.2,20.6,67.3,0.72,1.86,6.03,1,PM25
2025-07-09T22:42:14,QAQ,44.550000000000004,2.6099999999999794,-0.10500000000014321,5.880000000000109,1279.7,20.6,67.1,0.76,1.72,3.86,1,PM25
2025-07-09T22:43:14,QAQ,44.439999999999976,2.7,-0.10500000000014321,5.880000000000109,1285.8,20.6,67.2,0.72,1.43,2.15,1,PM25
2025-07-09T22:44:14,QAQ,45.650000000000006,2.7,0.0,5.759999999999946,1281.4,20.6,67.3,0.73,1.7,4.23,1,PM25
2025-07-09T22:45:14,QAQ,44.76999999999993,2.9700000000000615,0.10499999999990445,5.880000000000109,1281.7,20.6,67.1,0.71,1.67,3.1,1,PM25
2025-07-09T22:46:14,QAQ,44.66000000000003,2.8799999999999386,-0.21000000000004768,6.0,1282.1,20.6,67.0,0.68,1.53,2.61,1,PM25
2025-07-09T22:47:14,QAQ,44.98999999999998,2.5200000000000613,0.10500000000014321,5.8799999999998365,1282.6,20.6,67.1,0.68,1.82,3.69,1,PM25
2025-07-09T22:48:14,QAQ,43.56000000000003,2.5200000000000613,-0.10499999999990445,5.8799999999998365,1281.9,20.6,67.1,0.67,1.52,3.02,1,PM25
2025-07-09T22:49:14,QAQ,45.650000000000006,2.9700000000000615,-0.21000000000004768,5.8799999999998365,1280.4,20.6,67.1,0.68,1.49,3.96,1,PM25
2025-07-09T22:50:14,QAQ,43.88999999999998,2.7,0.0,5.759999999999946,1281.4,20.5,67.3,0.74,1.77,3.39,1,PM25
2025-07-09T22:51:14,QAQ,45.650000000000006,2.8800000000000407,-0.10500000000014321,6.0,1279.6,20.5,66.9,0.7,1.52,3.58,1,PM25
2025-07-09T22:52:14,QAQ,43.66999999999993,2.6099999999999794,-0.10500000000014321,5.759999999999946,1282.4,20.5,67.3,0.7,1.81,3.18,1,PM25
2025-07-09T22:53:14,QAQ,44.550000000000004,2.6099999999999794,0.0,5.759999999999946,1281.5,20.5,67.3,0.72,1.99,5.02,1,PM25
2025-07-09T22:54:14,QAQ,45.760000000000026,2.6099999999999794,0.0,5.640000000000055,1283.0,20.5,67.4,0.69,1.67,2.47,1,PM25
2025-07-09T22:55:14,QAQ,44.76999999999993,3.2400000000000206,-0.41999999999985677,6.0,1282.7,20.5,66.9,0.75,1.81,3.5,1,PM25
2025-07-09T22:56:14,QAQ,44.32999999999996,2.9700000000000615,-0.31499999999995226,5.880000000000109,1282.9,20.5,66.8,0.71,1.67,3.04,1,PM25
2025-07-09T22:57:14,QAQ,44.98999999999998,2.7,-0.21000000000004768,6.0,1282.2,20.5,66.8,0.7,1.69,3.37,1,PM25
2025-07-09T22:58:14,QAQ,44.32999999999996,3.2400000000000206,-0.525,5.639999999999781,1282.5,20.5,66.5,0.72,2.07,7.5,1,PM25
2025-07-09T22:59:14,QAQ,42.68000000000008,2.9700000000000615,-0.6299999999999045,6.240000000000054,1281.6,20.5,65.9,0.69,1.52,4.14,1,PM25
2025-07-09T23:00:14,QAQ,43.56000000000003,2.7899999999999183,-0.31499999999995226,6.1200000000001635,1278.2,20.4,65.9,0.69,1.66,2.78,1,PM25
2025-07-09T23:01:14,QAQ,43.119999999999926,2.8799999999999386,-0.315000000000191,6.0,1281.3,20.4,66.3,0.67,1.72,3.32,1,PM25
2025-07-09T23:02:14,QAQ,41.25,2.9699999999999593,-0.10500000000014321,5.880000000000109,1281.0,20.4,66.5,0.66,1.47,4.81,1,PM25
2025-07-09T23:03:14,QAQ,44.439999999999976,2.8800000000000407,0.0,5.759999999999946,1283.5,20.4,66.7,0.67,1.62,3.22,1,PM25
2025-07-09T23:04:14,QAQ,44.32999999999996,2.7900000000000205,-0.21000000000004768,5.640000000000055,1285.2,20.4,66.5,0.68,1.89,3.34,1,PM25
2025-07-09T23:05:14,QAQ,43.230000000000075,2.9700000000000615,-0.31499999999995226,5.759999999999946,1283.8,20.4,66.6,0.66,1.45,4.92,1,PM25
2025-07-09T23:06:14,QAQ,44.550000000000004,3.2400000000000206,-0.31499999999995226,6.0,1283.7,20.4,65.9,0.71,2.13,6.17,1,PM25
2025-07-09T23:07:14,QAQ,44.550000000000004,3.0599999999999796,-0.525,6.0,1282.0,20.4,65.9,0.77,2.2,5.95,1,PM25
2025-07-09T23:08:14,QAQ,44.76999999999993,2.6099999999999794,-0.21000000000004768,6.1200000000001635,1281.3,20.4,66.3,0.67,1.6,3.33,1,PM25
2025-07-09T23:09:14,QAQ,46.96999999999993,2.7900000000000205,-0.10499999999990445,5.8799999999998365,1280.7,20.4,66.5,0.75,2.33,4.73,1,PM25
2025-07-09T23:10:14,QAQ,45.97999999999996,2.8799999999999386,-0.10500000000014321,5.520000000000164,1284.2,20.4,66.7,0.68,1.97,7.42,1,PM25
2025-07-09T23:11:14,QAQ,44.0,3.15,-0.525,5.880000000000109,1287.3,20.4,66.2,0.76,2.4,5.16,1,PM25
2025-07-09T23:12:14,QAQ,43.88999999999998,2.8799999999999386,0.0,5.640000000000055,1284.0,20.4,66.4,0.67,1.91,3.43,1,PM25
2025-07-09T23:13:14,QAQ,43.5599999999999,3.0599999999999796,-0.31499999999995226,5.759999999999946,1281.0,20.4,66.3,0.65,1.45,4.56,1,PM25
2025-07-09T23:14:14,QAQ,43.230000000000075,3.0599999999999796,-0.42000000000009546,5.880000000000109,1284.1,20.4,65.7,0.72,2.09,3.54,1,PM25
2025-07-09T23:15:14,QAQ,43.45,3.419999999999959,-0.9450000000000955,6.119999999999891,1283.2,20.4,65.5,0.69,1.77,3.46,1,PM25
2025-07-09T23:16:14,QAQ,42.57000000000005,2.519999999999959,-0.31499999999995226,6.0,1283.2,20.4,65.5,0.73,2.22,5.66,1,PM25
2025-07-09T23:17:14,QAQ,43.119999999999926,2.8800000000000407,-0.42000000000009546,6.0,1283.8,20.4,65.7,0.67,1.56,4.3,1,PM25
2025-07-09T23:18:14,QAQ,42.57000000000005,3.0599999999999796,-0.21000000000004768,5.640000000000055,1284.5,20.4,66.0,0.71,1.8,2.35,1,PM25
2025-07-09T23:19:14,QAQ,42.78999999999998,3.0599999999999796,-0.734999999999809,6.0,1282.6,20.4,65.7,0.62,1.52,2.63,1,PM25
2025-07-09T23:20:14,QAQ,43.56000000000003,2.7899999999999183,-0.21000000000004768,5.880000000000109,1286.8,20.4,66.0,0.65,1.67,3.88,1,PM25
2025-07-09T23:21:14,QAQ,45.32000000000006,2.7900000000000205,-0.31499999999995226,5.640000000000055,1283.2,20.4,66.0,0.72,1.49,2.07,1,PM25
2025-07-09T23:22:14,QAQ,43.8900000000001,3.6900000000000204,-0.8399999999999523,6.119999999999891,1283.9,20.4,65.2,0.65,1.87,4.11,1,PM25
2025-07-09T23:23:14,QAQ,41.910000000000025,3.0599999999999796,-0.42000000000009546,5.880000000000109,1283.1,20.4,65.3,0.54,1.06,2.53,1,PM25
2025-07-09T23:24:14,QAQ,42.02000000000005,3.5099999999999794,-0.6299999999999045,6.0,1282.6,20.4,65.0,0.61,1.51,1.96,1,PM25
2025-07-09T23:25:14,QAQ,42.56999999999993,2.7900000000000205,-0.525,6.119999999999891,1281.8,20.3,65.3,0.68,2.25,4.6,1,PM25
2025-07-09T23:26:14,QAQ,41.36000000000003,3.0599999999999796,-0.42000000000009546,5.880000000000109,1281.0,20.3,65.6,0.65,1.59,3.29,1,PM25
2025-07-09T23:27:14,QAQ,41.800000000000004,3.2400000000000206,-0.525,6.0,1283.1,20.3,65.3,0.69,1.95,3.68,1,PM25
2025-07-09T23:28:14,QAQ,41.909999999999904,3.0599999999999796,-0.31499999999995226,5.880000000000109,1282.4,20.3,65.3,0.59,1.46,2.95,1,PM25
2025-07-09T23:29:14,QAQ,41.25,2.9700000000000615,-0.315000000000191,5.640000000000055,1281.3,20.3,66.0,0.58,1.58,5.37,1,PM25
2025-07-09T23:30:14,QAQ,43.120000000000054,3.5099999999999794,-1.05,6.0,1283.2,20.3,65.1,0.62,1.74,4.5,1,PM25
2025-07-09T23:31:14,QAQ,41.13999999999998,2.7,0.0,5.880000000000109,1282.9,20.3,65.8,0.63,1.95,4.1,1,PM25
2025-07-09T23:32:14,QAQ,43.45,2.9700000000000615,-0.21000000000004768,5.759999999999946,1280.0,20.3,66.5,0.63,1.84,4.41,1,PM25
2025-07-09T23:33:14,QAQ,45.98000000000008,2.6099999999999794,0.209999999999809,5.520000000000164,1288.1,20.3,66.9,0.6,1.47,4.0,1,PM25
2025-07-09T23:34:14,QAQ,42.78999999999998,3.5099999999999794,-0.315000000000191,5.640000000000055,1283.2,20.3,66.6,0.65,1.84,4.48,1,PM25
2025-07-09T23:35:14,QAQ,42.12999999999996,3.0600000000000818,-0.525,6.0,1285.6,20.2,66.0,0.66,1.75,2.6,1,PM25
2025-07-09T23:36:14,QAQ,41.909999999999904,2.9699999999999593,-0.21000000000004768,6.0,1280.7,20.2,66.4,0.59,1.74,4.74,1,PM25
2025-07-09T23:37:14,QAQ,44.220000000000056,2.7899999999999183,-0.525,5.759999999999946,1282.4,20.2,66.5,0.59,1.65,3.75,1,PM25
2025-07-09T23:38:14,QAQ,43.339999999999975,3.0599999999999796,-0.10500000000014321,5.880000000000109,1282.8,20.2,66.7,0.59,1.75,3.94,1,PM25
2025-07-09T23:39:14,QAQ,42.679999999999964,3.330000000000041,-0.41999999999985677,5.8799999999998365,1282.5,20.2,66.3,0.69,1.99,4.72,1,PM25
2025-07-09T23:40:14,QAQ,42.900000000000006,2.6099999999999794,-0.10499999999990445,5.8799999999998365,1279.9,20.1,66.5,0.64,2.01,3.62,1,PM25
2025-07-09T23:41:14,QAQ,40.370000000000054,2.7900000000000205,-0.315000000000191,6.0,1276.9,20.1,66.8,0.65,1.83,3.02,1,PM25
2025-07-09T23:42:14,QAQ,43.22999999999996,2.7,0.0,5.759999999999946,1278.4,20.1,67.4,0.6,1.64,4.05,1,PM25
2025-07-09T23:43:14,QAQ,41.470000000000056,3.329999999999939,-0.525,5.880000000000109,1279.6,20.0,66.9,0.57,1.45,2.26,1,PM25
2025-07-09T23:44:14,QAQ,41.13999999999998,2.7900000000000205,-0.31499999999995226,5.880000000000109,1280.2,20.0,67.1,0.64,1.93,4.4,1,PM25
2025-07-09T23:45:14,QAQ,39.6,2.8799999999999386,-0.31499999999995226,6.1200000000001635,1278.8,20.0,66.8,0.57,1.39,3.31,1,PM25
2025-07-09T23:46:14,QAQ,41.689999999999976,2.7900000000000205,0.21000000000004768,5.8799999999998365,1279.2,20.0,67.4,0.53,1.48,3.26,1,PM25
2025-07-09T23:47:14,QAQ,41.690000000000104,2.7900000000000205,0.10500000000014321,5.51999999999989,1276.6,19.9,68.0,0.6,1.75,2.65,1,PM25
2025-07-09T23:48:14,QAQ,41.13999999999998,2.429999999999939,0.0,6.0,1278.0,19.9,67.8,0.69,2.13,5.33,1,PM25
2025-07-09T23:49:14,QAQ,43.120000000000054,2.7900000000000205,0.315000000000191,5.51999999999989,1279.2,19.9,68.4,0.62,1.74,3.33,1,PM25
2025-07-09T23:50:14,QAQ,43.120000000000054,3.6,-0.42000000000009546,5.640000000000055,1279.5,19.8,67.9,0.64,1.84,4.12,1,PM25
2025-07-09T23:51:14,QAQ,41.02999999999996,2.25,0.0,6.0,1278.8,19.8,67.6,0.66,2.07,3.66,1,PM25
2025-07-09T23:52:14,QAQ,43.22999999999996,2.5200000000000613,0.21000000000004768,5.51999999999989,1279.4,19.8,69.0,0.65,1.73,5.64,1,PM25
2025-07-09T23:53:14,QAQ,42.900000000000006,2.9700000000000615,0.10500000000014321,5.51999999999989,1281.0,19.8,68.8,0.69,1.81,3.14,1,PM25
2025-07-09T23:54:14,QAQ,42.900000000000006,2.9699999999999593,-0.41999999999985677,5.759999999999946,1278.2,19.7,67.9,0.64,1.65,3.93,1,PM25
2025-07-09T23:55:14,QAQ,43.45,2.8799999999999386,-0.21000000000004768,5.880000000000109,1279.2,19.7,67.8,0.57,1.83,4.84,1,PM25
2025-07-09T23:56:14,QAQ,42.68000000000008,2.8800000000000407,-0.10499999999990445,5.759999999999946,1275.2,19.7,68.3,0.74,2.32,5.05,1,PM25
2025-07-09T23:57:14,QAQ,45.98000000000008,2.3400000000000207,0.42000000000009546,5.759999999999946,1278.9,19.7,68.9,0.64,1.92,3.55,1,PM25
2025-07-09T23:58:14,QAQ,46.42000000000005,2.6099999999999794,0.525,5.51999999999989,1277.7,19.6,69.4,0.64,2.07,7.07,1,PM25
2025-07-09T23:59:14,QAQ,45.97999999999996,2.7899999999999183,0.10499999999990445,5.640000000000055,1278.7,19.6,69.4,0.61,1.57,2.68,1,PM25
2025-07-10T00:00:14,QAQ,44.550000000000004,2.4300000000000406,0.6299999999999045,5.640000000000055,1280.1,19.6,69.8,0.6,1.48,2.28,1,PM25
2025-07-10T00:01:14,QAQ,45.31999999999993,2.7900000000000205,0.41999999999985677,5.280000000000109,1278.8,19.6,70.0,0.61,2.04,4.69,1,PM25
2025-07-10T00:02:14,QAQ,44.11000000000003,2.7900000000000205,0.209999999999809,5.760000000000218,1279.8,19.6,69.4,0.65,2.03,4.56,1,PM25
2025-07-10T00:03:14,QAQ,43.339999999999975,2.429999999999939,-0.10499999999990445,5.640000000000055,1281.0,19.5,69.3,0.63,1.81,5.66,1,PM25
2025-07-10T00:04:14,QAQ,45.2099999999999,2.4300000000000406,0.42000000000009546,5.640000000000055,1279.5,19.5,69.8,0.62,1.95,5.07,1,PM25
2025-07-10T00:05:14,QAQ,42.56999999999993,3.15,0.10500000000014321,5.640000000000055,1278.8,19.5,69.5,0.62,1.8,5.57,1,PM25
2025-07-10T00:06:14,QAQ,44.87999999999996,2.3400000000000207,0.21000000000004768,5.759999999999946,1276.7,19.5,69.4,0.6,1.73,5.8,1,PM25
2025-07-10T00:07:14,QAQ,43.120000000000054,2.6099999999999794,0.31499999999995226,5.640000000000055,1280.9,19.5,70.0,0.66,1.78,3.61,1,PM25
2025-07-10T00:08:14,QAQ,43.78000000000008,2.7900000000000205,0.41999999999985677,5.640000000000055,1281.1,19.5,70.1,0.65,1.86,4.97,1,PM25
2025-07-10T00:09:14,QAQ,45.43000000000008,3.15,-0.10500000000014321,5.760000000000218,1278.1,19.5,69.5,0.57,1.74,4.64,1,PM25
2025-07-10T00:10:14,QAQ,43.339999999999975,2.1599999999999797,0.10499999999990445,5.759999999999946,1281.6,19.4,69.6,0.68,1.73,3.26,1,PM25
2025-07-10T00:11:14,QAQ,43.120000000000054,2.6099999999999794,0.525,5.760000000000218,1283.1,19.4,70.4,0.67,2.34,8.47,1,PM25
2025-07-10T00:12:14,QAQ,44.9900000000001,3.0599999999999796,0.10500000000014321,5.51999999999989,1278.1,19.4,70.0,0.62,1.69,4.92,1,PM25
2025-07-10T00:13:14,QAQ,44.10999999999991,3.15,-0.525,5.759999999999946,1278.3,19.4,68.4,0.56,1.68,4.72,1,PM25
2025-07-10T00:14:14,QAQ,43.77999999999996,1.8900000000000206,0.42000000000009546,6.0,1279.7,19.4,69.5,0.64,1.73,4.36,1,PM25
2025-07-10T00:15:14,QAQ,42.78999999999998,3.6,-0.6300000000001432,5.760000000000218,1279.1,19.4,68.3,0.61,1.93,7.37,1,PM25
2025-07-10T00:16:14,QAQ,44.0,2.25,0.21000000000004768,6.0,1279.2,19.4,68.7,0.59,1.67,3.37,1,PM25
2025-07-10T00:17:14,QAQ,42.35,2.3400000000000207,0.525,5.759999999999946,1279.8,19.4,69.8,0.61,1.98,5.34,1,PM25
2025-07-10T00:18:14,QAQ,44.87999999999996,2.0700000000000616,0.6299999999999045,5.280000000000109,1282.0,19.4,70.6,0.61,1.83,7.78,1,PM25
2025-07-10T00:19:14,QAQ,43.45,3.0600000000000818,-0.21000000000004768,5.520000000000164,1279.9,19.4,69.9,0.6,1.61,5.36,1,PM25
2025-07-10T00:20:14,QAQ,44.66000000000003,2.25,0.42000000000009546,5.640000000000055,1281.4,19.4,70.2,0.61,1.92,5.32,1,PM25
2025-07-10T00:21:14,QAQ,45.53999999999998,2.3400000000000207,0.41999999999985677,5.640000000000055,1281.5,19.4,70.7,0.61,1.88,4.62,1,PM25
2025-07-10T00:22:14,QAQ,45.21000000000003,2.3400000000000207,0.31499999999995226,5.759999999999946,1280.0,19.4,70.6,0.64,2.0,4.22,1,PM25
2025-07-10T00:23:14,QAQ,44.66000000000003,2.7,0.31499999999995226,5.51999999999989,1284.3,19.3,70.6,0.63,1.64,2.78,1,PM25
2025-07-10T00:24:14,QAQ,43.339999999999975,2.7900000000000205,0.0,6.0,1282.6,19.3,70.2,0.57,2.01,5.15,1,PM25
2025-07-10T00:25:14,QAQ,44.98999999999998,2.7,-0.10500000000014321,5.880000000000109,1278.8,19.3,69.7,0.63,1.92,3.81,1,PM25
2025-07-10T00:26:14,QAQ,43.56000000000003,2.339999999999918,0.10499999999990445,5.880000000000109,1279.4,19.3,70.3,0.64,1.9,3.42,1,PM25
2025-07-10T00:27:14,QAQ,43.339999999999975,2.6099999999999794,-0.10500000000014321,5.880000000000109,1280.4,19.3,70.2,0.65,1.86,2.64,1,PM25
2025-07-10T00:28:14,QAQ,43.119999999999926,2.4300000000000406,0.0,5.640000000000055,1281.2,19.3,70.3,0.63,1.69,6.25,1,PM25
2025-07-10T00:29:14,QAQ,42.57000000000005,2.6099999999999794,0.31499999999995226,5.760000000000218,1279.9,19.3,70.4,0.66,1.96,3.94,1,PM25
2025-07-10T00:30:14,QAQ,42.02000000000005,2.3400000000000207,0.31499999999995226,5.760000000000218,1279.5,19.3,70.6,0.6,1.77,5.72,1,PM25
2025-07-10T00:31:14,QAQ,44.88000000000008,2.429999999999939,-0.10499999999990445,5.640000000000055,1280.9,19.3,70.7,0.64,1.87,8.02,1,PM25
2025-07-10T00:32:14,QAQ,42.2400000000001,3.2400000000000206,0.0,5.8799999999998365,1280.7,19.3,70.3,0.65,1.92,4.74,1,PM25
2025-07-10T00:33:14,QAQ,42.68000000000008,2.9700000000000615,-0.41999999999985677,6.239999999999782,1277.8,19.2,69.5,0.58,1.63,3.07,1,PM25
2025-07-10T00:34:14,QAQ,41.25,2.1599999999999797,0.10499999999990445,6.240000000000054,1277.7,19.2,69.7,0.62,2.0,4.41,1,PM25
2025-07-10T00:35:14,QAQ,42.35,2.429999999999939,-0.10499999999990445,6.0,1279.5,19.2,70.1,0.59,1.94,5.47,1,PM25
2025-07-10T00:36:14,QAQ,41.910000000000025,2.7,-0.10499999999990445,6.0,1281.6,19.2,70.1,0.64,2.15,6.64,1,PM25
2025-07-10T00:37:14,QAQ,42.46000000000003,2.4300000000000406,0.10500000000014321,5.8799999999998365,1279.5,19.2,70.3,0.66,1.76,5.92,1,PM25
2025-07-10T00:38:14,QAQ,42.900000000000006,2.519999999999959,0.21000000000004768,5.880000000000109,1277.7,19.2,70.5,0.6,2.04,5.5,1,PM25
2025-07-10T00:39:14,QAQ,42.57000000000005,2.519999999999959,0.0,5.880000000000109,1276.6,19.2,70.5,0.66,2.02,4.79,1,PM25
2025-07-10T00:40:14,QAQ,41.470000000000056,2.8800000000000407,0.0,5.880000000000109,1277.6,19.2,70.4,0.59,1.89,4.21,1,PM25
2025-07-10T00:41:14,QAQ,40.91999999999993,1.9800000000000406,0.31499999999995226,5.759999999999946,1279.7,19.1,71.0,0.61,1.62,4.06,1,PM25
2025-07-10T00:42:14,QAQ,41.909999999999904,2.6099999999999794,0.31499999999995226,5.640000000000055,1281.4,19.1,71.2,0.68,2.12,3.71,1,PM25
2025-07-10T00:43:14,QAQ,41.689999999999976,2.6099999999999794,0.0,5.759999999999946,1279.0,19.1,70.8,0.64,2.04,4.49,1,PM25
2025-07-10T00:44:14,QAQ,41.58000000000008,2.4300000000000406,0.10499999999990445,6.0,1277.9,19.1,70.6,0.61,1.92,6.55,1,PM25
2025-07-10T00:45:14,QAQ,42.4599999999999,2.429999999999939,0.31499999999995226,5.640000000000055,1277.8,19.1,71.3,0.63,1.91,5.61,1,PM25
2025-07-10T00:46:14,QAQ,42.57000000000005,2.7,0.10500000000014321,5.639999999999781,1278.3,19.1,71.0,0.63,2.0,3.78,1,PM25
2025-07-10T00:47:14,QAQ,40.92000000000005,2.1599999999999797,0.0,5.759999999999946,1279.9,19.1,71.0,0.61,1.68,3.7,1,PM25
2025-07-10T00:48:14,QAQ,42.2400000000001,2.069999999999959,0.41999999999985677,5.880000000000109,1277.5,19.1,71.8,0.63,1.99,6.82,1,PM25
2025-07-10T00:49:14,QAQ,41.910000000000025,2.7900000000000205,0.10500000000014321,5.759999999999946,1280.7,19.1,71.1,0.6,1.95,3.98,1,PM25
2025-07-10T00:50:14,QAQ,43.45,2.25,0.525,5.520000000000164,1282.3,19.1,71.9,0.6,1.9,5.88,1,PM25
2025-07-10T00:51:14,QAQ,42.46000000000003,2.339999999999918,-0.315000000000191,6.1200000000001635,1280.4,19.0,70.9,0.58,1.94,6.32,1,PM25
2025-07-10T00:52:14,QAQ,42.679999999999964,2.069999999999959,0.6299999999999045,5.51999999999989,1282.3,19.0,72.5,0.62,2.19,5.6,1,PM25
2025-07-10T00:53:14,QAQ,42.02000000000005,2.25,0.41999999999985677,5.520000000000164,1281.6,19.0,72.3,0.63,2.12,5.31,1,PM25
2025-07-10T00:54:14,QAQ,43.3400000000001,1.9800000000000406,0.525,5.639999999999781,1282.9,19.0,72.5,0.66,2.54,6.46,1,PM25
2025-07-10T00:55:14,QAQ,43.67000000000005,2.9700000000000615,-0.21000000000004768,5.759999999999946,1278.8,19.0,72.0,0.6,1.79,3.89,1,PM25
2025-07-10T00:56:14,QAQ,43.67000000000005,2.3400000000000207,0.41999999999985677,5.640000000000055,1278.1,19.0,72.6,0.63,1.53,3.44,1,PM25
2025-07-10T00:57:14,QAQ,43.230000000000075,2.519999999999959,-0.10500000000014321,5.759999999999946,1280.1,19.0,71.8,0.66,2.09,4.8,1,PM25
2025-07-10T00:58:14,QAQ,41.800000000000004,2.5200000000000613,0.31499999999995226,5.759999999999946,1280.7,19.0,72.1,0.62,1.92,4.95,1,PM25
2025-07-10T00:59:14,QAQ,41.46999999999993,2.519999999999959,-0.10499999999990445,5.8799999999998365,1281.2,18.9,71.8,0.63,2.24,4.95,1,PM25
2025-07-10T01:00:14,QAQ,41.46999999999993,1.7099999999999795,0.6299999999999045,5.640000000000055,1280.4,18.9,72.5,0.58,1.49,2.18,1,PM25
2025-07-10T01:01:14,QAQ,44.21999999999993,2.7,0.10500000000014321,5.639999999999781,1279.1,18.9,72.3,0.59,1.91,5.23,1,PM25
2025-07-10T01:02:14,QAQ,42.2400000000001,2.3400000000000207,0.10500000000014321,5.3999999999999995,1282.2,18.9,72.6,0.59,1.9,7.74,1,PM25
2025-07-10T01:03:14,QAQ,41.57999999999996,2.3400000000000207,0.6299999999999045,5.520000000000164,1282.9,18.9,72.9,0.62,1.67,2.27,1,PM25
2025-07-10T01:04:14,QAQ,42.35,3.0599999999999796,-0.31499999999995226,5.640000000000055,1280.6,18.9,72.0,0.62,2.22,4.69,1,PM25
2025-07-10T01:05:14,QAQ,40.91999999999993,2.1599999999999797,0.21000000000004768,5.640000000000055,1277.4,18.9,72.0,0.6,1.85,4.19,1,PM25
2025-07-10T01:06:14,QAQ,42.57000000000005,1.9799999999999387,0.6299999999999045,5.3999999999999995,1279.3,18.9,73.0,0.6,1.58,3.9,1,PM25
